{"mean":{"confidence_interval":{"confidence_level":0.95,"lower_bound":468938.6402499998,"upper_bound":470500.5185681821},"point_estimate":469590.63454545446,"standard_error":406.8557859151308},"median":{"confidence_interval":{"confidence_level":0.95,"lower_bound":468411.13636363635,"upper_bound":469208.11363636365},"point_estimate":468885.90909090906,"standard_error":198.36744909444772},"median_abs_dev":{"confidence_interval":{"confidence_level":0.95,"lower_bound":1195.9864424033676,"upper_bound":2054.917258972483},"point_estimate":1655.5250433358121,"standard_error":218.23976614156481},"slope":null,"std_dev":{"confidence_interval":{"confidence_level":0.95,"lower_bound":1685.6860063878366,"upper_bound":6466.4003863583275},"point_estimate":4087.427592776722,"standard_error":1513.376479086382}}