{"mean":{"confidence_interval":{"confidence_level":0.95,"lower_bound":640732.7204999999,"upper_bound":641595.84396875},"point_estimate":641093.225,"standard_error":223.05407050920226},"median":{"confidence_interval":{"confidence_level":0.95,"lower_bound":640523.3125,"upper_bound":641010.5},"point_estimate":640737.1875,"standard_error":99.69842608460266},"median_abs_dev":{"confidence_interval":{"confidence_level":0.95,"lower_bound":638.212957419455,"upper_bound":1134.9302798509598},"point_estimate":910.2700525894761,"standard_error":124.29624797186666},"slope":null,"std_dev":{"confidence_interval":{"confidence_level":0.95,"lower_bound":987.5120789503968,"upper_bound":3532.3809501541327},"point_estimate":2239.226382477288,"standard_error":823.1660550560684}}