{"mean":{"confidence_interval":{"confidence_level":0.95,"lower_bound":513399.8283874999,"upper_bound":514026.5630625002},"point_estimate":513700.6120000001,"standard_error":160.05128522199837},"median":{"confidence_interval":{"confidence_level":0.95,"lower_bound":513119.85,"upper_bound":513527.1},"point_estimate":513303.7,"standard_error":112.22085874948506},"median_abs_dev":{"confidence_interval":{"confidence_level":0.95,"lower_bound":935.038738399813,"upper_bound":1733.4216041006816},"point_estimate":1300.4255019128323,"standard_error":209.7338599572801},"slope":null,"std_dev":{"confidence_interval":{"confidence_level":0.95,"lower_bound":1258.2795182232196,"upper_bound":1980.8548725253454},"point_estimate":1607.7807591525063,"standard_error":188.29741836649438}}