{"mean":{"confidence_interval":{"confidence_level":0.95,"lower_bound":483088.8436666668,"upper_bound":484630.95261904754},"point_estimate":483716.77714285714,"standard_error":402.5640367916984},"median":{"confidence_interval":{"confidence_level":0.95,"lower_bound":482638.5714285714,"upper_bound":483279.0714285714},"point_estimate":482949.64285714284,"standard_error":175.259304461945},"median_abs_dev":{"confidence_interval":{"confidence_level":0.95,"lower_bound":1115.0916802031736,"upper_bound":1974.858464939264},"point_estimate":1679.9269701753324,"standard_error":222.01853558401754},"slope":null,"std_dev":{"confidence_interval":{"confidence_level":0.95,"lower_bound":1566.428811262948,"upper_bound":6463.599922342912},"point_estimate":4038.694435018894,"standard_error":1592.4099089223155}}