{"mean":{"confidence_interval":{"confidence_level":0.95,"lower_bound":773906.2907500002,"upper_bound":775652.3609038462},"point_estimate":774747.9215384615,"standard_error":446.08304690197406},"median":{"confidence_interval":{"confidence_level":0.95,"lower_bound":772744.8461538461,"upper_bound":774089.6153846154},"point_estimate":773526.6923076923,"standard_error":347.7660867450676},"median_abs_dev":{"confidence_interval":{"confidence_level":0.95,"lower_bound":2479.9905944328775,"upper_bound":4178.993141192749},"point_estimate":3455.199238657865,"standard_error":442.4245509309816},"slope":null,"std_dev":{"confidence_interval":{"confidence_level":0.95,"lower_bound":3505.799784768179,"upper_bound":5408.372342301443},"point_estimate":4492.507760722757,"standard_error":487.50238236983864}}