{"mean":{"confidence_interval":{"confidence_level":0.95,"lower_bound":637724.986703125,"upper_bound":638329.2975},"point_estimate":638004.766875,"standard_error":154.71252582022663},"median":{"confidence_interval":{"confidence_level":0.95,"lower_bound":637380.0,"upper_bound":638053.78125},"point_estimate":637732.53125,"standard_error":174.2865877876702},"median_abs_dev":{"confidence_interval":{"confidence_level":0.95,"lower_bound":796.9889900693671,"upper_bound":1306.1705768108368},"point_estimate":1023.9206068217754,"standard_error":126.44287183626221},"slope":null,"std_dev":{"confidence_interval":{"confidence_level":0.95,"lower_bound":1035.958208655247,"upper_bound":2147.281051362694},"point_estimate":1555.2384885103181,"standard_error":317.92136096814255}}