{"mean":{"confidence_interval":{"confidence_level":0.95,"lower_bound":549965.8939583333,"upper_bound":551558.6829861111},"point_estimate":550636.5866666668,"standard_error":413.6129363781129},"median":{"confidence_interval":{"confidence_level":0.95,"lower_bound":549771.5277777778,"upper_bound":550190.6111111111},"point_estimate":549966.6111111111,"standard_error":110.07034224568788},"median_abs_dev":{"confidence_interval":{"confidence_level":0.95,"lower_bound":926.705291047786,"upper_bound":1847.1548338730938},"point_estimate":1362.427009145409,"standard_error":232.66235927138752},"slope":null,"std_dev":{"confidence_interval":{"confidence_level":0.95,"lower_bound":1277.6778870098617,"upper_bound":6576.242500860335},"point_estimate":4176.904770205623,"standard_error":1472.3708488756843}}