{"mean":{"confidence_interval":{"confidence_level":0.95,"lower_bound":590761.6331764704,"upper_bound":591875.2906617648},"point_estimate":591273.462352941,"standard_error":284.6061019137588},"median":{"confidence_interval":{"confidence_level":0.95,"lower_bound":590319.0588235294,"upper_bound":591617.8823529412},"point_estimate":590709.4705882353,"standard_error":286.01006873315674},"median_abs_dev":{"confidence_interval":{"confidence_level":0.95,"lower_bound":1842.6973437562115,"upper_bound":2827.4925733313435},"point_estimate":2288.3494534913334,"standard_error":240.93370657059464},"slope":null,"std_dev":{"confidence_interval":{"confidence_level":0.95,"lower_bound":1896.4502404815407,"upper_bound":4029.022675447964},"point_estimate":2867.542291512412,"standard_error":639.5579542749907}}