{"mean":{"confidence_interval":{"confidence_level":0.95,"lower_bound":614104.2464117646,"upper_bound":615158.4758235294},"point_estimate":614582.9235294119,"standard_error":270.6079959244806},"median":{"confidence_interval":{"confidence_level":0.95,"lower_bound":613819.4117647059,"upper_bound":614206.9117647059},"point_estimate":614037.1764705882,"standard_error":112.9570840190567},"median_abs_dev":{"confidence_interval":{"confidence_level":0.95,"lower_bound":915.6799072728031,"upper_bound":1657.0671058753212},"point_estimate":1293.0888123371412,"standard_error":200.04786362721543},"slope":null,"std_dev":{"confidence_interval":{"confidence_level":0.95,"lower_bound":1410.0312161803838,"upper_bound":3840.6724676870886},"point_estimate":2713.020436388155,"standard_error":622.2919005863106}}