{"mean":{"confidence_interval":{"confidence_level":0.95,"lower_bound":476589.41628409055,"upper_bound":478087.99493181804},"point_estimate":477235.7336363636,"standard_error":385.179549438615},"median":{"confidence_interval":{"confidence_level":0.95,"lower_bound":476287.36363636365,"upper_bound":477214.54545454547},"point_estimate":476795.5681818182,"standard_error":286.047745385223},"median_abs_dev":{"confidence_interval":{"confidence_level":0.95,"lower_bound":1587.662399086101,"upper_bound":2525.406882437765},"point_estimate":2041.1021228541224,"standard_error":231.46280237370075},"slope":null,"std_dev":{"confidence_interval":{"confidence_level":0.95,"lower_bound":1757.8929471172949,"upper_bound":5939.881262362213},"point_estimate":3860.0819473485626,"standard_error":1225.9295499020623}}