{"mean":{"confidence_interval":{"confidence_level":0.95,"lower_bound":572705.6907083337,"upper_bound":576346.1068194443},"point_estimate":574038.2866666669,"standard_error":1036.8640882889024},"median":{"confidence_interval":{"confidence_level":0.95,"lower_bound":572348.7777777778,"upper_bound":573393.5},"point_estimate":572639.5555555555,"standard_error":279.5971403139157},"median_abs_dev":{"confidence_interval":{"confidence_level":0.95,"lower_bound":1600.0548382600532,"upper_bound":2669.8855946834806},"point_estimate":2204.173144201428,"standard_error":265.1724210624699},"slope":null,"std_dev":{"confidence_interval":{"confidence_level":0.95,"lower_bound":1872.6577226994802,"upper_bound":17533.721924411384},"point_estimate":10350.98573666819,"standard_error":5494.747231651293}}