{"mean":{"confidence_interval":{"confidence_level":0.95,"lower_bound":812153.2689615382,"upper_bound":813708.1212115387},"point_estimate":812905.4600000003,"standard_error":396.7847061471092},"median":{"confidence_interval":{"confidence_level":0.95,"lower_bound":811524.6923076923,"upper_bound":813012.5384615385},"point_estimate":812155.8846153846,"standard_error":358.71173660277077},"median_abs_dev":{"confidence_interval":{"confidence_level":0.95,"lower_bound":2374.326834770296,"upper_bound":3610.0168897556086},"point_estimate":3026.727846264839,"standard_error":311.55828300637097},"slope":null,"std_dev":{"confidence_interval":{"confidence_level":0.95,"lower_bound":3131.7339564478566,"upper_bound":4795.610665935923},"point_estimate":3990.445138477819,"standard_error":426.2261484163132}}