{"mean":{"confidence_interval":{"confidence_level":0.95,"lower_bound":1.251778310678214,"upper_bound":1.255558985145839},"point_estimate":1.2534333263854363,"standard_error":0.0009748230406791291},"median":{"confidence_interval":{"confidence_level":0.95,"lower_bound":1.2504717850222038,"upper_bound":1.2511801334637256},"point_estimate":1.2508897432363086,"standard_error":0.0001761377082831854},"median_abs_dev":{"confidence_interval":{"confidence_level":0.95,"lower_bound":0.0011509484506830787,"upper_bound":0.0020488798325026193},"point_estimate":0.0016265423651235357,"standard_error":0.00022611356276465094},"slope":{"confidence_interval":{"confidence_level":0.95,"lower_bound":1.2516867104427953,"upper_bound":1.2543489508575552},"point_estimate":1.2529121416530105,"standard_error":0.0006816534649212737},"std_dev":{"confidence_interval":{"confidence_level":0.95,"lower_bound":0.0037721549580441126,"upper_bound":0.014545566967581166},"point_estimate":0.009761198273963038,"standard_error":0.002815120970551948}}