{"mean":{"confidence_interval":{"confidence_level":0.95,"lower_bound":340.4361201881481,"upper_bound":341.5329875673947},"point_estimate":340.8844568026096,"standard_error":0.2873855646486068},"median":{"confidence_interval":{"confidence_level":0.95,"lower_bound":340.2051559792028,"upper_bound":340.4961514935263},"point_estimate":340.33044941450487,"standard_error":0.07297773369139443},"median_abs_dev":{"confidence_interval":{"confidence_level":0.95,"lower_bound":0.43973092980153233,"upper_bound":0.7031573961737441},"point_estimate":0.5756736094220077,"standard_error":0.06721764841394913},"slope":{"confidence_interval":{"confidence_level":0.95,"lower_bound":340.3597165574204,"upper_bound":340.7059919400504},"point_estimate":340.5179242675037,"standard_error":0.08846557194633115},"std_dev":{"confidence_interval":{"confidence_level":0.95,"lower_bound":0.7957406607163588,"upper_bound":4.631856135887161},"point_estimate":2.882400320811476,"standard_error":1.11387828014317}}