{"mean":{"confidence_interval":{"confidence_level":0.95,"lower_bound":2.802919933506187,"upper_bound":2.811946238150205},"point_estimate":2.8069294030846885,"standard_error":0.002318627491020574},"median":{"confidence_interval":{"confidence_level":0.95,"lower_bound":2.7982946015307655,"upper_bound":2.8014653492499137},"point_estimate":2.800100562633157,"standard_error":0.0007593354166595315},"median_abs_dev":{"confidence_interval":{"confidence_level":0.95,"lower_bound":0.002899811966234145,"upper_bound":0.006590878797168721},"point_estimate":0.004562234035619496,"standard_error":0.0009190338887505636},"slope":{"confidence_interval":{"confidence_level":0.95,"lower_bound":2.8027577024068924,"upper_bound":2.8084933121482667},"point_estimate":2.8054211566592153,"standard_error":0.0014662084908923742},"std_dev":{"confidence_interval":{"confidence_level":0.95,"lower_bound":0.010495199716092302,"upper_bound":0.03418299187359002},"point_estimate":0.023270317384823817,"standard_error":0.006164221794239987}}