{"mean":{"confidence_interval":{"confidence_level":0.95,"lower_bound":2.8016693538777946,"upper_bound":2.8066925573670534},"point_estimate":2.8038902216327473,"standard_error":0.0012917940571777673},"median":{"confidence_interval":{"confidence_level":0.95,"lower_bound":2.799489287057,"upper_bound":2.8007160530229616},"point_estimate":2.8000270108855148,"standard_error":0.00029696167975810423},"median_abs_dev":{"confidence_interval":{"confidence_level":0.95,"lower_bound":0.0017088203732456993,"upper_bound":0.0032201726259916824},"point_estimate":0.002326122096039093,"standard_error":0.0003538335916806323},"slope":{"confidence_interval":{"confidence_level":0.95,"lower_bound":2.801876363057747,"upper_bound":2.807027433664835},"point_estimate":2.8042274081222356,"standard_error":0.0013227682904669964},"std_dev":{"confidence_interval":{"confidence_level":0.95,"lower_bound":0.006480149068619797,"upper_bound":0.01900890050356942},"point_estimate":0.012910015025356011,"standard_error":0.0033628727589705906}}