{"mean":{"confidence_interval":{"confidence_level":0.95,"lower_bound":2.799999931627676,"upper_bound":2.806882229946902},"point_estimate":2.8029569321432977,"standard_error":0.0017789144234148205},"median":{"confidence_interval":{"confidence_level":0.95,"lower_bound":2.7975985077053647,"upper_bound":2.799293746866184},"point_estimate":2.7984997610881597,"standard_error":0.00045224830334352764},"median_abs_dev":{"confidence_interval":{"confidence_level":0.95,"lower_bound":0.002724901806186732,"upper_bound":0.004837762523276453},"point_estimate":0.0036821916852882368,"standard_error":0.0005391634771853364},"slope":{"confidence_interval":{"confidence_level":0.95,"lower_bound":2.800902183574398,"upper_bound":2.805930114945227},"point_estimate":2.803243223812905,"standard_error":0.0012878115431542033},"std_dev":{"confidence_interval":{"confidence_level":0.95,"lower_bound":0.007467271853880317,"upper_bound":0.027631525629238617},"point_estimate":0.017935775004631192,"standard_error":0.005856410903589831}}