{"mean":{"confidence_interval":{"confidence_level":0.95,"lower_bound":2.800873811942069,"upper_bound":2.8071291382198336},"point_estimate":2.803494715546519,"standard_error":0.0016229249383670585},"median":{"confidence_interval":{"confidence_level":0.95,"lower_bound":2.7985552934532736,"upper_bound":2.8008775015729603},"point_estimate":2.800124374569876,"standard_error":0.0006366943853370621},"median_abs_dev":{"confidence_interval":{"confidence_level":0.95,"lower_bound":0.0034519788303638927,"upper_bound":0.005955473175649108},"point_estimate":0.00500927134603288,"standard_error":0.0006445987012926402},"slope":{"confidence_interval":{"confidence_level":0.95,"lower_bound":2.8014247973286723,"upper_bound":2.80597162136448},"point_estimate":2.803500330479395,"standard_error":0.0011699420109205771},"std_dev":{"confidence_interval":{"confidence_level":0.95,"lower_bound":0.005998332305558452,"upper_bound":0.02572071708514922},"point_estimate":0.016323867301098468,"standard_error":0.005826862068458373}}