{"mean":{"confidence_interval":{"confidence_level":0.95,"lower_bound":5.252032121862231,"upper_bound":5.25873869932993},"point_estimate":5.255088209469858,"standard_error":0.0017190485614070308},"median":{"confidence_interval":{"confidence_level":0.95,"lower_bound":5.250087781609592,"upper_bound":5.254849424701179},"point_estimate":5.252485799947106,"standard_error":0.0013232522346078332},"median_abs_dev":{"confidence_interval":{"confidence_level":0.95,"lower_bound":0.0077213912469173305,"upper_bound":0.011203186057260155},"point_estimate":0.009757801354822496,"standard_error":0.0008924581101923204},"slope":{"confidence_interval":{"confidence_level":0.95,"lower_bound":5.252518619080398,"upper_bound":5.258055380758068},"point_estimate":5.25516979374697,"standard_error":0.0014113979091144207},"std_dev":{"confidence_interval":{"confidence_level":0.95,"lower_bound":0.009482227579492035,"upper_bound":0.023671513963326746},"point_estimate":0.017123701987409885,"standard_error":0.0036701293076511665}}