{"mean":{"confidence_interval":{"confidence_level":0.95,"lower_bound":5407.897419622996,"upper_bound":5423.008780729577},"point_estimate":5413.991841176475,"standard_error":3.956471997001172},"median":{"confidence_interval":{"confidence_level":0.95,"lower_bound":5406.664789406363,"upper_bound":5412.334017215597},"point_estimate":5409.926170360471,"standard_error":1.5707896355733435},"median_abs_dev":{"confidence_interval":{"confidence_level":0.95,"lower_bound":9.130036387382876,"upper_bound":14.682604716314424},"point_estimate":12.004930095749929,"standard_error":1.400016420507366},"slope":{"confidence_interval":{"confidence_level":0.95,"lower_bound":5410.1785557642825,"upper_bound":5419.767905382273},"point_estimate":5414.574593156774,"standard_error":2.453847256468255},"std_dev":{"confidence_interval":{"confidence_level":0.95,"lower_bound":13.555296872978998,"upper_bound":64.10076191043183},"point_estimate":39.59185752246264,"standard_error":16.087853760557223}}