{"mean":{"confidence_interval":{"confidence_level":0.95,"lower_bound":4292.348192303114,"upper_bound":4303.859072674057},"point_estimate":4297.4456969856055,"standard_error":2.951415698309887},"median":{"confidence_interval":{"confidence_level":0.95,"lower_bound":4288.862373011309,"upper_bound":4294.072468646071},"point_estimate":4291.847783687943,"standard_error":1.2210379972980958},"median_abs_dev":{"confidence_interval":{"confidence_level":0.95,"lower_bound":7.87407794531419,"upper_bound":12.343726503097942},"point_estimate":10.442012739074373,"standard_error":1.1232614113734531},"slope":{"confidence_interval":{"confidence_level":0.95,"lower_bound":4291.3783779090645,"upper_bound":4312.821815543516},"point_estimate":4300.213636766662,"standard_error":5.649618473120139},"std_dev":{"confidence_interval":{"confidence_level":0.95,"lower_bound":12.996374514473674,"upper_bound":44.030512335953176},"point_estimate":29.726659521227777,"standard_error":8.22425477343064}}