{"mean":{"confidence_interval":{"confidence_level":0.95,"lower_bound":6737.059086061404,"upper_bound":6758.220839499398},"point_estimate":6745.450192505359,"standard_error":5.611629612834756},"median":{"confidence_interval":{"confidence_level":0.95,"lower_bound":6730.685294117648,"upper_bound":6738.821666666667},"point_estimate":6734.900436767917,"standard_error":2.122147834009698},"median_abs_dev":{"confidence_interval":{"confidence_level":0.95,"lower_bound":8.888883279950395,"upper_bound":15.74930765960637},"point_estimate":11.825901110029356,"standard_error":1.6299489244566006},"slope":{"confidence_interval":{"confidence_level":0.95,"lower_bound":6731.86443452504,"upper_bound":6742.140284129509},"point_estimate":6736.376633761884,"standard_error":2.636210501335691},"std_dev":{"confidence_interval":{"confidence_level":0.95,"lower_bound":16.90272978001875,"upper_bound":92.24156040547454},"point_estimate":56.385665678544875,"standard_error":24.547373307187627}}