{"mean":{"confidence_interval":{"confidence_level":0.95,"lower_bound":3.4686861685921735,"upper_bound":3.474014509969439},"point_estimate":3.471082203251159,"standard_error":0.0013662096224312157},"median":{"confidence_interval":{"confidence_level":0.95,"lower_bound":3.4659737474081584,"upper_bound":3.4689637540084335},"point_estimate":3.467147529095819,"standard_error":0.0008620291359115724},"median_abs_dev":{"confidence_interval":{"confidence_level":0.95,"lower_bound":0.003530061249608868,"upper_bound":0.006712597714627151},"point_estimate":0.004844535256181868,"standard_error":0.0008183852847700343},"slope":{"confidence_interval":{"confidence_level":0.95,"lower_bound":3.4699543091595424,"upper_bound":3.4772242618376286},"point_estimate":3.4732730820366986,"standard_error":0.0018610275832957694},"std_dev":{"confidence_interval":{"confidence_level":0.95,"lower_bound":0.007392128696016399,"upper_bound":0.01934838366876684},"point_estimate":0.0137260306296416,"standard_error":0.003090389736624694}}