{"mean":{"confidence_interval":{"confidence_level":0.95,"lower_bound":3.108825150678992,"upper_bound":3.1476772712697114},"point_estimate":3.1240527984568858,"standard_error":0.010475545488237448},"median":{"confidence_interval":{"confidence_level":0.95,"lower_bound":3.107242311238176,"upper_bound":3.1086165230827545},"point_estimate":3.107933461269245,"standard_error":0.00032686003500357187},"median_abs_dev":{"confidence_interval":{"confidence_level":0.95,"lower_bound":0.002445471747182275,"upper_bound":0.0037963471684955637},"point_estimate":0.0029911122566709525,"standard_error":0.00033665082911659783},"slope":{"confidence_interval":{"confidence_level":0.95,"lower_bound":3.1086382003724764,"upper_bound":3.1114695057489037},"point_estimate":3.109872729714989,"standard_error":0.0007344799183655999},"std_dev":{"confidence_interval":{"confidence_level":0.95,"lower_bound":0.005099304143624982,"upper_bound":0.16928208689022448},"point_estimate":0.10509709057889816,"standard_error":0.045596219645905225}}