{"mean":{"confidence_interval":{"confidence_level":0.95,"lower_bound":3.108308535149492,"upper_bound":3.1101648206140746},"point_estimate":3.109192140702047,"standard_error":0.0004733084743109262},"median":{"confidence_interval":{"confidence_level":0.95,"lower_bound":3.107618836731103,"upper_bound":3.1088426062538943},"point_estimate":3.108377398590312,"standard_error":0.00031953632742130804},"median_abs_dev":{"confidence_interval":{"confidence_level":0.95,"lower_bound":0.002358228446744288,"upper_bound":0.0038060924031552996},"point_estimate":0.00315220382983245,"standard_error":0.00037903307350177105},"slope":{"confidence_interval":{"confidence_level":0.95,"lower_bound":3.1084884658415644,"upper_bound":3.1102232081657823},"point_estimate":3.10929269934253,"standard_error":0.00044176895267013634},"std_dev":{"confidence_interval":{"confidence_level":0.95,"lower_bound":0.0032579465714736803,"upper_bound":0.006116994917318661},"point_estimate":0.004770478544784186,"standard_error":0.0007314104547972532}}