{"mean":{"confidence_interval":{"confidence_level":0.95,"lower_bound":3.107896271002071,"upper_bound":3.1111880381293973},"point_estimate":3.109372316592356,"standard_error":0.0008437983505431559},"median":{"confidence_interval":{"confidence_level":0.95,"lower_bound":3.105965731261039,"upper_bound":3.108083120123645},"point_estimate":3.106895427234032,"standard_error":0.0005450906217687525},"median_abs_dev":{"confidence_interval":{"confidence_level":0.95,"lower_bound":0.0022520320894186875,"upper_bound":0.004738857895633477},"point_estimate":0.003399326256457768,"standard_error":0.0006012173911214058},"slope":{"confidence_interval":{"confidence_level":0.95,"lower_bound":3.1082051874178354,"upper_bound":3.11183112004231},"point_estimate":3.1098059241854763,"standard_error":0.0009317812574072684},"std_dev":{"confidence_interval":{"confidence_level":0.95,"lower_bound":0.004346937452632488,"upper_bound":0.012077349328002867},"point_estimate":0.008447918512365156,"standard_error":0.002011879613100888}}