{"mean":{"confidence_interval":{"confidence_level":0.95,"lower_bound":921.6441194369241,"upper_bound":923.417405485434},"point_estimate":922.502797076296,"standard_error":0.4503013917545688},"median":{"confidence_interval":{"confidence_level":0.95,"lower_bound":921.4020422291451,"upper_bound":923.0101087163838},"point_estimate":922.4260175848499,"standard_error":0.4498589330984142},"median_abs_dev":{"confidence_interval":{"confidence_level":0.95,"lower_bound":1.876624628816839,"upper_bound":2.9632025658546475},"point_estimate":2.293702319040111,"standard_error":0.27815432438382587},"slope":{"confidence_interval":{"confidence_level":0.95,"lower_bound":921.5053329405988,"upper_bound":922.6481710002577},"point_estimate":922.053848693978,"standard_error":0.29169668084562134},"std_dev":{"confidence_interval":{"confidence_level":0.95,"lower_bound":2.950359890572897,"upper_bound":6.03820589449702},"point_estimate":4.53159035561153,"standard_error":0.800146513695555}}