{"mean":{"confidence_interval":{"confidence_level":0.95,"lower_bound":1069.8503778483719,"upper_bound":1072.1328705474202},"point_estimate":1070.9644896890998,"standard_error":0.5835226744975035},"median":{"confidence_interval":{"confidence_level":0.95,"lower_bound":1069.3604633204634,"upper_bound":1071.3871993632556},"point_estimate":1070.1165986562405,"standard_error":0.5082463599034093},"median_abs_dev":{"confidence_interval":{"confidence_level":0.95,"lower_bound":3.3558214912392317,"upper_bound":5.030375204673285},"point_estimate":4.231885407663166,"standard_error":0.4158125973910465},"slope":{"confidence_interval":{"confidence_level":0.95,"lower_bound":1068.8851319921087,"upper_bound":1071.5404437072273},"point_estimate":1070.0620148494882,"standard_error":0.6814813172671492},"std_dev":{"confidence_interval":{"confidence_level":0.95,"lower_bound":4.503924425021442,"upper_bound":7.040490106062355},"point_estimate":5.8596617965775275,"standard_error":0.6462697335763641}}