{"mean":{"confidence_interval":{"confidence_level":0.95,"lower_bound":1015.8930441011507,"upper_bound":1018.9041467320624},"point_estimate":1017.2699740566798,"standard_error":0.7693248463596402},"median":{"confidence_interval":{"confidence_level":0.95,"lower_bound":1014.0966666666667,"upper_bound":1016.2039122389638},"point_estimate":1015.0037331433998,"standard_error":0.5221051826366759},"median_abs_dev":{"confidence_interval":{"confidence_level":0.95,"lower_bound":2.808677411101302,"upper_bound":6.281874481234607},"point_estimate":4.671317555956459,"standard_error":0.8881935683327578},"slope":{"confidence_interval":{"confidence_level":0.95,"lower_bound":1015.538518443027,"upper_bound":1018.4858903061564},"point_estimate":1016.878808577069,"standard_error":0.7586554329947368},"std_dev":{"confidence_interval":{"confidence_level":0.95,"lower_bound":4.848592705316384,"upper_bound":10.872828417494526},"point_estimate":7.734536576619107,"standard_error":1.7072883191012513}}