{"mean":{"confidence_interval":{"confidence_level":0.95,"lower_bound":846.387145401925,"upper_bound":849.5169443897208},"point_estimate":847.760274832875,"standard_error":0.8060879051287457},"median":{"confidence_interval":{"confidence_level":0.95,"lower_bound":845.5025510204082,"upper_bound":847.0917487684729},"point_estimate":846.3108328378914,"standard_error":0.35396638340249825},"median_abs_dev":{"confidence_interval":{"confidence_level":0.95,"lower_bound":2.258943658188977,"upper_bound":3.6383531449554236},"point_estimate":2.912035004812707,"standard_error":0.3530917963988133},"slope":{"confidence_interval":{"confidence_level":0.95,"lower_bound":846.3868601563578,"upper_bound":849.933490906334},"point_estimate":847.8257045346841,"standard_error":0.9267775783916239},"std_dev":{"confidence_interval":{"confidence_level":0.95,"lower_bound":3.482937120287395,"upper_bound":12.227391251486235},"point_estimate":8.128846186725344,"standard_error":2.3353843765417115}}