{"mean":{"confidence_interval":{"confidence_level":0.95,"lower_bound":31.212231213823756,"upper_bound":31.50772392517369},"point_estimate":31.359207619129826,"standard_error":0.07491362331290621},"median":{"confidence_interval":{"confidence_level":0.95,"lower_bound":31.466304298795617,"upper_bound":31.5578447882679},"point_estimate":31.506333482644422,"standard_error":0.021897916989229046},"median_abs_dev":{"confidence_interval":{"confidence_level":0.95,"lower_bound":0.1514988555322846,"upper_bound":0.32880436799569246},"point_estimate":0.22473612015490674,"standard_error":0.045527805873638284},"slope":{"confidence_interval":{"confidence_level":0.95,"lower_bound":31.298331778701296,"upper_bound":31.694795006680923},"point_estimate":31.46393779756129,"standard_error":0.10330891791052137},"std_dev":{"confidence_interval":{"confidence_level":0.95,"lower_bound":0.4371357851075612,"upper_bound":1.0448360215297048},"point_estimate":0.7541203568632903,"standard_error":0.15737170400981}}