{"mean":{"confidence_interval":{"confidence_level":0.95,"lower_bound":33015.262110986565,"upper_bound":33152.83391147558},"point_estimate":33073.672695136425,"standard_error":35.692849442136456},"median":{"confidence_interval":{"confidence_level":0.95,"lower_bound":32995.09614512471,"upper_bound":33034.735449735446},"point_estimate":33015.35550483351,"standard_error":10.926314561557659},"median_abs_dev":{"confidence_interval":{"confidence_level":0.95,"lower_bound":67.24886281027813,"upper_bound":126.13698347490337},"point_estimate":91.21650484315272,"standard_error":15.557420792426333},"slope":{"confidence_interval":{"confidence_level":0.95,"lower_bound":32991.70783672955,"upper_bound":33128.37706170267},"point_estimate":33047.51192256539,"standard_error":35.80568182574333},"std_dev":{"confidence_interval":{"confidence_level":0.95,"lower_bound":137.14320312567472,"upper_bound":561.1902737452472},"point_estimate":359.3044162569598,"standard_error":123.17495647883305}}