{"mean":{"confidence_interval":{"confidence_level":0.95,"lower_bound":29173.798871893337,"upper_bound":29248.475966167083},"point_estimate":29208.96907621098,"standard_error":19.097575742480387},"median":{"confidence_interval":{"confidence_level":0.95,"lower_bound":29150.972170686455,"upper_bound":29197.879120879123},"point_estimate":29180.881930768068,"standard_error":10.46765344910449},"median_abs_dev":{"confidence_interval":{"confidence_level":0.95,"lower_bound":71.65964762484575,"upper_bound":128.32659131543133},"point_estimate":103.50991265013553,"standard_error":14.365841541862839},"slope":{"confidence_interval":{"confidence_level":0.95,"lower_bound":29187.928405521605,"upper_bound":29268.35182899065},"point_estimate":29224.3742662923,"standard_error":20.575198728504553},"std_dev":{"confidence_interval":{"confidence_level":0.95,"lower_bound":122.08754136156165,"upper_bound":254.2475553277306},"point_estimate":192.69245527211257,"standard_error":33.641103756993445}}