{"mean":{"confidence_interval":{"confidence_level":0.95,"lower_bound":31406.609179420364,"upper_bound":31482.691891284012},"point_estimate":31441.867277562487,"standard_error":19.42013093518589},"median":{"confidence_interval":{"confidence_level":0.95,"lower_bound":31395.62315270936,"upper_bound":31454.785714285714},"point_estimate":31412.61305302263,"standard_error":17.653518648176554},"median_abs_dev":{"confidence_interval":{"confidence_level":0.95,"lower_bound":100.10417785649442,"upper_bound":176.09656830223145},"point_estimate":139.17658930401262,"standard_error":20.130110489305228},"slope":{"confidence_interval":{"confidence_level":0.95,"lower_bound":31435.237643994213,"upper_bound":31566.445361292175},"point_estimate":31492.324805674598,"standard_error":34.04151049989019},"std_dev":{"confidence_interval":{"confidence_level":0.95,"lower_bound":127.0328341767996,"upper_bound":269.8954880018665},"point_estimate":194.78030573440947,"standard_error":39.5652145071669}}