{"mean":{"confidence_interval":{"confidence_level":0.95,"lower_bound":32191.90977501116,"upper_bound":32261.5340834479},"point_estimate":32224.404792877773,"standard_error":17.781824477336247},"median":{"confidence_interval":{"confidence_level":0.95,"lower_bound":32161.71875,"upper_bound":32201.64285714286},"point_estimate":32175.88713667285,"standard_error":9.12108831767356},"median_abs_dev":{"confidence_interval":{"confidence_level":0.95,"lower_bound":72.46877730552896,"upper_bound":108.18968444288511},"point_estimate":91.99282986030376,"standard_error":9.016838409101572},"slope":{"confidence_interval":{"confidence_level":0.95,"lower_bound":32189.644966486172,"upper_bound":32284.39734885509},"point_estimate":32231.55962211573,"standard_error":24.402646464579984},"std_dev":{"confidence_interval":{"confidence_level":0.95,"lower_bound":118.60627133454176,"upper_bound":232.440221158272},"point_estimate":178.7667305813753,"standard_error":29.165749662787782}}