{"mean":{"confidence_interval":{"confidence_level":0.95,"lower_bound":38681.81309598895,"upper_bound":38893.64357548666},"point_estimate":38763.06789480081,"standard_error":57.44151739618162},"median":{"confidence_interval":{"confidence_level":0.95,"lower_bound":38643.37797619047,"upper_bound":38701.432291666664},"point_estimate":38673.2916801948,"standard_error":14.31020826234273},"median_abs_dev":{"confidence_interval":{"confidence_level":0.95,"lower_bound":97.1047420552902,"upper_bound":167.13865822195217},"point_estimate":127.1586525007857,"standard_error":18.158277388084922},"slope":{"confidence_interval":{"confidence_level":0.95,"lower_bound":38698.330897492095,"upper_bound":38813.27319640957},"point_estimate":38754.34814984484,"standard_error":29.277518117712535},"std_dev":{"confidence_interval":{"confidence_level":0.95,"lower_bound":151.61319854943923,"upper_bound":963.7620521605949},"point_estimate":579.3292532850254,"standard_error":275.5856463527149}}