{"mean":{"confidence_interval":{"confidence_level":0.95,"lower_bound":1.541048732144154,"upper_bound":1.5486805084134316},"point_estimate":1.544808693425536,"standard_error":0.0019459476817493065},"median":{"confidence_interval":{"confidence_level":0.95,"lower_bound":1.5428972079849845,"upper_bound":1.5515637433002487},"point_estimate":1.548923085700682,"standard_error":0.002176281340387158},"median_abs_dev":{"confidence_interval":{"confidence_level":0.95,"lower_bound":0.00899292331909116,"upper_bound":0.01805805919857724},"point_estimate":0.013562647214259054,"standard_error":0.0024321082802152174},"slope":{"confidence_interval":{"confidence_level":0.95,"lower_bound":1.534666066085063,"upper_bound":1.5433365443538916},"point_estimate":1.5389904869145885,"standard_error":0.0022107599637242147},"std_dev":{"confidence_interval":{"confidence_level":0.95,"lower_bound":0.015277085395104365,"upper_bound":0.02378349087035848},"point_estimate":0.019544093712079408,"standard_error":0.0021853446726628994}}