{"mean":{"confidence_interval":{"confidence_level":0.95,"lower_bound":1.5572967488093776,"upper_bound":1.5686942765978262},"point_estimate":1.5621981068780215,"standard_error":0.0029438584010323386},"median":{"confidence_interval":{"confidence_level":0.95,"lower_bound":1.5539897571701065,"upper_bound":1.5561697364212745},"point_estimate":1.555333614985967,"standard_error":0.0005745667078662228},"median_abs_dev":{"confidence_interval":{"confidence_level":0.95,"lower_bound":0.001413848886915488,"upper_bound":0.003697003328581344},"point_estimate":0.0027228941108600447,"standard_error":0.0006013389088229409},"slope":{"confidence_interval":{"confidence_level":0.95,"lower_bound":1.5566995674266757,"upper_bound":1.5607116320651206},"point_estimate":1.5585269799319237,"standard_error":0.001027602664466334},"std_dev":{"confidence_interval":{"confidence_level":0.95,"lower_bound":0.007386518133321679,"upper_bound":0.04478804868606745},"point_estimate":0.029619887986914364,"standard_error":0.009397421896490666}}