{"mean":{"confidence_interval":{"confidence_level":0.95,"lower_bound":26.95764986854666,"upper_bound":27.01707000181724},"point_estimate":26.986542154649747,"standard_error":0.015182936542876488},"median":{"confidence_interval":{"confidence_level":0.95,"lower_bound":26.95251410731253,"upper_bound":27.004232432179837},"point_estimate":26.987159198205227,"standard_error":0.012981482722691543},"median_abs_dev":{"confidence_interval":{"confidence_level":0.95,"lower_bound":0.0793781231570487,"upper_bound":0.13071780954301024},"point_estimate":0.10731619124087194,"standard_error":0.013156243755958412},"slope":{"confidence_interval":{"confidence_level":0.95,"lower_bound":26.958322191743022,"upper_bound":27.024439975143213},"point_estimate":26.99069568582624,"standard_error":0.016902901081002033},"std_dev":{"confidence_interval":{"confidence_level":0.95,"lower_bound":0.11441918181622517,"upper_bound":0.1929093025394406},"point_estimate":0.15264323860608348,"standard_error":0.020328024453780378}}