{"mean":{"confidence_interval":{"confidence_level":0.95,"lower_bound":1304.0328898627713,"upper_bound":1310.799179152028},"point_estimate":1307.0606589120055,"standard_error":1.7387620605591603},"median":{"confidence_interval":{"confidence_level":0.95,"lower_bound":1301.508363597522,"upper_bound":1302.1155010161099},"point_estimate":1301.8626175635818,"standard_error":0.1653093701227049},"median_abs_dev":{"confidence_interval":{"confidence_level":0.95,"lower_bound":0.8040277172331822,"upper_bound":1.6891331436128425},"point_estimate":1.2086578029084702,"standard_error":0.2351241078677268},"slope":{"confidence_interval":{"confidence_level":0.95,"lower_bound":1303.9017918569791,"upper_bound":1310.7834406872419},"point_estimate":1307.043728867302,"standard_error":1.7670500642080307},"std_dev":{"confidence_interval":{"confidence_level":0.95,"lower_bound":8.645516271494195,"upper_bound":25.41811318019394},"point_estimate":17.455038056038013,"standard_error":4.416980172297787}}