{"mean":{"confidence_interval":{"confidence_level":0.95,"lower_bound":5.249249872090563,"upper_bound":5.255225034283873},"point_estimate":5.252044841518061,"standard_error":0.001524571497905921},"median":{"confidence_interval":{"confidence_level":0.95,"lower_bound":5.246436583489787,"upper_bound":5.252238509502266},"point_estimate":5.249069426059354,"standard_error":0.001576540199350514},"median_abs_dev":{"confidence_interval":{"confidence_level":0.95,"lower_bound":0.007716986925774705,"upper_bound":0.014009531582793024},"point_estimate":0.011001179581277169,"standard_error":0.0015979065849228479},"slope":{"confidence_interval":{"confidence_level":0.95,"lower_bound":5.249031330483592,"upper_bound":5.256186635917413},"point_estimate":5.252424580848057,"standard_error":0.0018261457103929011},"std_dev":{"confidence_interval":{"confidence_level":0.95,"lower_bound":0.010408768344435614,"upper_bound":0.020709611316677687},"point_estimate":0.015296099226801347,"standard_error":0.002819402170342256}}