{"mean":{"confidence_interval":{"confidence_level":0.95,"lower_bound":5.225808295136854,"upper_bound":5.24237974135609},"point_estimate":5.233652275430258,"standard_error":0.004238753560724304},"median":{"confidence_interval":{"confidence_level":0.95,"lower_bound":5.213271182897274,"upper_bound":5.224894986588753},"point_estimate":5.221137279963568,"standard_error":0.00311672129475231},"median_abs_dev":{"confidence_interval":{"confidence_level":0.95,"lower_bound":0.015046502337966084,"upper_bound":0.02730871907898963},"point_estimate":0.021547985318370294,"standard_error":0.0032472898842851225},"slope":{"confidence_interval":{"confidence_level":0.95,"lower_bound":5.221493475125477,"upper_bound":5.2436279393144485},"point_estimate":5.231578476201174,"standard_error":0.005698024672922601},"std_dev":{"confidence_interval":{"confidence_level":0.95,"lower_bound":0.03166607143189035,"upper_bound":0.052109020507472605},"point_estimate":0.0426545274351442,"standard_error":0.005211015093233105}}