{"mean":{"confidence_interval":{"confidence_level":0.95,"lower_bound":29198.09954363049,"upper_bound":29330.350182196773},"point_estimate":29256.75171589564,"standard_error":34.1324680917957},"median":{"confidence_interval":{"confidence_level":0.95,"lower_bound":29161.500840336135,"upper_bound":29187.2151675485},"point_estimate":29175.005826803295,"standard_error":7.174541283078404},"median_abs_dev":{"confidence_interval":{"confidence_level":0.95,"lower_bound":42.81704966528269,"upper_bound":78.5692880931964},"point_estimate":57.55257590131567,"standard_error":8.83058395931972},"slope":{"confidence_interval":{"confidence_level":0.95,"lower_bound":29179.82052310238,"upper_bound":29292.3333858649},"point_estimate":29225.752096096603,"standard_error":29.112204423553987},"std_dev":{"confidence_interval":{"confidence_level":0.95,"lower_bound":156.1899621775297,"upper_bound":490.8730136105331},"point_estimate":343.1440087939182,"standard_error":88.35285049630562}}