{"mean":{"confidence_interval":{"confidence_level":0.95,"lower_bound":37004.4562802568,"upper_bound":37190.154497296084},"point_estimate":37085.52406893087,"standard_error":47.889456335125594},"median":{"confidence_interval":{"confidence_level":0.95,"lower_bound":36939.23611111111,"upper_bound":36980.26638566912},"point_estimate":36958.30835573476,"standard_error":9.223986684672308},"median_abs_dev":{"confidence_interval":{"confidence_level":0.95,"lower_bound":47.02809210077902,"upper_bound":92.17552289745797},"point_estimate":69.41631672937409,"standard_error":11.697432664789764},"slope":{"confidence_interval":{"confidence_level":0.95,"lower_bound":36987.42352729391,"upper_bound":37107.0069340172},"point_estimate":37038.37145657849,"standard_error":30.947756081024224},"std_dev":{"confidence_interval":{"confidence_level":0.95,"lower_bound":187.77851832433197,"upper_bound":722.3069374797585},"point_estimate":482.78218320772345,"standard_error":138.73966475401468}}