{"mean":{"confidence_interval":{"confidence_level":0.95,"lower_bound":65103.10420171743,"upper_bound":65349.12976002958},"point_estimate":65196.700003539634,"standard_error":66.54342802265067},"median":{"confidence_interval":{"confidence_level":0.95,"lower_bound":65064.592741935485,"upper_bound":65113.6769005848},"point_estimate":65088.458821770335,"standard_error":13.60894201699209},"median_abs_dev":{"confidence_interval":{"confidence_level":0.95,"lower_bound":89.17165284911418,"upper_bound":163.19719210267175},"point_estimate":138.0618564025758,"standard_error":19.116462772946516},"slope":{"confidence_interval":{"confidence_level":0.95,"lower_bound":65131.550853917586,"upper_bound":65200.805080183985},"point_estimate":65164.6069661593,"standard_error":17.633933357069466},"std_dev":{"confidence_interval":{"confidence_level":0.95,"lower_bound":156.70343952063362,"upper_bound":1114.815593204815},"point_estimate":669.0178314415667,"standard_error":319.620651016341}}