{"mean":{"confidence_interval":{"confidence_level":0.95,"lower_bound":35167.074406792985,"upper_bound":35424.135377163024},"point_estimate":35272.289885446204,"standard_error":67.46284746316248},"median":{"confidence_interval":{"confidence_level":0.95,"lower_bound":35132.9,"upper_bound":35190.679824561405},"point_estimate":35160.86856941508,"standard_error":14.402797101421328},"median_abs_dev":{"confidence_interval":{"confidence_level":0.95,"lower_bound":75.8411357225178,"upper_bound":120.34835486939713},"point_estimate":93.16639833511887,"standard_error":11.23121501158732},"slope":{"confidence_interval":{"confidence_level":0.95,"lower_bound":35175.092870543296,"upper_bound":35517.50143713629},"point_estimate":35297.17569380819,"standard_error":95.46249115535015},"std_dev":{"confidence_interval":{"confidence_level":0.95,"lower_bound":106.97820169047182,"upper_bound":1082.1321388999393},"point_estimate":680.8592484548377,"standard_error":264.52281555632294}}