{"mean":{"confidence_interval":{"confidence_level":0.95,"lower_bound":5.205040372712381,"upper_bound":5.228345089626559},"point_estimate":5.216994233729599,"standard_error":0.005977404586170829},"median":{"confidence_interval":{"confidence_level":0.95,"lower_bound":5.231586293797201,"upper_bound":5.245784284928214},"point_estimate":5.242283111881784,"standard_error":0.0035710998458801787},"median_abs_dev":{"confidence_interval":{"confidence_level":0.95,"lower_bound":0.02217616486244991,"upper_bound":0.04245814362694586},"point_estimate":0.030494909134519056,"standard_error":0.0049677607222830935},"slope":{"confidence_interval":{"confidence_level":0.95,"lower_bound":5.200289512491046,"upper_bound":5.222982881617808},"point_estimate":5.2119016930159034,"standard_error":0.005794356673632014},"std_dev":{"confidence_interval":{"confidence_level":0.95,"lower_bound":0.0493267684481257,"upper_bound":0.06924126306796496},"point_estimate":0.06017978841235297,"standard_error":0.005081582067327761}}