{"mean":{"confidence_interval":{"confidence_level":0.95,"lower_bound":5.26161059637391,"upper_bound":5.268422198826044},"point_estimate":5.264723681444645,"standard_error":0.0017439172270126986},"median":{"confidence_interval":{"confidence_level":0.95,"lower_bound":5.261773352565369,"upper_bound":5.264200533084136},"point_estimate":5.263324031196682,"standard_error":0.0007106840076515691},"median_abs_dev":{"confidence_interval":{"confidence_level":0.95,"lower_bound":0.004915622559006407,"upper_bound":0.010250789333244277},"point_estimate":0.00794995836099422,"standard_error":0.0013677639776788896},"slope":{"confidence_interval":{"confidence_level":0.95,"lower_bound":5.261121794347768,"upper_bound":5.267578018078201},"point_estimate":5.264167539539393,"standard_error":0.0016497225859205568},"std_dev":{"confidence_interval":{"confidence_level":0.95,"lower_bound":0.009899872473978364,"upper_bound":0.025236365107035513},"point_estimate":0.01755949293022966,"standard_error":0.004178310701533918}}