{"mean":{"confidence_interval":{"confidence_level":0.95,"lower_bound":5.254303552082307,"upper_bound":5.261392242644114},"point_estimate":5.257659904029906,"standard_error":0.0018050066534709534},"median":{"confidence_interval":{"confidence_level":0.95,"lower_bound":5.249275394740337,"upper_bound":5.257719339599104},"point_estimate":5.254318318124287,"standard_error":0.0026525540646114647},"median_abs_dev":{"confidence_interval":{"confidence_level":0.95,"lower_bound":0.008847076469307394,"upper_bound":0.014945946306012507},"point_estimate":0.013358115343301573,"standard_error":0.001583902159076127},"slope":{"confidence_interval":{"confidence_level":0.95,"lower_bound":5.253481393260199,"upper_bound":5.264246950553541},"point_estimate":5.258326671514437,"standard_error":0.002766407035300151},"std_dev":{"confidence_interval":{"confidence_level":0.95,"lower_bound":0.012868653025073857,"upper_bound":0.022854709672421633},"point_estimate":0.018126136732613804,"standard_error":0.002552519577813126}}