{"mean":{"confidence_interval":{"confidence_level":0.95,"lower_bound":27397719.52,"upper_bound":27509461.757749997},"point_estimate":27446463.61,"standard_error":28634.119710601753},"median":{"confidence_interval":{"confidence_level":0.95,"lower_bound":27372944.0,"upper_bound":27391969.0},"point_estimate":27383549.5,"standard_error":5344.602096934356},"median_abs_dev":{"confidence_interval":{"confidence_level":0.95,"lower_bound":20335.341238975525,"upper_bound":38696.60061299801},"point_estimate":31165.734046697617,"standard_error":5155.716883743529},"slope":null,"std_dev":{"confidence_interval":{"confidence_level":0.95,"lower_bound":57750.561627743664,"upper_bound":421202.96744471655},"point_estimate":287276.86221099645,"standard_error":86729.97764953414}}