{"mean":{"confidence_interval":{"confidence_level":0.95,"lower_bound":855499.4007499998,"upper_bound":855965.7151249999},"point_estimate":855719.605,"standard_error":119.45765692604117},"median":{"confidence_interval":{"confidence_level":0.95,"lower_bound":855305.75,"upper_bound":855538.2916666667},"point_estimate":855438.5,"standard_error":55.783707213867274},"median_abs_dev":{"confidence_interval":{"confidence_level":0.95,"lower_bound":511.8676409125328,"upper_bound":882.457403708305},"point_estimate":734.0105369686793,"standard_error":100.76547716076904},"slope":null,"std_dev":{"confidence_interval":{"confidence_level":0.95,"lower_bound":860.7644285665219,"upper_bound":1492.138573497074},"point_estimate":1203.1596963816573,"standard_error":161.50174490980555}}