{"mean":{"confidence_interval":{"confidence_level":0.95,"lower_bound":723173.4602142859,"upper_bound":723689.3989464284},"point_estimate":723418.2235714283,"standard_error":132.2503916085467},"median":{"confidence_interval":{"confidence_level":0.95,"lower_bound":722869.4285714285,"upper_bound":723115.9642857143},"point_estimate":722990.3571428572,"standard_error":66.1406569256724},"median_abs_dev":{"confidence_interval":{"confidence_level":0.95,"lower_bound":489.15209131582674,"upper_bound":791.5588021969953},"point_estimate":618.9854890108109,"standard_error":79.10725522193873},"slope":null,"std_dev":{"confidence_interval":{"confidence_level":0.95,"lower_bound":962.0014055687269,"upper_bound":1638.0974489363762},"point_estimate":1326.8127086704405,"standard_error":172.8703594084608}}