{"mean":{"confidence_interval":{"confidence_level":0.95,"lower_bound":845187.439145834,"upper_bound":847122.3293541672},"point_estimate":845923.678333333,"standard_error":522.2615758110044},"median":{"confidence_interval":{"confidence_level":0.95,"lower_bound":844811.0416666666,"upper_bound":845041.8333333334},"point_estimate":844951.25,"standard_error":58.94349132695955},"median_abs_dev":{"confidence_interval":{"confidence_level":0.95,"lower_bound":574.3839398025891,"upper_bound":1011.8744820356369},"point_estimate":808.8200606406023,"standard_error":109.10120058749027},"slope":null,"std_dev":{"confidence_interval":{"confidence_level":0.95,"lower_bound":1051.3309205839028,"upper_bound":8745.710837953084},"point_estimate":5247.358979962511,"standard_error":2487.268975077399}}