{"mean":{"confidence_interval":{"confidence_level":0.95,"lower_bound":34048.26733769708,"upper_bound":34181.97503328183},"point_estimate":34098.18466989952,"standard_error":36.82619536810846},"median":{"confidence_interval":{"confidence_level":0.95,"lower_bound":34039.40350877193,"upper_bound":34056.91989987485},"point_estimate":34048.59156746032,"standard_error":4.930023880667694},"median_abs_dev":{"confidence_interval":{"confidence_level":0.95,"lower_bound":33.99439639427821,"upper_bound":59.1100919418253},"point_estimate":46.389052926430864,"standard_error":6.484574270509592},"slope":{"confidence_interval":{"confidence_level":0.95,"lower_bound":34052.548923540046,"upper_bound":34104.46260209388},"point_estimate":34074.094007191765,"standard_error":13.612224947331923},"std_dev":{"confidence_interval":{"confidence_level":0.95,"lower_bound":66.03487235779747,"upper_bound":622.567460458639},"point_estimate":370.6179869286443,"standard_error":184.77747861327566}}