{"mean":{"confidence_interval":{"confidence_level":0.95,"lower_bound":19066.518278712494,"upper_bound":19137.87365955012},"point_estimate":19097.796211316396,"standard_error":18.375555787106066},"median":{"confidence_interval":{"confidence_level":0.95,"lower_bound":19048.530303030304,"upper_bound":19064.68181818182},"point_estimate":19055.195555555554,"standard_error":4.186531922305609},"median_abs_dev":{"confidence_interval":{"confidence_level":0.95,"lower_bound":28.596280351505698,"upper_bound":56.300560081050136},"point_estimate":39.226168259341925,"standard_error":7.086673373069415},"slope":{"confidence_interval":{"confidence_level":0.95,"lower_bound":19071.551626556127,"upper_bound":19150.316538004285},"point_estimate":19102.87527063154,"standard_error":20.56945123886663},"std_dev":{"confidence_interval":{"confidence_level":0.95,"lower_bound":69.87829310133088,"upper_bound":273.87213520999404},"point_estimate":184.46921883852022,"standard_error":53.362115305141074}}