{"mean":{"confidence_interval":{"confidence_level":0.95,"lower_bound":33615.390298630504,"upper_bound":33673.82412985368},"point_estimate":33641.66038965559,"standard_error":14.99731488092803},"median":{"confidence_interval":{"confidence_level":0.95,"lower_bound":33591.13725490196,"upper_bound":33616.641472868214},"point_estimate":33607.346446473326,"standard_error":6.577742358373702},"median_abs_dev":{"confidence_interval":{"confidence_level":0.95,"lower_bound":37.861896827825596,"upper_bound":67.33652046491243},"point_estimate":54.69962746679345,"standard_error":7.756276861065124},"slope":{"confidence_interval":{"confidence_level":0.95,"lower_bound":33624.08209817441,"upper_bound":33684.78420605101},"point_estimate":33651.67023250086,"standard_error":15.57263006872493},"std_dev":{"confidence_interval":{"confidence_level":0.95,"lower_bound":80.16097545869347,"upper_bound":213.49558877614348},"point_estimate":150.51781474144644,"standard_error":34.694648773641866}}