{"mean":{"confidence_interval":{"confidence_level":0.95,"lower_bound":1.2453864951580897,"upper_bound":1.2543172205925672},"point_estimate":1.248748502586708,"standard_error":0.002405525186908824},"median":{"confidence_interval":{"confidence_level":0.95,"lower_bound":1.2439276898601184,"upper_bound":1.2446773020414004},"point_estimate":1.2442946887818815,"standard_error":0.00019364807437207617},"median_abs_dev":{"confidence_interval":{"confidence_level":0.95,"lower_bound":0.0010834614990577586,"upper_bound":0.0018744055650438906},"point_estimate":0.0015476710829653093,"standard_error":0.00021151532353407034},"slope":{"confidence_interval":{"confidence_level":0.95,"lower_bound":1.2452909821086477,"upper_bound":1.2486170394794793},"point_estimate":1.2467087839831514,"standard_error":0.0008574031661844114},"std_dev":{"confidence_interval":{"confidence_level":0.95,"lower_bound":0.0044143038568909155,"upper_bound":0.04040755158010308},"point_estimate":0.024206592901831074,"standard_error":0.011592069553639664}}