{"mean":{"confidence_interval":{"confidence_level":0.95,"lower_bound":1.245460954429461,"upper_bound":1.2482903036259956},"point_estimate":1.246737840895853,"standard_error":0.0007286688120954459},"median":{"confidence_interval":{"confidence_level":0.95,"lower_bound":1.2440906386195874,"upper_bound":1.2448349611044398},"point_estimate":1.2443301027404754,"standard_error":0.00020478400273294783},"median_abs_dev":{"confidence_interval":{"confidence_level":0.95,"lower_bound":0.0008045602277538677,"upper_bound":0.0017295139517136773},"point_estimate":0.0011185607613026342,"standard_error":0.00024622339969984414},"slope":{"confidence_interval":{"confidence_level":0.95,"lower_bound":1.245987683227167,"upper_bound":1.2507844192410011},"point_estimate":1.2481458415735238,"standard_error":0.0012298213811080612},"std_dev":{"confidence_interval":{"confidence_level":0.95,"lower_bound":0.003800650250892384,"upper_bound":0.010301865126622737},"point_estimate":0.007331715158847334,"standard_error":0.0016719510364034363}}