{"mean":{"confidence_interval":{"confidence_level":0.95,"lower_bound":1.2450161339325274,"upper_bound":1.2504805286699725},"point_estimate":1.247382926433999,"standard_error":0.001411541008646577},"median":{"confidence_interval":{"confidence_level":0.95,"lower_bound":1.243290593528688,"upper_bound":1.2440913895938825},"point_estimate":1.2436851483445932,"standard_error":0.00022549900257071737},"median_abs_dev":{"confidence_interval":{"confidence_level":0.95,"lower_bound":0.0011911958073370504,"upper_bound":0.002220052394632984},"point_estimate":0.0016092917711753158,"standard_error":0.00027218478101145713},"slope":{"confidence_interval":{"confidence_level":0.95,"lower_bound":1.2449335229741987,"upper_bound":1.2567515558684035},"point_estimate":1.249855909281717,"standard_error":0.00309162942940686},"std_dev":{"confidence_interval":{"confidence_level":0.95,"lower_bound":0.004965667562438354,"upper_bound":0.021320927841343568},"point_estimate":0.014194999448757724,"standard_error":0.004252810554335078}}