{"mean":{"confidence_interval":{"confidence_level":0.95,"lower_bound":1.243531696579044,"upper_bound":1.2458142099998497},"point_estimate":1.2445159356316329,"standard_error":0.0005916666014326645},"median":{"confidence_interval":{"confidence_level":0.95,"lower_bound":1.2429501090069086,"upper_bound":1.243541191536637},"point_estimate":1.243177636801886,"standard_error":0.0001335314325073319},"median_abs_dev":{"confidence_interval":{"confidence_level":0.95,"lower_bound":0.0007551878980638496,"upper_bound":0.0013052199970078062},"point_estimate":0.0009871429874759015,"standard_error":0.00013500927945715255},"slope":{"confidence_interval":{"confidence_level":0.95,"lower_bound":1.2437788351733514,"upper_bound":1.2465356309753437},"point_estimate":1.2449768540661723,"standard_error":0.0007109878168217368},"std_dev":{"confidence_interval":{"confidence_level":0.95,"lower_bound":0.0017684689933526526,"upper_bound":0.008981340057853747},"point_estimate":0.005944085278710863,"standard_error":0.0019002922415237804}}