{"mean":{"confidence_interval":{"confidence_level":0.95,"lower_bound":1.2449565159678897,"upper_bound":1.2482527460489943},"point_estimate":1.246452457519735,"standard_error":0.000847072730253357},"median":{"confidence_interval":{"confidence_level":0.95,"lower_bound":1.243250113203015,"upper_bound":1.244405578182095},"point_estimate":1.243614604664955,"standard_error":0.0002693204534284441},"median_abs_dev":{"confidence_interval":{"confidence_level":0.95,"lower_bound":0.0015977984878301696,"upper_bound":0.0029862871189920205},"point_estimate":0.002243879033636389,"standard_error":0.00034819192188138295},"slope":{"confidence_interval":{"confidence_level":0.95,"lower_bound":1.2448934510694425,"upper_bound":1.2483878230366738},"point_estimate":1.2464205731390596,"standard_error":0.0008956320384597293},"std_dev":{"confidence_interval":{"confidence_level":0.95,"lower_bound":0.0043525089910444095,"upper_bound":0.01167818144701229},"point_estimate":0.008519050612214425,"standard_error":0.001821422968910011}}