{"mean":{"confidence_interval":{"confidence_level":0.95,"lower_bound":1.245045814744211,"upper_bound":1.2472577132767602},"point_estimate":1.2460599083330057,"standard_error":0.0005679606943494255},"median":{"confidence_interval":{"confidence_level":0.95,"lower_bound":1.244085314780094,"upper_bound":1.2446039865081862},"point_estimate":1.2443645310635796,"standard_error":0.00013782520807874434},"median_abs_dev":{"confidence_interval":{"confidence_level":0.95,"lower_bound":0.0012904123197601581,"upper_bound":0.0023165359073638128},"point_estimate":0.0019175758920041558,"standard_error":0.00026165495150993535},"slope":{"confidence_interval":{"confidence_level":0.95,"lower_bound":1.2452357232044433,"upper_bound":1.2483010186558776},"point_estimate":1.2466097972015995,"standard_error":0.0007853406872698642},"std_dev":{"confidence_interval":{"confidence_level":0.95,"lower_bound":0.003337983353018461,"upper_bound":0.007698605199012198},"point_estimate":0.005699227483131407,"standard_error":0.0011144188160584151}}