{"mean":{"confidence_interval":{"confidence_level":0.95,"lower_bound":1084.7099163541814,"upper_bound":1086.8300308817854},"point_estimate":1085.7173005533994,"standard_error":0.5422022543362477},"median":{"confidence_interval":{"confidence_level":0.95,"lower_bound":1083.971125965372,"upper_bound":1084.9887667887667},"point_estimate":1084.4527972027972,"standard_error":0.24516997864560167},"median_abs_dev":{"confidence_interval":{"confidence_level":0.95,"lower_bound":2.181319336273786,"upper_bound":4.835497324872383},"point_estimate":4.112498088371091,"standard_error":0.6893381039168237},"slope":{"confidence_interval":{"confidence_level":0.95,"lower_bound":1083.9881439108487,"upper_bound":1085.9799353908018},"point_estimate":1084.9316068931807,"standard_error":0.5071705638606802},"std_dev":{"confidence_interval":{"confidence_level":0.95,"lower_bound":3.909477523388949,"upper_bound":6.933214842758257},"point_estimate":5.454945757846962,"standard_error":0.7844264817275243}}