{"mean":{"confidence_interval":{"confidence_level":0.95,"lower_bound":40764.97271815793,"upper_bound":40830.84931725592},"point_estimate":40793.765740581795,"standard_error":16.956695303377547},"median":{"confidence_interval":{"confidence_level":0.95,"lower_bound":40740.275862068964,"upper_bound":40752.62666666666},"point_estimate":40745.70795593635,"standard_error":3.3136675161922997},"median_abs_dev":{"confidence_interval":{"confidence_level":0.95,"lower_bound":24.356940322819558,"upper_bound":69.18564543837236},"point_estimate":36.9767193147648,"standard_error":11.359849531220648},"slope":{"confidence_interval":{"confidence_level":0.95,"lower_bound":40771.732914586224,"upper_bound":40816.83929050158},"point_estimate":40792.412465789865,"standard_error":11.549775626712474},"std_dev":{"confidence_interval":{"confidence_level":0.95,"lower_bound":79.55058497729301,"upper_bound":258.56182563421606},"point_estimate":170.57249057381,"standard_error":50.869368362214495}}