{"mean":{"confidence_interval":{"confidence_level":0.95,"lower_bound":40773.33641552979,"upper_bound":40849.46444942262},"point_estimate":40807.19604341866,"standard_error":19.58977776544765},"median":{"confidence_interval":{"confidence_level":0.95,"lower_bound":40744.82777777778,"upper_bound":40773.91513687601},"point_estimate":40761.56248803828,"standard_error":7.267421909214632},"median_abs_dev":{"confidence_interval":{"confidence_level":0.95,"lower_bound":36.979196334938685,"upper_bound":77.0248722579155},"point_estimate":52.66677148919798,"standard_error":10.9282753292386},"slope":{"confidence_interval":{"confidence_level":0.95,"lower_bound":40768.99659906464,"upper_bound":40806.58369241699},"point_estimate":40786.17528299099,"standard_error":9.597197554662733},"std_dev":{"confidence_interval":{"confidence_level":0.95,"lower_bound":90.28342137296742,"upper_bound":286.23872655861254},"point_estimate":196.0435759849205,"standard_error":51.62485680145896}}