{"mean":{"confidence_interval":{"confidence_level":0.95,"lower_bound":18931.982795881904,"upper_bound":19141.491278572757},"point_estimate":19017.164895129354,"standard_error":55.02709229556775},"median":{"confidence_interval":{"confidence_level":0.95,"lower_bound":18905.023255813954,"upper_bound":18917.60606060606},"point_estimate":18911.27462686567,"standard_error":3.3253525711584997},"median_abs_dev":{"confidence_interval":{"confidence_level":0.95,"lower_bound":32.84142735083251,"upper_bound":78.16131591755699},"point_estimate":48.46537718101221,"standard_error":11.319302410928357},"slope":{"confidence_interval":{"confidence_level":0.95,"lower_bound":18909.25036135142,"upper_bound":18986.372404024933},"point_estimate":18939.16571275038,"standard_error":20.120152131190782},"std_dev":{"confidence_interval":{"confidence_level":0.95,"lower_bound":133.95871660086073,"upper_bound":893.8823673452061},"point_estimate":552.6948758567978,"standard_error":221.7914479305987}}