{"mean":{"confidence_interval":{"confidence_level":0.95,"lower_bound":15499.491750926069,"upper_bound":15682.669298295252},"point_estimate":15580.039886170733,"standard_error":46.634140936023556},"median":{"confidence_interval":{"confidence_level":0.95,"lower_bound":15470.736263736264,"upper_bound":15490.073717948719},"point_estimate":15480.044978632479,"standard_error":4.848522543151309},"median_abs_dev":{"confidence_interval":{"confidence_level":0.95,"lower_bound":26.626042796523553,"upper_bound":46.5519151198145},"point_estimate":34.53007470748193,"standard_error":5.020904422771497},"slope":{"confidence_interval":{"confidence_level":0.95,"lower_bound":15481.625541666986,"upper_bound":15553.17169926947},"point_estimate":15509.388597151334,"standard_error":19.166639035279943},"std_dev":{"confidence_interval":{"confidence_level":0.95,"lower_bound":94.637408807569,"upper_bound":688.6162569682247},"point_estimate":469.50302848295877,"standard_error":136.51633638099483}}