{"mean":{"confidence_interval":{"confidence_level":0.95,"lower_bound":24356.944983331294,"upper_bound":24403.608643907755},"point_estimate":24378.735203596378,"standard_error":11.909649991405809},"median":{"confidence_interval":{"confidence_level":0.95,"lower_bound":24344.303672316382,"upper_bound":24380.877883151858},"point_estimate":24354.4396095603,"standard_error":8.836615738982193},"median_abs_dev":{"confidence_interval":{"confidence_level":0.95,"lower_bound":33.21186864114283,"upper_bound":57.07724274073632},"point_estimate":45.193517219281006,"standard_error":5.525500552494879},"slope":{"confidence_interval":{"confidence_level":0.95,"lower_bound":24338.687055522354,"upper_bound":24398.93203203119},"point_estimate":24369.394633761884,"standard_error":15.402159074805029},"std_dev":{"confidence_interval":{"confidence_level":0.95,"lower_bound":73.9562914558492,"upper_bound":158.1530369964799},"point_estimate":120.09708780732043,"standard_error":21.40602301958246}}