{"mean":{"confidence_interval":{"confidence_level":0.95,"lower_bound":91884299.376,"upper_bound":92037879.96474999},"point_estimate":91954272.5,"standard_error":39418.20876882007},"median":{"confidence_interval":{"confidence_level":0.95,"lower_bound":91786360.0,"upper_bound":91865539.0},"point_estimate":91818136.0,"standard_error":19209.540715244188},"median_abs_dev":{"confidence_interval":{"confidence_level":0.95,"lower_bound":106654.53560650349,"upper_bound":211653.74834239483},"point_estimate":143014.55866098404,"standard_error":27051.148317112133},"slope":null,"std_dev":{"confidence_interval":{"confidence_level":0.95,"lower_bound":247097.6911768009,"upper_bound":555882.9599379916},"point_estimate":396046.67644271837,"standard_error":87766.3884232596}}