{"mean":{"confidence_interval":{"confidence_level":0.95,"lower_bound":158635838.697,"upper_bound":158734239.15449998},"point_estimate":158683249.72,"standard_error":25182.455216396425},"median":{"confidence_interval":{"confidence_level":0.95,"lower_bound":158599486.0,"upper_bound":158683094.0},"point_estimate":158644057.0,"standard_error":20855.961714934696},"median_abs_dev":{"confidence_interval":{"confidence_level":0.95,"lower_bound":132151.51158884168,"upper_bound":250855.91554641724},"point_estimate":173384.13652181625,"standard_error":31042.37086789922},"slope":null,"std_dev":{"confidence_interval":{"confidence_level":0.95,"lower_bound":191896.38315734468,"upper_bound":308212.92905491695},"point_estimate":253176.50954174044,"standard_error":29853.554351996558}}