{"mean":{"confidence_interval":{"confidence_level":0.95,"lower_bound":97355285.92999999,"upper_bound":97594991.09125},"point_estimate":97453400.01,"standard_error":62119.66778031564},"median":{"confidence_interval":{"confidence_level":0.95,"lower_bound":97263866.0,"upper_bound":97305845.0},"point_estimate":97283824.5,"standard_error":10834.6506083482},"median_abs_dev":{"confidence_interval":{"confidence_level":0.95,"lower_bound":50220.10890841484,"upper_bound":98873.10964465141},"point_estimate":68388.63028585911,"standard_error":13056.822869904012},"slope":null,"std_dev":{"confidence_interval":{"confidence_level":0.95,"lower_bound":240190.3192843555,"upper_bound":987541.2020263172},"point_estimate":622561.7266134896,"standard_error":234707.37577789565}}