{"mean":{"confidence_interval":{"confidence_level":0.95,"lower_bound":140045430.80475,"upper_bound":140132700.39575},"point_estimate":140087859.32,"standard_error":22278.24959640878},"median":{"confidence_interval":{"confidence_level":0.95,"lower_bound":140017638.0,"upper_bound":140094391.5},"point_estimate":140063271.0,"standard_error":20559.484004207367},"median_abs_dev":{"confidence_interval":{"confidence_level":0.95,"lower_bound":135532.61789381504,"upper_bound":238313.11976909637},"point_estimate":186719.38198506832,"standard_error":26552.417030032862},"slope":null,"std_dev":{"confidence_interval":{"confidence_level":0.95,"lower_bound":170008.6462876819,"upper_bound":281758.3335430828},"point_estimate":225221.0568782842,"standard_error":29006.130228141836}}