{"mean":{"confidence_interval":{"confidence_level":0.95,"lower_bound":124685219.89825,"upper_bound":125174099.74475001},"point_estimate":124869021.87,"standard_error":133430.3093104483},"median":{"confidence_interval":{"confidence_level":0.95,"lower_bound":124602358.0,"upper_bound":124681226.0},"point_estimate":124637042.5,"standard_error":21057.81395728971},"median_abs_dev":{"confidence_interval":{"confidence_level":0.95,"lower_bound":155684.11673605442,"upper_bound":253167.28890538216},"point_estimate":197622.42219150066,"standard_error":25027.921500218643},"slope":null,"std_dev":{"confidence_interval":{"confidence_level":0.95,"lower_bound":283444.87761989486,"upper_bound":2236675.187806015},"point_estimate":1337629.2233336014,"standard_error":654389.3586566043}}