{"mean":{"confidence_interval":{"confidence_level":0.95,"lower_bound":94654717.0555,"upper_bound":94795239.307},"point_estimate":94722023.7,"standard_error":35933.914471468925},"median":{"confidence_interval":{"confidence_level":0.95,"lower_bound":94528131.0,"upper_bound":94572354.0},"point_estimate":94547367.0,"standard_error":10920.14224464819},"median_abs_dev":{"confidence_interval":{"confidence_level":0.95,"lower_bound":58215.10339647537,"upper_bound":145611.77729487393},"point_estimate":99850.88432729244,"standard_error":22826.139844646914},"slope":null,"std_dev":{"confidence_interval":{"confidence_level":0.95,"lower_bound":285321.4727039672,"upper_bound":422691.4272160238},"point_estimate":360767.9986258132,"standard_error":35140.48427230383}}