{"mean":{"confidence_interval":{"confidence_level":0.95,"lower_bound":122081199.4615,"upper_bound":122256104.92025},"point_estimate":122163958.51,"standard_error":44697.905516545514},"median":{"confidence_interval":{"confidence_level":0.95,"lower_bound":121968895.0,"upper_bound":122112694.0},"point_estimate":122027399.0,"standard_error":42355.72846948616},"median_abs_dev":{"confidence_interval":{"confidence_level":0.95,"lower_bound":176152.15067267418,"upper_bound":320252.19490438694},"point_estimate":241253.85681688786,"standard_error":38262.70403705624},"slope":null,"std_dev":{"confidence_interval":{"confidence_level":0.95,"lower_bound":314096.7310263524,"upper_bound":565204.8155042538},"point_estimate":449167.21732277464,"standard_error":64336.76447403396}}