{"mean":{"confidence_interval":{"confidence_level":0.95,"lower_bound":122640450.42575,"upper_bound":123419599.0275},"point_estimate":122934492.58,"standard_error":211889.5052735644},"median":{"confidence_interval":{"confidence_level":0.95,"lower_bound":122450067.0,"upper_bound":122727355.0},"point_estimate":122575115.0,"standard_error":73881.31557187837},"median_abs_dev":{"confidence_interval":{"confidence_level":0.95,"lower_bound":320150.41441619396,"upper_bound":577128.7265539169},"point_estimate":422686.2872958183,"standard_error":66544.30620923129},"slope":null,"std_dev":{"confidence_interval":{"confidence_level":0.95,"lower_bound":489374.2675056163,"upper_bound":3545550.004720811},"point_estimate":2123601.6686694375,"standard_error":1032973.6648645712}}