{"mean":{"confidence_interval":{"confidence_level":0.95,"lower_bound":1124.5894622772698,"upper_bound":1127.2206728011786},"point_estimate":1125.658536697155,"standard_error":0.6906035099518654},"median":{"confidence_interval":{"confidence_level":0.95,"lower_bound":1124.4526859504133,"upper_bound":1124.9748282241014},"point_estimate":1124.7180776925095,"standard_error":0.13712686665259335},"median_abs_dev":{"confidence_interval":{"confidence_level":0.95,"lower_bound":0.8001152215144048,"upper_bound":1.3901192284758475},"point_estimate":1.0582371356256175,"standard_error":0.15636831437759946},"slope":{"confidence_interval":{"confidence_level":0.95,"lower_bound":1124.8387628352557,"upper_bound":1125.6542717985},"point_estimate":1125.2081296599808,"standard_error":0.20779449156631266},"std_dev":{"confidence_interval":{"confidence_level":0.95,"lower_bound":1.9971876239676818,"upper_bound":11.278522729011048},"point_estimate":6.938436462444641,"standard_error":2.8463948538886408}}