{"mean":{"confidence_interval":{"confidence_level":0.95,"lower_bound":8905.581349874847,"upper_bound":8955.602726149726},"point_estimate":8925.60821853533,"standard_error":13.100679824780336},"median":{"confidence_interval":{"confidence_level":0.95,"lower_bound":8894.68809073724,"upper_bound":8905.14461247637},"point_estimate":8900.994385209537,"standard_error":2.2381997948989123},"median_abs_dev":{"confidence_interval":{"confidence_level":0.95,"lower_bound":11.958988482023361,"upper_bound":23.73658215865165},"point_estimate":18.39149185828144,"standard_error":2.8715975560514284},"slope":{"confidence_interval":{"confidence_level":0.95,"lower_bound":8903.0831071166,"upper_bound":8917.801993670062},"point_estimate":8909.656940137882,"standard_error":3.784434791061995},"std_dev":{"confidence_interval":{"confidence_level":0.95,"lower_bound":31.21171486153076,"upper_bound":214.06820519197018},"point_estimate":131.61484913744738,"standard_error":53.997201975233985}}