{"mean":{"confidence_interval":{"confidence_level":0.95,"lower_bound":7973.9050721481135,"upper_bound":8013.991218770702},"point_estimate":7990.772051453292,"standard_error":10.370796645360471},"median":{"confidence_interval":{"confidence_level":0.95,"lower_bound":7963.545384615385,"upper_bound":7981.26048951049},"point_estimate":7973.033038984825,"standard_error":4.244322999267992},"median_abs_dev":{"confidence_interval":{"confidence_level":0.95,"lower_bound":28.68141920234145,"upper_bound":45.14479676472563},"point_estimate":35.562900714720435,"standard_error":4.186765827672937},"slope":{"confidence_interval":{"confidence_level":0.95,"lower_bound":7965.168712642209,"upper_bound":7992.8118401909},"point_estimate":7977.281204601516,"standard_error":7.095003736729728},"std_dev":{"confidence_interval":{"confidence_level":0.95,"lower_bound":40.686076802446095,"upper_bound":164.24913560075947},"point_estimate":104.20294291443354,"standard_error":37.243745068431025}}