{"mean":{"confidence_interval":{"confidence_level":0.95,"lower_bound":10491.526087130484,"upper_bound":10527.292559432317},"point_estimate":10507.194509163834,"standard_error":9.234120146974833},"median":{"confidence_interval":{"confidence_level":0.95,"lower_bound":10485.043609022556,"upper_bound":10492.380026990553},"point_estimate":10488.357787325456,"standard_error":1.7678696312913844},"median_abs_dev":{"confidence_interval":{"confidence_level":0.95,"lower_bound":10.557738896410727,"upper_bound":29.926558826962427},"point_estimate":19.834330839562302,"standard_error":5.044399337017466},"slope":{"confidence_interval":{"confidence_level":0.95,"lower_bound":10480.470623882817,"upper_bound":10523.061461031784},"point_estimate":10497.876157046969,"standard_error":11.03633648865846},"std_dev":{"confidence_interval":{"confidence_level":0.95,"lower_bound":33.195650493825326,"upper_bound":138.76369247247516},"point_estimate":93.36502286356003,"standard_error":27.19822525925511}}