{"mean":{"confidence_interval":{"confidence_level":0.95,"lower_bound":9906.169113893955,"upper_bound":9939.04112222945},"point_estimate":9920.917486575292,"standard_error":8.444906249689739},"median":{"confidence_interval":{"confidence_level":0.95,"lower_bound":9905.04257619856,"upper_bound":9914.442857142858},"point_estimate":9907.18958809799,"standard_error":2.3063573459526014},"median_abs_dev":{"confidence_interval":{"confidence_level":0.95,"lower_bound":14.552265707743445,"upper_bound":36.41099711668725},"point_estimate":24.66584609435207,"standard_error":5.366337101864343},"slope":{"confidence_interval":{"confidence_level":0.95,"lower_bound":9916.85116487215,"upper_bound":9963.192374945536},"point_estimate":9934.882404526166,"standard_error":12.473157483607917},"std_dev":{"confidence_interval":{"confidence_level":0.95,"lower_bound":39.5725491192185,"upper_bound":122.72808467136726},"point_estimate":84.91888336124177,"standard_error":21.655931905099834}}