{"mean":{"confidence_interval":{"confidence_level":0.95,"lower_bound":12533.434585079005,"upper_bound":12553.722761797477},"point_estimate":12542.636335969933,"standard_error":5.212499380175006},"median":{"confidence_interval":{"confidence_level":0.95,"lower_bound":12527.050669911681,"upper_bound":12534.869318181818},"point_estimate":12529.881450827652,"standard_error":2.01279412037787},"median_abs_dev":{"confidence_interval":{"confidence_level":0.95,"lower_bound":15.726422536660534,"upper_bound":27.228271576115198},"point_estimate":21.894116288933276,"standard_error":2.816462406175527},"slope":{"confidence_interval":{"confidence_level":0.95,"lower_bound":12527.859114379113,"upper_bound":12551.231376206599},"point_estimate":12537.346690372395,"standard_error":6.11675377241718},"std_dev":{"confidence_interval":{"confidence_level":0.95,"lower_bound":28.541270032054594,"upper_bound":73.66712630541716},"point_estimate":52.21308477266183,"standard_error":11.715861372817333}}