{"mean":{"confidence_interval":{"confidence_level":0.95,"lower_bound":14462.731990232483,"upper_bound":14519.514874619608},"point_estimate":14486.134011544853,"standard_error":14.84532455699033},"median":{"confidence_interval":{"confidence_level":0.95,"lower_bound":14453.163265306122,"upper_bound":14464.05291005291},"point_estimate":14458.346878927525,"standard_error":3.0621644088964937},"median_abs_dev":{"confidence_interval":{"confidence_level":0.95,"lower_bound":18.979166634597295,"upper_bound":34.50748627740049},"point_estimate":25.613560889806553,"standard_error":4.049904761831085},"slope":{"confidence_interval":{"confidence_level":0.95,"lower_bound":14459.238391301555,"upper_bound":14484.76537642927},"point_estimate":14470.330192953197,"standard_error":6.543795201545033},"std_dev":{"confidence_interval":{"confidence_level":0.95,"lower_bound":45.250569426380565,"upper_bound":238.39988171637884},"point_estimate":148.70937096562037,"standard_error":56.701411239074936}}