{"mean":{"confidence_interval":{"confidence_level":0.95,"lower_bound":683.1338227931788,"upper_bound":685.5141491372659},"point_estimate":684.2837896224042,"standard_error":0.6061412980889103},"median":{"confidence_interval":{"confidence_level":0.95,"lower_bound":682.913689013689,"upper_bound":684.7812194724845},"point_estimate":683.8515598932265,"standard_error":0.48185365553567966},"median_abs_dev":{"confidence_interval":{"confidence_level":0.95,"lower_bound":2.8699559404214607,"upper_bound":4.679610849949004},"point_estimate":3.575981573291464,"standard_error":0.48879019114936495},"slope":{"confidence_interval":{"confidence_level":0.95,"lower_bound":683.5319762739038,"upper_bound":686.0566333908986},"point_estimate":684.6822097699887,"standard_error":0.643467513512474},"std_dev":{"confidence_interval":{"confidence_level":0.95,"lower_bound":4.2941688600378765,"upper_bound":7.837035873085782},"point_estimate":6.10315529426581,"standard_error":0.9140892688606793}}