{"mean":{"confidence_interval":{"confidence_level":0.95,"lower_bound":444.1209587640458,"upper_bound":446.6467466905397},"point_estimate":445.14988995097417,"standard_error":0.660548643648178},"median":{"confidence_interval":{"confidence_level":0.95,"lower_bound":443.8661504826778,"upper_bound":444.1430794669779},"point_estimate":443.9869897836365,"standard_error":0.06929297753446868},"median_abs_dev":{"confidence_interval":{"confidence_level":0.95,"lower_bound":0.5026992360416873,"upper_bound":0.9165331973089745},"point_estimate":0.7541882445368643,"standard_error":0.1115116895233416},"slope":{"confidence_interval":{"confidence_level":0.95,"lower_bound":444.14833843083153,"upper_bound":445.25196007011687},"point_estimate":444.6174643494601,"standard_error":0.2837356141930844},"std_dev":{"confidence_interval":{"confidence_level":0.95,"lower_bound":1.039711111138739,"upper_bound":10.69029146696208},"point_estimate":6.636324022230205,"standard_error":2.607661838044783}}