{"mean":{"confidence_interval":{"confidence_level":0.95,"lower_bound":489.6155400583093,"upper_bound":491.9035769731067},"point_estimate":490.609978887742,"standard_error":0.5890648029082995},"median":{"confidence_interval":{"confidence_level":0.95,"lower_bound":489.2010332010332,"upper_bound":490.0869360656595},"point_estimate":489.6836562819253,"standard_error":0.23075811770588592},"median_abs_dev":{"confidence_interval":{"confidence_level":0.95,"lower_bound":1.286082376928838,"upper_bound":2.0951608270902846},"point_estimate":1.6324879760742304,"standard_error":0.2082202797495995},"slope":{"confidence_interval":{"confidence_level":0.95,"lower_bound":489.7698626092702,"upper_bound":491.6110919822376},"point_estimate":490.55422379672416,"standard_error":0.4768685395129273},"std_dev":{"confidence_interval":{"confidence_level":0.95,"lower_bound":2.01121540953705,"upper_bound":8.843245550559734},"point_estimate":5.935053877948103,"standard_error":1.8244967872855233}}