{"mean":{"confidence_interval":{"confidence_level":0.95,"lower_bound":6.806411199219003,"upper_bound":6.95963194569907},"point_estimate":6.882434555432854,"standard_error":0.039233890809613065},"median":{"confidence_interval":{"confidence_level":0.95,"lower_bound":6.7675257759275285,"upper_bound":6.950319093208563},"point_estimate":6.834596759247194,"standard_error":0.053020986276033945},"median_abs_dev":{"confidence_interval":{"confidence_level":0.95,"lower_bound":0.26805537365206233,"upper_bound":0.42087289283880114},"point_estimate":0.3377649152465908,"standard_error":0.03760037213633248},"slope":{"confidence_interval":{"confidence_level":0.95,"lower_bound":6.815900102987452,"upper_bound":6.959720673330609},"point_estimate":6.885810882486271,"standard_error":0.03674901551613293},"std_dev":{"confidence_interval":{"confidence_level":0.95,"lower_bound":0.32231735397577366,"upper_bound":0.4574376453306544},"point_estimate":0.3928408225520903,"standard_error":0.03445296451090018}}