{"mean":{"confidence_interval":{"confidence_level":0.95,"lower_bound":7.18384767720624,"upper_bound":7.442193133853941},"point_estimate":7.3128172850964255,"standard_error":0.06612851763595876},"median":{"confidence_interval":{"confidence_level":0.95,"lower_bound":7.111577977898375,"upper_bound":7.419075386572087},"point_estimate":7.281150265787687,"standard_error":0.0797832748780718},"median_abs_dev":{"confidence_interval":{"confidence_level":0.95,"lower_bound":0.49025240850420143,"upper_bound":0.7997002598012459},"point_estimate":0.6608341240438841,"standard_error":0.07817766147282054},"slope":{"confidence_interval":{"confidence_level":0.95,"lower_bound":7.289345245725933,"upper_bound":7.528938529058908},"point_estimate":7.407864271840331,"standard_error":0.06113917240223407},"std_dev":{"confidence_interval":{"confidence_level":0.95,"lower_bound":0.5716733824227355,"upper_bound":0.7432383966662903},"point_estimate":0.6629751733258646,"standard_error":0.04388901770124809}}