{"mean":{"confidence_interval":{"confidence_level":0.95,"lower_bound":3094.4644858513307,"upper_bound":3103.0640567651385},"point_estimate":3098.016246224504,"standard_error":2.2377880942705013},"median":{"confidence_interval":{"confidence_level":0.95,"lower_bound":3092.4835069444443,"upper_bound":3094.8405831473215},"point_estimate":3093.478667450126,"standard_error":0.6120869490713771},"median_abs_dev":{"confidence_interval":{"confidence_level":0.95,"lower_bound":4.105670200723775,"upper_bound":7.431047210794538},"point_estimate":5.756701824784708,"standard_error":0.8282294836490269},"slope":{"confidence_interval":{"confidence_level":0.95,"lower_bound":3094.4024127323405,"upper_bound":3098.9342076742655},"point_estimate":3096.3651986663217,"standard_error":1.1741928280395968},"std_dev":{"confidence_interval":{"confidence_level":0.95,"lower_bound":7.2697788410223385,"upper_bound":36.15621846121218},"point_estimate":22.594529219267596,"standard_error":8.547971984317257}}