{"mean":{"confidence_interval":{"confidence_level":0.95,"lower_bound":4027.876817554027,"upper_bound":4049.2805875999466},"point_estimate":4036.2292125697154,"standard_error":5.704588006716363},"median":{"confidence_interval":{"confidence_level":0.95,"lower_bound":4021.7361616161616,"upper_bound":4028.7263719651855},"point_estimate":4023.084777777778,"standard_error":1.7526115290881537},"median_abs_dev":{"confidence_interval":{"confidence_level":0.95,"lower_bound":9.051103311244363,"upper_bound":17.6542276638477},"point_estimate":12.910889474079859,"standard_error":2.186161605581486},"slope":{"confidence_interval":{"confidence_level":0.95,"lower_bound":4024.9751225060677,"upper_bound":4033.6429637568963},"point_estimate":4029.095692330427,"standard_error":2.213921767677617},"std_dev":{"confidence_interval":{"confidence_level":0.95,"lower_bound":17.18995068113573,"upper_bound":93.93351943341888},"point_estimate":57.12844146985655,"standard_error":25.757478022683504}}