{"mean":{"confidence_interval":{"confidence_level":0.95,"lower_bound":5024.671239597842,"upper_bound":5031.388039948752},"point_estimate":5027.830321881391,"standard_error":1.7138538914608288},"median":{"confidence_interval":{"confidence_level":0.95,"lower_bound":5023.976123595506,"upper_bound":5027.834804597701},"point_estimate":5026.482017045455,"standard_error":0.9303400443077176},"median_abs_dev":{"confidence_interval":{"confidence_level":0.95,"lower_bound":6.931596526260664,"upper_bound":11.011326143992019},"point_estimate":8.860879771259352,"standard_error":0.9870951445943079},"slope":{"confidence_interval":{"confidence_level":0.95,"lower_bound":5027.002338895529,"upper_bound":5032.359445675137},"point_estimate":5029.391081720112,"standard_error":1.3652388558573822},"std_dev":{"confidence_interval":{"confidence_level":0.95,"lower_bound":10.321570882374433,"upper_bound":24.23117480114867},"point_estimate":17.232690760989563,"standard_error":3.6978161013872377}}