{"mean":{"confidence_interval":{"confidence_level":0.95,"lower_bound":1.356897298327988,"upper_bound":1.3591375288273135},"point_estimate":1.358020558925077,"standard_error":0.0005715968566266129},"median":{"confidence_interval":{"confidence_level":0.95,"lower_bound":1.3569162509863917,"upper_bound":1.3579356557686628},"point_estimate":1.3573133214885427,"standard_error":0.00024083249796707587},"median_abs_dev":{"confidence_interval":{"confidence_level":0.95,"lower_bound":0.0011753774018537155,"upper_bound":0.0021859165667254023},"point_estimate":0.0016008145656779963,"standard_error":0.00024392360953228026},"slope":{"confidence_interval":{"confidence_level":0.95,"lower_bound":1.3566149444292108,"upper_bound":1.3595268357540857},"point_estimate":1.3581166497264119,"standard_error":0.000739116477315371},"std_dev":{"confidence_interval":{"confidence_level":0.95,"lower_bound":0.0040098065417893125,"upper_bound":0.007250915931301986},"point_estimate":0.005738066622316375,"standard_error":0.0008262106671499723}}