{"mean":{"confidence_interval":{"confidence_level":0.95,"lower_bound":1.3766501094051316,"upper_bound":1.3798591542325582},"point_estimate":1.3780348911710252,"standard_error":0.0008250676763296761},"median":{"confidence_interval":{"confidence_level":0.95,"lower_bound":1.3751198364083912,"upper_bound":1.376476511976238},"point_estimate":1.3756741948857434,"standard_error":0.00034384419410760705},"median_abs_dev":{"confidence_interval":{"confidence_level":0.95,"lower_bound":0.001518659289338314,"upper_bound":0.0029478903247976214},"point_estimate":0.0021198075348155144,"standard_error":0.0003603527539197055},"slope":{"confidence_interval":{"confidence_level":0.95,"lower_bound":1.3762671686353516,"upper_bound":1.3784647572767308},"point_estimate":1.3772839979650455,"standard_error":0.0005616257965888439},"std_dev":{"confidence_interval":{"confidence_level":0.95,"lower_bound":0.0038500549658209886,"upper_bound":0.012584858542120209},"point_estimate":0.008272605413767368,"standard_error":0.0025525314536908013}}