{"mean":{"confidence_interval":{"confidence_level":0.95,"lower_bound":24.21600574164308,"upper_bound":24.253847187708246},"point_estimate":24.23425473578859,"standard_error":0.009621064316890807},"median":{"confidence_interval":{"confidence_level":0.95,"lower_bound":24.20924443442202,"upper_bound":24.240236000272834},"point_estimate":24.22318284534835,"standard_error":0.007249983595241947},"median_abs_dev":{"confidence_interval":{"confidence_level":0.95,"lower_bound":0.050451162168683006,"upper_bound":0.08518511637179234},"point_estimate":0.06850036678833818,"standard_error":0.008856199697194901},"slope":{"confidence_interval":{"confidence_level":0.95,"lower_bound":24.21738844963661,"upper_bound":24.28042591105316},"point_estimate":24.245361693619678,"standard_error":0.016170296781716772},"std_dev":{"confidence_interval":{"confidence_level":0.95,"lower_bound":0.06819879024088893,"upper_bound":0.12683586644122954},"point_estimate":0.09688417207183707,"standard_error":0.015345281411254137}}