{"mean":{"confidence_interval":{"confidence_level":0.95,"lower_bound":1753.243596952769,"upper_bound":1757.8354672949072},"point_estimate":1755.323437520646,"standard_error":1.1785387268385654},"median":{"confidence_interval":{"confidence_level":0.95,"lower_bound":1752.865513392857,"upper_bound":1755.8439360119048},"point_estimate":1755.0196264809751,"standard_error":0.6800029571667238},"median_abs_dev":{"confidence_interval":{"confidence_level":0.95,"lower_bound":4.752403934953424,"upper_bound":7.0292006252066646},"point_estimate":5.826270790452591,"standard_error":0.5872561634731249},"slope":{"confidence_interval":{"confidence_level":0.95,"lower_bound":1755.2980086208397,"upper_bound":1761.87813881606},"point_estimate":1757.9715833139817,"standard_error":1.728226558040723},"std_dev":{"confidence_interval":{"confidence_level":0.95,"lower_bound":6.125367618586057,"upper_bound":17.209101183320588},"point_estimate":11.857893446523198,"standard_error":2.966450423379163}}