{"mean":{"confidence_interval":{"confidence_level":0.95,"lower_bound":1596.7458284596883,"upper_bound":1604.5039804277733},"point_estimate":1599.8763679804845,"standard_error":2.032223380440009},"median":{"confidence_interval":{"confidence_level":0.95,"lower_bound":1595.1973684210527,"upper_bound":1597.1778333333332},"point_estimate":1595.8941795472288,"standard_error":0.48686720690604807},"median_abs_dev":{"confidence_interval":{"confidence_level":0.95,"lower_bound":2.5857531478849376,"upper_bound":4.989985447773599},"point_estimate":3.8799356803712235,"standard_error":0.6242860881506188},"slope":{"confidence_interval":{"confidence_level":0.95,"lower_bound":1597.2472493208516,"upper_bound":1605.1394933070915},"point_estimate":1600.3743254972662,"standard_error":2.08744876967304},"std_dev":{"confidence_interval":{"confidence_level":0.95,"lower_bound":4.134253341710636,"upper_bound":33.14084890059508},"point_estimate":20.446286034957495,"standard_error":8.27523576022635}}