{"mean":{"confidence_interval":{"confidence_level":0.95,"lower_bound":1455.9111447134508,"upper_bound":1464.2902375138942},"point_estimate":1459.6673832280387,"standard_error":2.158330580429651},"median":{"confidence_interval":{"confidence_level":0.95,"lower_bound":1455.0775190362206,"upper_bound":1458.1649320757324},"point_estimate":1456.5025709515348,"standard_error":0.6785566660281868},"median_abs_dev":{"confidence_interval":{"confidence_level":0.95,"lower_bound":4.772620487143451,"upper_bound":9.420871582004569},"point_estimate":6.956500882539174,"standard_error":1.1609238897416816},"slope":{"confidence_interval":{"confidence_level":0.95,"lower_bound":1455.4511623329247,"upper_bound":1469.2767259248876},"point_estimate":1460.9092509052628,"standard_error":3.6899295946408266},"std_dev":{"confidence_interval":{"confidence_level":0.95,"lower_bound":9.224650739982463,"upper_bound":31.01613754847984},"point_estimate":21.662084793175673,"standard_error":5.48323914318267}}