{"mean":{"confidence_interval":{"confidence_level":0.95,"lower_bound":1849.6274218997175,"upper_bound":1853.1829237242953},"point_estimate":1851.2199897767682,"standard_error":0.9157234195829348},"median":{"confidence_interval":{"confidence_level":0.95,"lower_bound":1849.0594665546573,"upper_bound":1851.1131259589902},"point_estimate":1850.1860080508952,"standard_error":0.5168808450352906},"median_abs_dev":{"confidence_interval":{"confidence_level":0.95,"lower_bound":3.6047110790660364,"upper_bound":5.478265189685903},"point_estimate":4.667062938108007,"standard_error":0.48289810558748136},"slope":{"confidence_interval":{"confidence_level":0.95,"lower_bound":1849.5527925686765,"upper_bound":1852.459941460975},"point_estimate":1850.8541484029836,"standard_error":0.7462772017532968},"std_dev":{"confidence_interval":{"confidence_level":0.95,"lower_bound":4.933030418405434,"upper_bound":13.604023847105024},"point_estimate":9.202481247539152,"standard_error":2.5051868951863234}}