{"mean":{"confidence_interval":{"confidence_level":0.95,"lower_bound":1183.2774761074359,"upper_bound":1185.9146344970177},"point_estimate":1184.300763209083,"standard_error":0.7053342625599344},"median":{"confidence_interval":{"confidence_level":0.95,"lower_bound":1182.7686622578026,"upper_bound":1183.3266765285996},"point_estimate":1182.996681203412,"standard_error":0.15238433891140477},"median_abs_dev":{"confidence_interval":{"confidence_level":0.95,"lower_bound":0.750445172032183,"upper_bound":1.3453173070742932},"point_estimate":0.9621249918602792,"standard_error":0.160836004266129},"slope":{"confidence_interval":{"confidence_level":0.95,"lower_bound":1183.550641480453,"upper_bound":1188.9343542423278},"point_estimate":1185.5558252501044,"standard_error":1.4725487693076798},"std_dev":{"confidence_interval":{"confidence_level":0.95,"lower_bound":1.8228980032479127,"upper_bound":11.703869213141502},"point_estimate":7.0843831034674265,"standard_error":3.2282368136578645}}