{"mean":{"confidence_interval":{"confidence_level":0.95,"lower_bound":2166.9543203215626,"upper_bound":2171.408064021385},"point_estimate":2168.9813434197654,"standard_error":1.1379113748291771},"median":{"confidence_interval":{"confidence_level":0.95,"lower_bound":2164.830760239024,"upper_bound":2166.9841123188407},"point_estimate":2165.532567397912,"standard_error":0.6129116821057315},"median_abs_dev":{"confidence_interval":{"confidence_level":0.95,"lower_bound":3.099454890765598,"upper_bound":5.450260777638854},"point_estimate":4.2536318083240925,"standard_error":0.6031081269447129},"slope":{"confidence_interval":{"confidence_level":0.95,"lower_bound":2165.4842089399076,"upper_bound":2168.8040767708962},"point_estimate":2166.9170351000057,"standard_error":0.8573264699562186},"std_dev":{"confidence_interval":{"confidence_level":0.95,"lower_bound":6.392927983862916,"upper_bound":15.901245780279384},"point_estimate":11.417602366164276,"standard_error":2.4626825891678914}}