{"mean":{"confidence_interval":{"confidence_level":0.95,"lower_bound":1752.5685273347585,"upper_bound":1762.803431755476},"point_estimate":1756.9698637592182,"standard_error":2.6445806626589046},"median":{"confidence_interval":{"confidence_level":0.95,"lower_bound":1749.4450395901258,"upper_bound":1752.0385518905873},"point_estimate":1751.08209193707,"standard_error":0.6826584145896861},"median_abs_dev":{"confidence_interval":{"confidence_level":0.95,"lower_bound":4.381618000592629,"upper_bound":7.8021547334985115},"point_estimate":5.981554026760415,"standard_error":0.8428212410319416},"slope":{"confidence_interval":{"confidence_level":0.95,"lower_bound":1753.564220619584,"upper_bound":1762.4771173270449},"point_estimate":1757.746862480727,"standard_error":2.287924963110344},"std_dev":{"confidence_interval":{"confidence_level":0.95,"lower_bound":10.870042334628039,"upper_bound":40.99796766667314},"point_estimate":26.581491591148282,"standard_error":8.558024558837753}}