{"mean":{"confidence_interval":{"confidence_level":0.95,"lower_bound":9143.961799494864,"upper_bound":9189.528310874366},"point_estimate":9163.093118359133,"standard_error":11.79591869243381},"median":{"confidence_interval":{"confidence_level":0.95,"lower_bound":9127.004635167465,"upper_bound":9174.704845154845},"point_estimate":9150.674242424244,"standard_error":16.556991957718232},"median_abs_dev":{"confidence_interval":{"confidence_level":0.95,"lower_bound":44.886009777276534,"upper_bound":73.15174525885075},"point_estimate":55.00361663712991,"standard_error":6.970659846615599},"slope":{"confidence_interval":{"confidence_level":0.95,"lower_bound":9156.040232429563,"upper_bound":9179.38187352528},"point_estimate":9168.465097599312,"standard_error":5.965864951553093},"std_dev":{"confidence_interval":{"confidence_level":0.95,"lower_bound":51.65473293063083,"upper_bound":186.13268034451082},"point_estimate":118.18575591919746,"standard_error":42.62087593615563}}