{"mean":{"confidence_interval":{"confidence_level":0.95,"lower_bound":6678.373349166606,"upper_bound":6709.344144349255},"point_estimate":6691.21359041569,"standard_error":8.050851213531862},"median":{"confidence_interval":{"confidence_level":0.95,"lower_bound":6660.625490196078,"upper_bound":6680.475555555556},"point_estimate":6666.055897435897,"standard_error":6.119457905856305},"median_abs_dev":{"confidence_interval":{"confidence_level":0.95,"lower_bound":17.931183792768543,"upper_bound":47.65475564932934},"point_estimate":26.190047073494934,"standard_error":8.280488669487445},"slope":{"confidence_interval":{"confidence_level":0.95,"lower_bound":6700.287219588492,"upper_bound":6721.951982914163},"point_estimate":6710.854060588148,"standard_error":5.5052543020485585},"std_dev":{"confidence_interval":{"confidence_level":0.95,"lower_bound":33.57788067766318,"upper_bound":128.2510394743959},"point_estimate":80.76351518386625,"standard_error":30.649951677145737}}