{"mean":{"confidence_interval":{"confidence_level":0.95,"lower_bound":5260.094166246039,"upper_bound":5291.7455920870625},"point_estimate":5272.607256122245,"standard_error":8.40998933813088},"median":{"confidence_interval":{"confidence_level":0.95,"lower_bound":5255.740274599542,"upper_bound":5264.159868421053},"point_estimate":5260.290887064208,"standard_error":2.186378344960612},"median_abs_dev":{"confidence_interval":{"confidence_level":0.95,"lower_bound":13.745746735341871,"upper_bound":21.751848009539913},"point_estimate":17.469297123466752,"standard_error":2.0136022870373944},"slope":{"confidence_interval":{"confidence_level":0.95,"lower_bound":5252.487287973512,"upper_bound":5261.854521409139},"point_estimate":5256.911381394228,"standard_error":2.3939670594090967},"std_dev":{"confidence_interval":{"confidence_level":0.95,"lower_bound":19.151659573216968,"upper_bound":138.957281889177},"point_estimate":84.60294075050521,"standard_error":36.718794983389486}}