{"mean":{"confidence_interval":{"confidence_level":0.95,"lower_bound":5432.598126624823,"upper_bound":5475.475546571928},"point_estimate":5454.861051562745,"standard_error":10.975902495618215},"median":{"confidence_interval":{"confidence_level":0.95,"lower_bound":5444.940551346801,"upper_bound":5498.7400793650795},"point_estimate":5471.250041152263,"standard_error":16.840396094887396},"median_abs_dev":{"confidence_interval":{"confidence_level":0.95,"lower_bound":71.90459855724623,"upper_bound":113.47171653446414},"point_estimate":94.30960244089994,"standard_error":10.456426809727878},"slope":{"confidence_interval":{"confidence_level":0.95,"lower_bound":5439.222963731157,"upper_bound":5485.044571304357},"point_estimate":5461.463420849547,"standard_error":11.731442953221164},"std_dev":{"confidence_interval":{"confidence_level":0.95,"lower_bound":82.67548799700272,"upper_bound":134.72485072054965},"point_estimate":110.03175818627999,"standard_error":13.409021474752986}}