{"mean":{"confidence_interval":{"confidence_level":0.95,"lower_bound":4499.139710110121,"upper_bound":4646.934917973179},"point_estimate":4566.69420696472,"standard_error":37.86444946815784},"median":{"confidence_interval":{"confidence_level":0.95,"lower_bound":4434.950680272109,"upper_bound":4447.015360983103},"point_estimate":4441.186618165784,"standard_error":3.165567090629073},"median_abs_dev":{"confidence_interval":{"confidence_level":0.95,"lower_bound":18.581758361323974,"upper_bound":34.313556448781284},"point_estimate":23.498316410107435,"standard_error":3.9852410901346724},"slope":{"confidence_interval":{"confidence_level":0.95,"lower_bound":4497.243756025756,"upper_bound":4625.756358162436},"point_estimate":4557.2326023348605,"standard_error":32.926866136186334},"std_dev":{"confidence_interval":{"confidence_level":0.95,"lower_bound":222.99765696146025,"upper_bound":521.9636477785419},"point_estimate":381.90233324619595,"standard_error":77.12568534380067}}