{"mean":{"confidence_interval":{"confidence_level":0.95,"lower_bound":4486.822449792473,"upper_bound":4499.148423017629},"point_estimate":4492.168302368336,"standard_error":3.1784243002103256},"median":{"confidence_interval":{"confidence_level":0.95,"lower_bound":4485.154666666666,"upper_bound":4491.688201459035},"point_estimate":4487.774509803921,"standard_error":1.5260609154770246},"median_abs_dev":{"confidence_interval":{"confidence_level":0.95,"lower_bound":11.738043027239966,"upper_bound":17.53292853815501},"point_estimate":14.96969149894118,"standard_error":1.4349905296187424},"slope":{"confidence_interval":{"confidence_level":0.95,"lower_bound":4486.719278395856,"upper_bound":4503.384789797293},"point_estimate":4493.28293581597,"standard_error":4.410098392109713},"std_dev":{"confidence_interval":{"confidence_level":0.95,"lower_bound":14.35307248912579,"upper_bound":49.256281008569154},"point_estimate":31.9903132742324,"standard_error":10.293535558781146}}