{"mean":{"confidence_interval":{"confidence_level":0.95,"lower_bound":10913.07404155289,"upper_bound":10935.047843445353},"point_estimate":10922.942288051378,"standard_error":5.62321321765309},"median":{"confidence_interval":{"confidence_level":0.95,"lower_bound":10904.718466424682,"upper_bound":10914.262199749555},"point_estimate":10908.813757366388,"standard_error":2.1890393151067906},"median_abs_dev":{"confidence_interval":{"confidence_level":0.95,"lower_bound":14.689054751191971,"upper_bound":27.08927099066401},"point_estimate":20.863886406992474,"standard_error":3.3795123901102615},"slope":{"confidence_interval":{"confidence_level":0.95,"lower_bound":10914.568228601089,"upper_bound":10934.542702153636},"point_estimate":10923.103341292495,"standard_error":5.177749139172887},"std_dev":{"confidence_interval":{"confidence_level":0.95,"lower_bound":30.299672281051457,"upper_bound":82.01033884652867},"point_estimate":56.22780627182569,"standard_error":14.178370229516135}}