{"mean":{"confidence_interval":{"confidence_level":0.95,"lower_bound":5822.59216553058,"upper_bound":5839.630504342374},"point_estimate":5829.784621169651,"standard_error":4.407117377684959},"median":{"confidence_interval":{"confidence_level":0.95,"lower_bound":5818.893435635124,"upper_bound":5824.230429864254},"point_estimate":5821.3852564941435,"standard_error":1.306605509279114},"median_abs_dev":{"confidence_interval":{"confidence_level":0.95,"lower_bound":7.333322721166034,"upper_bound":15.003364326790901},"point_estimate":10.33140990554002,"standard_error":2.0741709330178986},"slope":{"confidence_interval":{"confidence_level":0.95,"lower_bound":5821.651551024058,"upper_bound":5828.689387494947},"point_estimate":5824.914938412191,"standard_error":1.7974855701441788},"std_dev":{"confidence_interval":{"confidence_level":0.95,"lower_bound":16.227912416034215,"upper_bound":69.72930882867819},"point_estimate":44.33198938486858,"standard_error":15.49230596149866}}