{"mean":{"confidence_interval":{"confidence_level":0.95,"lower_bound":12348.283024600585,"upper_bound":12435.396546234068},"point_estimate":12384.244803996797,"standard_error":22.647342011628155},"median":{"confidence_interval":{"confidence_level":0.95,"lower_bound":12321.536096256685,"upper_bound":12357.4484228474},"point_estimate":12333.646218487394,"standard_error":8.92164856332043},"median_abs_dev":{"confidence_interval":{"confidence_level":0.95,"lower_bound":42.97335670313154,"upper_bound":76.00908339594713},"point_estimate":51.981208746265935,"standard_error":8.604562194189933},"slope":{"confidence_interval":{"confidence_level":0.95,"lower_bound":12348.919082127364,"upper_bound":12485.330318037788},"point_estimate":12408.608648545276,"standard_error":35.019774863356155},"std_dev":{"confidence_interval":{"confidence_level":0.95,"lower_bound":77.37739195716456,"upper_bound":362.9440095693246},"point_estimate":227.70869355319343,"standard_error":85.07315867237172}}