{"mean":{"confidence_interval":{"confidence_level":0.95,"lower_bound":257058.45582608698,"upper_bound":258394.82720652164},"point_estimate":257631.07521739122,"standard_error":341.9677817009713},"median":{"confidence_interval":{"confidence_level":0.95,"lower_bound":257223.4347826087,"upper_bound":257734.39130434784},"point_estimate":257526.82608695654,"standard_error":126.0075677773549},"median_abs_dev":{"confidence_interval":{"confidence_level":0.95,"lower_bound":829.5791461415838,"upper_bound":1337.4340979949138},"point_estimate":1060.1556724828326,"standard_error":131.1427661772679},"slope":null,"std_dev":{"confidence_interval":{"confidence_level":0.95,"lower_bound":1364.5306400420536,"upper_bound":5433.769954851833},"point_estimate":3416.4654976347724,"standard_error":1231.2040023994234}}