{"mean":{"confidence_interval":{"confidence_level":0.95,"lower_bound":235429.07629068522,"upper_bound":239858.3264901096},"point_estimate":236993.25717492736,"standard_error":1309.8487584627449},"median":{"confidence_interval":{"confidence_level":0.95,"lower_bound":235345.52173913043,"upper_bound":235546.46774193548},"point_estimate":235467.60670731706,"standard_error":53.20055637189561},"median_abs_dev":{"confidence_interval":{"confidence_level":0.95,"lower_bound":311.2909626786313,"upper_bound":530.8842742716614},"point_estimate":408.99031886770524,"standard_error":58.019814837224885},"slope":{"confidence_interval":{"confidence_level":0.95,"lower_bound":235502.09575635137,"upper_bound":237083.4357051086},"point_estimate":236072.62875424855,"standard_error":440.7097273570577},"std_dev":{"confidence_interval":{"confidence_level":0.95,"lower_bound":688.0217308653251,"upper_bound":22392.951873208436},"point_estimate":13135.741357585053,"standard_error":7395.006653829114}}