{"mean":{"confidence_interval":{"confidence_level":0.95,"lower_bound":336212.9615357221,"upper_bound":339742.95030981506},"point_estimate":337581.6867528726,"standard_error":939.0497580889888},"median":{"confidence_interval":{"confidence_level":0.95,"lower_bound":335249.06666666665,"upper_bound":335936.3384615384},"point_estimate":335493.5130597015,"standard_error":185.6124163074888},"median_abs_dev":{"confidence_interval":{"confidence_level":0.95,"lower_bound":622.6813989452224,"upper_bound":1749.7528038159398},"point_estimate":1049.108849600068,"standard_error":288.41155711424403},"slope":{"confidence_interval":{"confidence_level":0.95,"lower_bound":336692.4972451382,"upper_bound":337545.0925778872},"point_estimate":337131.7727530663,"standard_error":216.66713857548524},"std_dev":{"confidence_interval":{"confidence_level":0.95,"lower_bound":1621.5839916292853,"upper_bound":15544.555052099857},"point_estimate":9398.606219425803,"standard_error":4208.741776220065}}