{"mean":{"confidence_interval":{"confidence_level":0.95,"lower_bound":845746.6934166666,"upper_bound":851862.7117708332},"point_estimate":848121.24,"standard_error":1640.8384822187495},"median":{"confidence_interval":{"confidence_level":0.95,"lower_bound":844995.0833333334,"upper_bound":845490.1666666666},"point_estimate":845099.4583333334,"standard_error":122.71264954114166},"median_abs_dev":{"confidence_interval":{"confidence_level":0.95,"lower_bound":602.1826893091489,"upper_bound":1099.1625554859638},"point_estimate":810.1791106165031,"standard_error":126.5716243070954},"slope":null,"std_dev":{"confidence_interval":{"confidence_level":0.95,"lower_bound":1992.5638799383312,"upper_bound":27338.320429185704},"point_estimate":16521.999245756513,"standard_error":7539.547536223557}}