{"mean":{"confidence_interval":{"confidence_level":0.95,"lower_bound":822621.7444038466,"upper_bound":824133.247057692},"point_estimate":823382.917692308,"standard_error":384.3790565541198},"median":{"confidence_interval":{"confidence_level":0.95,"lower_bound":824107.2307692308,"upper_bound":824608.1538461539},"point_estimate":824365.3846153846,"standard_error":121.65948970895688},"median_abs_dev":{"confidence_interval":{"confidence_level":0.95,"lower_bound":527.8626137054551,"upper_bound":1020.8841280294635},"point_estimate":721.5700025741937,"standard_error":119.88317007421468},"slope":null,"std_dev":{"confidence_interval":{"confidence_level":0.95,"lower_bound":2777.7576201470106,"upper_bound":4885.414346199935},"point_estimate":3853.2844819629804,"standard_error":539.2264909106897}}