{"mean":{"confidence_interval":{"confidence_level":0.95,"lower_bound":835138.6914166667,"upper_bound":835646.6356458334},"point_estimate":835374.8633333334,"standard_error":129.64869189564686},"median":{"confidence_interval":{"confidence_level":0.95,"lower_bound":834787.4166666666,"upper_bound":835039.5833333333},"point_estimate":834909.75,"standard_error":63.646704610226806},"median_abs_dev":{"confidence_interval":{"confidence_level":0.95,"lower_bound":301.3384446502595,"upper_bound":613.365508485557},"point_estimate":446.2008170783232,"standard_error":79.37873116686295},"slope":null,"std_dev":{"confidence_interval":{"confidence_level":0.95,"lower_bound":838.2825316266905,"upper_bound":1711.4006281338068},"point_estimate":1303.453034468053,"standard_error":223.1844596496563}}