{"mean":{"confidence_interval":{"confidence_level":0.95,"lower_bound":692389.0589000001,"upper_bound":692701.427566667},"point_estimate":692537.1973333332,"standard_error":79.76647991184322},"median":{"confidence_interval":{"confidence_level":0.95,"lower_bound":692287.9333333333,"upper_bound":692436.8},"point_estimate":692376.4666666667,"standard_error":33.252320553944884},"median_abs_dev":{"confidence_interval":{"confidence_level":0.95,"lower_bound":492.17377126218037,"upper_bound":743.1779468058619},"point_estimate":664.4518882036497,"standard_error":64.93158601314934},"slope":null,"std_dev":{"confidence_interval":{"confidence_level":0.95,"lower_bound":596.1476053321186,"upper_bound":999.6932165125427},"point_estimate":806.2759280119857,"standard_error":103.7212564474137}}