{"mean":{"confidence_interval":{"confidence_level":0.95,"lower_bound":25771.97847336787,"upper_bound":25821.475822934644},"point_estimate":25797.75573083334,"standard_error":12.647919711573511},"median":{"confidence_interval":{"confidence_level":0.95,"lower_bound":25839.965995400085,"upper_bound":25853.132352941175},"point_estimate":25848.850824420675,"standard_error":3.5445790898566085},"median_abs_dev":{"confidence_interval":{"confidence_level":0.95,"lower_bound":18.09137397458791,"upper_bound":46.091279908389225},"point_estimate":31.56034983837921,"standard_error":7.4159250529864496},"slope":{"confidence_interval":{"confidence_level":0.95,"lower_bound":25806.663949324906,"upper_bound":25852.365717984227},"point_estimate":25831.564509753214,"standard_error":11.704618789656188},"std_dev":{"confidence_interval":{"confidence_level":0.95,"lower_bound":101.18214627461056,"upper_bound":149.0717449485666},"point_estimate":127.17726408870129,"standard_error":12.151106832930584}}