{"mean":{"confidence_interval":{"confidence_level":0.95,"lower_bound":4727278.990250004,"upper_bound":4734964.924},"point_estimate":4730791.873333337,"standard_error":1967.2510098201801},"median":{"confidence_interval":{"confidence_level":0.95,"lower_bound":4724088.0,"upper_bound":4730603.5},"point_estimate":4727591.166666667,"standard_error":1746.8418102756784},"median_abs_dev":{"confidence_interval":{"confidence_level":0.95,"lower_bound":9027.304139733546,"upper_bound":16002.195715903776},"point_estimate":11767.890191077726,"standard_error":1816.2202409706251},"slope":null,"std_dev":{"confidence_interval":{"confidence_level":0.95,"lower_bound":12166.814836371092,"upper_bound":28407.916266519944},"point_estimate":19793.577673398584,"standard_error":4836.458134621575}}