{"mean":{"confidence_interval":{"confidence_level":0.95,"lower_bound":3887081.0249999985,"upper_bound":3912777.238249998},"point_estimate":3896555.7599999993,"standard_error":7306.326941228488},"median":{"confidence_interval":{"confidence_level":0.95,"lower_bound":3882420.5,"upper_bound":3889265.0},"point_estimate":3885065.5,"standard_error":1482.4679859114199},"median_abs_dev":{"confidence_interval":{"confidence_level":0.95,"lower_bound":7543.46866607666,"upper_bound":14685.41219428159},"point_estimate":11645.081493258476,"standard_error":1852.1423603382934},"slope":null,"std_dev":{"confidence_interval":{"confidence_level":0.95,"lower_bound":12047.719567545939,"upper_bound":124487.41889149434},"point_estimate":73583.57285486835,"standard_error":38832.99662489415}}