{"mean":{"confidence_interval":{"confidence_level":0.95,"lower_bound":6169548.002874999,"upper_bound":6175661.3081249995},"point_estimate":6172562.925,"standard_error":1565.7331338299389},"median":{"confidence_interval":{"confidence_level":0.95,"lower_bound":6165140.0,"upper_bound":6174407.25},"point_estimate":6168829.5,"standard_error":2441.0214492929167},"median_abs_dev":{"confidence_interval":{"confidence_level":0.95,"lower_bound":11901.11724246294,"upper_bound":19227.83905863762},"point_estimate":16116.97366386652,"standard_error":1893.0452616200166},"slope":null,"std_dev":{"confidence_interval":{"confidence_level":0.95,"lower_bound":13406.618616359925,"upper_bound":17863.29612898743},"point_estimate":15739.135529277475,"standard_error":1139.330519310882}}