{"mean":{"confidence_interval":{"confidence_level":0.95,"lower_bound":3729579.469083332,"upper_bound":3736931.473999999},"point_estimate":3732858.243333334,"standard_error":1886.2991107731398},"median":{"confidence_interval":{"confidence_level":0.95,"lower_bound":3727340.0,"upper_bound":3732267.333333333},"point_estimate":3729670.8333333335,"standard_error":1126.5045809321105},"median_abs_dev":{"confidence_interval":{"confidence_level":0.95,"lower_bound":7151.568073034747,"upper_bound":12967.066469789012},"point_estimate":11023.625004291765,"standard_error":1515.3012127174857},"slope":null,"std_dev":{"confidence_interval":{"confidence_level":0.95,"lower_bound":9568.655834412442,"upper_bound":28117.15236094943},"point_estimate":18996.09039396179,"standard_error":5045.938589544948}}