{"mean":{"confidence_interval":{"confidence_level":0.95,"lower_bound":4558253.464333332,"upper_bound":4590486.053916668},"point_estimate":4570083.826666667,"standard_error":9164.899972514258},"median":{"confidence_interval":{"confidence_level":0.95,"lower_bound":4555963.333333334,"upper_bound":4561373.0},"point_estimate":4558199.166666666,"standard_error":1308.2976026437104},"median_abs_dev":{"confidence_interval":{"confidence_level":0.95,"lower_bound":9268.72083544708,"upper_bound":16655.033904314503},"point_estimate":11697.466692327993,"standard_error":1931.419183050216},"slope":null,"std_dev":{"confidence_interval":{"confidence_level":0.95,"lower_bound":14623.934442543587,"upper_bound":156212.36041411583},"point_estimate":92285.14234269214,"standard_error":48882.59700151738}}