{"mean":{"confidence_interval":{"confidence_level":0.95,"lower_bound":3841066.1460833326,"upper_bound":3855081.9970000014},"point_estimate":3847304.78,"standard_error":3613.9561413082024},"median":{"confidence_interval":{"confidence_level":0.95,"lower_bound":3835461.833333333,"upper_bound":3848449.6666666665},"point_estimate":3840886.833333333,"standard_error":2977.029426584132},"median_abs_dev":{"confidence_interval":{"confidence_level":0.95,"lower_bound":14625.84874033928,"upper_bound":21181.905823946},"point_estimate":17393.862891197205,"standard_error":1691.1281744010817},"slope":null,"std_dev":{"confidence_interval":{"confidence_level":0.95,"lower_bound":15886.58366227183,"upper_bound":52794.01728261941},"point_estimate":36428.686650806194,"standard_error":9757.994901246257}}