{"mean":{"confidence_interval":{"confidence_level":0.95,"lower_bound":5271750.525625,"upper_bound":5283942.651625},"point_estimate":5277059.5,"standard_error":3145.4288072812897},"median":{"confidence_interval":{"confidence_level":0.95,"lower_bound":5268427.0,"upper_bound":5273917.0},"point_estimate":5272171.5,"standard_error":1324.5384281144009},"median_abs_dev":{"confidence_interval":{"confidence_level":0.95,"lower_bound":7987.4424944445545,"upper_bound":13082.091517746449},"point_estimate":10858.191557228565,"standard_error":1309.334108778154},"slope":null,"std_dev":{"confidence_interval":{"confidence_level":0.95,"lower_bound":11183.590926588888,"upper_bound":47330.915215882174},"point_estimate":31647.339919012073,"standard_error":9615.685593091188}}