{"mean":{"confidence_interval":{"confidence_level":0.95,"lower_bound":5421525.0865,"upper_bound":5433934.819999999},"point_estimate":5426997.385,"standard_error":3187.1362460089267},"median":{"confidence_interval":{"confidence_level":0.95,"lower_bound":5422413.0,"upper_bound":5432059.0},"point_estimate":5429969.75,"standard_error":2481.4631430107665},"median_abs_dev":{"confidence_interval":{"confidence_level":0.95,"lower_bound":13152.793003991253,"upper_bound":29305.812379717827},"point_estimate":22061.458258330822,"standard_error":4511.51479854746},"slope":null,"std_dev":{"confidence_interval":{"confidence_level":0.95,"lower_bound":17724.780508347172,"upper_bound":48377.6672586845},"point_estimate":32051.13094167945,"standard_error":9770.442336874112}}