{"mean":{"confidence_interval":{"confidence_level":0.95,"lower_bound":5185533.523875,"upper_bound":5191620.402625},"point_estimate":5188491.945,"standard_error":1554.5229360501228},"median":{"confidence_interval":{"confidence_level":0.95,"lower_bound":5182651.5,"upper_bound":5189239.0},"point_estimate":5185346.75,"standard_error":1826.3670430109355},"median_abs_dev":{"confidence_interval":{"confidence_level":0.95,"lower_bound":8804.4199436903,"upper_bound":16138.84201347828},"point_estimate":11013.864554464817,"standard_error":1841.9900875638846},"slope":null,"std_dev":{"confidence_interval":{"confidence_level":0.95,"lower_bound":12700.191046422895,"upper_bound":18255.817029998085},"point_estimate":15670.051649611432,"standard_error":1416.72025783021}}