{"mean":{"confidence_interval":{"confidence_level":0.95,"lower_bound":4050903.6265833336,"upper_bound":4067664.5127500007},"point_estimate":4058384.2499999986,"standard_error":4307.567865881013},"median":{"confidence_interval":{"confidence_level":0.95,"lower_bound":4046662.0,"upper_bound":4053017.3333333335},"point_estimate":4049847.833333333,"standard_error":1564.4413266699532},"median_abs_dev":{"confidence_interval":{"confidence_level":0.95,"lower_bound":12382.922080158956,"upper_bound":19549.810352921602},"point_estimate":16412.87590861309,"standard_error":1784.8577074601678},"slope":null,"std_dev":{"confidence_interval":{"confidence_level":0.95,"lower_bound":17535.573926521145,"upper_bound":62274.734507870526},"point_estimate":43382.879129894616,"standard_error":11081.308851066555}}