{"mean":{"confidence_interval":{"confidence_level":0.95,"lower_bound":4075581.335999998,"upper_bound":4109599.6387499995},"point_estimate":4089274.153333334,"standard_error":8917.79697278383},"median":{"confidence_interval":{"confidence_level":0.95,"lower_bound":4066080.0,"upper_bound":4071223.0},"point_estimate":4067858.5,"standard_error":1431.9631279483688},"median_abs_dev":{"confidence_interval":{"confidence_level":0.95,"lower_bound":8157.265055179596,"upper_bound":16403.486108779907},"point_estimate":11212.162300944328,"standard_error":2087.282358064879},"slope":null,"std_dev":{"confidence_interval":{"confidence_level":0.95,"lower_bound":26996.36479081232,"upper_bound":144321.38835088554},"point_estimate":89231.3582324743,"standard_error":36267.92007400849}}