{"mean":{"confidence_interval":{"confidence_level":0.95,"lower_bound":12683261.571,"upper_bound":12704118.9725},"point_estimate":12692548.65,"standard_error":5348.858993394847},"median":{"confidence_interval":{"confidence_level":0.95,"lower_bound":12677021.0,"upper_bound":12686719.0},"point_estimate":12682024.5,"standard_error":2482.1221421819478},"median_abs_dev":{"confidence_interval":{"confidence_level":0.95,"lower_bound":15610.295122861862,"upper_bound":29291.72767996788},"point_estimate":22391.707402467728,"standard_error":3405.759793563368},"slope":null,"std_dev":{"confidence_interval":{"confidence_level":0.95,"lower_bound":26003.85789580251,"upper_bound":79188.68900236631},"point_estimate":53811.92426909606,"standard_error":13956.381084864892}}