{"mean":{"confidence_interval":{"confidence_level":0.95,"lower_bound":8578111.546,"upper_bound":8589273.023249999},"point_estimate":8583420.05,"standard_error":2851.774932473819},"median":{"confidence_interval":{"confidence_level":0.95,"lower_bound":8575061.5,"upper_bound":8585080.25},"point_estimate":8578745.25,"standard_error":2957.108336116753},"median_abs_dev":{"confidence_interval":{"confidence_level":0.95,"lower_bound":16502.449657022953,"upper_bound":28162.44981251655},"point_estimate":21499.923518300056,"standard_error":2886.14415795143},"slope":null,"std_dev":{"confidence_interval":{"confidence_level":0.95,"lower_bound":21309.448996096206,"upper_bound":35795.668141378024},"point_estimate":28653.22432025705,"standard_error":3737.8518422586826}}