{"mean":{"confidence_interval":{"confidence_level":0.95,"lower_bound":5925799.768,"upper_bound":5941967.93825},"point_estimate":5931967.975,"standard_error":4329.375808583203},"median":{"confidence_interval":{"confidence_level":0.95,"lower_bound":5922609.5,"upper_bound":5929274.5},"point_estimate":5926724.5,"standard_error":1671.3088521648547},"median_abs_dev":{"confidence_interval":{"confidence_level":0.95,"lower_bound":9620.961879193783,"upper_bound":16006.538498327132},"point_estimate":13380.835412442684,"standard_error":1605.106442345242},"slope":null,"std_dev":{"confidence_interval":{"confidence_level":0.95,"lower_bound":11630.710109547332,"upper_bound":72106.40652143308},"point_estimate":43451.41419786959,"standard_error":20324.600694111872}}