{"mean":{"confidence_interval":{"confidence_level":0.95,"lower_bound":7576744.4765,"upper_bound":7608949.281375},"point_estimate":7591153.565,"standard_error":8258.42203821682},"median":{"confidence_interval":{"confidence_level":0.95,"lower_bound":7566085.5,"upper_bound":7585281.0},"point_estimate":7574233.25,"standard_error":4806.78626866579},"median_abs_dev":{"confidence_interval":{"confidence_level":0.95,"lower_bound":22751.979196071625,"upper_bound":36131.70265853405},"point_estimate":31423.33579212427,"standard_error":3459.90273017632},"slope":null,"std_dev":{"confidence_interval":{"confidence_level":0.95,"lower_bound":34917.022468933465,"upper_bound":117851.10366846711},"point_estimate":82945.15779967146,"standard_error":20647.80910714321}}