{"mean":{"confidence_interval":{"confidence_level":0.95,"lower_bound":5651775.63275,"upper_bound":5682760.8398750005},"point_estimate":5663958.845,"standard_error":8177.41428441272},"median":{"confidence_interval":{"confidence_level":0.95,"lower_bound":5644858.0,"upper_bound":5656181.5},"point_estimate":5650332.25,"standard_error":2266.8272319116236},"median_abs_dev":{"confidence_interval":{"confidence_level":0.95,"lower_bound":14705.167838931084,"upper_bound":26611.71510379758},"point_estimate":19223.391258716583,"standard_error":3074.7042846680574},"slope":null,"std_dev":{"confidence_interval":{"confidence_level":0.95,"lower_bound":24041.48003502882,"upper_bound":134648.16317819036},"point_estimate":82133.85968389783,"standard_error":35978.51686079399}}