{"mean":{"confidence_interval":{"confidence_level":0.95,"lower_bound":9441820.225125,"upper_bound":9460455.633624999},"point_estimate":9450421.16,"standard_error":4771.724486113413},"median":{"confidence_interval":{"confidence_level":0.95,"lower_bound":9435364.5,"upper_bound":9446142.25},"point_estimate":9439860.25,"standard_error":3333.6912938107366},"median_abs_dev":{"confidence_interval":{"confidence_level":0.95,"lower_bound":19041.689365692444,"upper_bound":32236.171227693558},"point_estimate":24545.554514229298,"standard_error":3347.0315741070863},"slope":null,"std_dev":{"confidence_interval":{"confidence_level":0.95,"lower_bound":29126.374173178177,"upper_bound":65333.44636375562},"point_estimate":48076.954461281355,"standard_error":9392.932921691521}}