{"mean":{"confidence_interval":{"confidence_level":0.95,"lower_bound":9752916.678375,"upper_bound":9772501.54275},"point_estimate":9761746.6,"standard_error":5047.3192332215785},"median":{"confidence_interval":{"confidence_level":0.95,"lower_bound":9747049.0,"upper_bound":9754247.25},"point_estimate":9750936.25,"standard_error":1820.222933475365},"median_abs_dev":{"confidence_interval":{"confidence_level":0.95,"lower_bound":12800.7589064911,"upper_bound":19818.655148148537},"point_estimate":16896.450600028038,"standard_error":1765.059533622603},"slope":null,"std_dev":{"confidence_interval":{"confidence_level":0.95,"lower_bound":23133.509909707424,"upper_bound":71834.66286396231},"point_estimate":50878.908404359376,"standard_error":12256.770372997476}}