{"mean":{"confidence_interval":{"confidence_level":0.95,"lower_bound":7867586.92125,"upper_bound":7888274.423125},"point_estimate":7877168.155,"standard_error":5306.568913420997},"median":{"confidence_interval":{"confidence_level":0.95,"lower_bound":7856706.5,"upper_bound":7873096.75},"point_estimate":7864250.5,"standard_error":5166.613666330117},"median_abs_dev":{"confidence_interval":{"confidence_level":0.95,"lower_bound":20015.84094464779,"upper_bound":36870.77874541283},"point_estimate":26676.79197639227,"standard_error":4340.678878927358},"slope":null,"std_dev":{"confidence_interval":{"confidence_level":0.95,"lower_bound":32651.91089462924,"upper_bound":70881.28580326588},"point_estimate":53226.681842693426,"standard_error":9725.411288876287}}