{"mean":{"confidence_interval":{"confidence_level":0.95,"lower_bound":12945471.692750001,"upper_bound":13016061.78575},"point_estimate":12973793.78,"standard_error":18585.965738706756},"median":{"confidence_interval":{"confidence_level":0.95,"lower_bound":12927165.0,"upper_bound":12947223.0},"point_estimate":12935346.0,"standard_error":4841.523607413595},"median_abs_dev":{"confidence_interval":{"confidence_level":0.95,"lower_bound":29624.571374058723,"upper_bound":55135.85444614287},"point_estimate":38974.588108062744,"standard_error":6649.561769326144},"slope":null,"std_dev":{"confidence_interval":{"confidence_level":0.95,"lower_bound":62374.267628947564,"upper_bound":304287.9107800605},"point_estimate":187204.00470245813,"standard_error":79357.26808126218}}