{"mean":{"confidence_interval":{"confidence_level":0.95,"lower_bound":12371813.450000001,"upper_bound":12394000.26625},"point_estimate":12382574.48,"standard_error":5670.162879440861},"median":{"confidence_interval":{"confidence_level":0.95,"lower_bound":12362419.5,"upper_bound":12382537.0},"point_estimate":12370449.5,"standard_error":5193.446203121974},"median_abs_dev":{"confidence_interval":{"confidence_level":0.95,"lower_bound":34608.3311855793,"upper_bound":61183.194413781166},"point_estimate":49396.524623036385,"standard_error":6323.129616628904},"slope":null,"std_dev":{"confidence_interval":{"confidence_level":0.95,"lower_bound":44650.88132750834,"upper_bound":68967.762082488},"point_estimate":57094.99953488471,"standard_error":6250.760081304825}}