{"mean":{"confidence_interval":{"confidence_level":0.95,"lower_bound":11038156.646750001,"upper_bound":11224255.38675},"point_estimate":11117062.89,"standard_error":48373.805679689285},"median":{"confidence_interval":{"confidence_level":0.95,"lower_bound":10997568.0,"upper_bound":11029062.0},"point_estimate":11009555.5,"standard_error":8541.676298259345},"median_abs_dev":{"confidence_interval":{"confidence_level":0.95,"lower_bound":61027.521416544914,"upper_bound":112570.10950148106},"point_estimate":90126.51109993458,"standard_error":13041.296401305317},"slope":null,"std_dev":{"confidence_interval":{"confidence_level":0.95,"lower_bound":131512.58830177563,"upper_bound":736011.5223322881},"point_estimate":483586.70817324606,"standard_error":163163.94332442575}}