{"mean":{"confidence_interval":{"confidence_level":0.95,"lower_bound":7930487.06575,"upper_bound":7961473.0705},"point_estimate":7944289.355,"standard_error":7945.446633648034},"median":{"confidence_interval":{"confidence_level":0.95,"lower_bound":7920933.5,"upper_bound":7932475.25},"point_estimate":7927463.0,"standard_error":3098.9759776092783},"median_abs_dev":{"confidence_interval":{"confidence_level":0.95,"lower_bound":18173.710477352142,"upper_bound":32106.44372999668},"point_estimate":24701.96881145239,"standard_error":3518.336139204297},"slope":null,"std_dev":{"confidence_interval":{"confidence_level":0.95,"lower_bound":31095.922358930657,"upper_bound":114162.95158216993},"point_estimate":79858.61080964241,"standard_error":20122.91077965444}}