{"mean":{"confidence_interval":{"confidence_level":0.95,"lower_bound":8806834.979,"upper_bound":8833004.55875},"point_estimate":8818750.405,"standard_error":6703.853133106026},"median":{"confidence_interval":{"confidence_level":0.95,"lower_bound":8799390.5,"upper_bound":8807861.5},"point_estimate":8802691.5,"standard_error":1969.1052386251656},"median_abs_dev":{"confidence_interval":{"confidence_level":0.95,"lower_bound":18181.123477220535,"upper_bound":31838.92709724603},"point_estimate":26142.685335874557,"standard_error":3553.444663015197},"slope":null,"std_dev":{"confidence_interval":{"confidence_level":0.95,"lower_bound":36793.8249754535,"upper_bound":91408.0071425508},"point_estimate":67420.05794218626,"standard_error":14024.748747526683}}