{"mean":{"confidence_interval":{"confidence_level":0.95,"lower_bound":8393371.291749999,"upper_bound":8412635.050749999},"point_estimate":8401723.02,"standard_error":4977.404970363003},"median":{"confidence_interval":{"confidence_level":0.95,"lower_bound":8386564.0,"upper_bound":8396444.5},"point_estimate":8390358.25,"standard_error":2568.311058101888},"median_abs_dev":{"confidence_interval":{"confidence_level":0.95,"lower_bound":15614.001622796059,"upper_bound":26595.248977839947},"point_estimate":20271.589440107346,"standard_error":2863.909531763425},"slope":null,"std_dev":{"confidence_interval":{"confidence_level":0.95,"lower_bound":23833.930880889882,"upper_bound":75912.95756478388},"point_estimate":49987.49538689802,"standard_error":15364.30950108248}}