{"mean":{"confidence_interval":{"confidence_level":0.95,"lower_bound":8437684.15725,"upper_bound":8450697.319125},"point_estimate":8443520.76,"standard_error":3338.9190911034243},"median":{"confidence_interval":{"confidence_level":0.95,"lower_bound":8432787.75,"upper_bound":8443382.25},"point_estimate":8438894.0,"standard_error":2617.903512277179},"median_abs_dev":{"confidence_interval":{"confidence_level":0.95,"lower_bound":12699.571458287537,"upper_bound":18931.3190639019},"point_estimate":15091.014482080936,"standard_error":1686.4338412293457},"slope":null,"std_dev":{"confidence_interval":{"confidence_level":0.95,"lower_bound":13523.247081742235,"upper_bound":47191.11509628826},"point_estimate":33511.81721034833,"standard_error":8129.938900762856}}