{"mean":{"confidence_interval":{"confidence_level":0.95,"lower_bound":6020043.212499999,"upper_bound":6035104.71075},"point_estimate":6025753.255,"standard_error":4075.779228597643},"median":{"confidence_interval":{"confidence_level":0.95,"lower_bound":6016817.25,"upper_bound":6019201.5},"point_estimate":6018076.75,"standard_error":653.1833289933328},"median_abs_dev":{"confidence_interval":{"confidence_level":0.95,"lower_bound":4483.752970397472,"upper_bound":8312.567402422428},"point_estimate":6610.1719826459885,"standard_error":1030.7209477647805},"slope":null,"std_dev":{"confidence_interval":{"confidence_level":0.95,"lower_bound":8571.533780140095,"upper_bound":68153.0616496141},"point_estimate":40924.19406902804,"standard_error":19493.18258424146}}