{"mean":{"confidence_interval":{"confidence_level":0.95,"lower_bound":6130476.561125,"upper_bound":6172058.20775},"point_estimate":6147833.8,"standard_error":10765.96986912569},"median":{"confidence_interval":{"confidence_level":0.95,"lower_bound":6125700.5,"upper_bound":6127507.75},"point_estimate":6126189.75,"standard_error":451.76684806985975},"median_abs_dev":{"confidence_interval":{"confidence_level":0.95,"lower_bound":2403.665207326412,"upper_bound":4879.236513376236},"point_estimate":3278.7698417901993,"standard_error":600.2013306904745},"slope":null,"std_dev":{"confidence_interval":{"confidence_level":0.95,"lower_bound":10752.231065394695,"upper_bound":173783.1048194783},"point_estimate":107888.50594210297,"standard_error":41426.89088809558}}