{"mean":{"confidence_interval":{"confidence_level":0.95,"lower_bound":7582830.020875,"upper_bound":7613917.359499999},"point_estimate":7595478.725,"standard_error":8123.675890969179},"median":{"confidence_interval":{"confidence_level":0.95,"lower_bound":7579736.75,"upper_bound":7584978.0},"point_estimate":7581591.75,"standard_error":1613.2052937673022},"median_abs_dev":{"confidence_interval":{"confidence_level":0.95,"lower_bound":10842.99490749836,"upper_bound":19546.968702971935},"point_estimate":14898.64713549614,"standard_error":2294.4095120529055},"slope":null,"std_dev":{"confidence_interval":{"confidence_level":0.95,"lower_bound":15514.510432317276,"upper_bound":130642.05395908811},"point_estimate":81529.21927355514,"standard_error":31950.020908854414}}