{"mean":{"confidence_interval":{"confidence_level":0.95,"lower_bound":8166954.558875,"upper_bound":8200800.71475},"point_estimate":8182175.635,"standard_error":8680.356791851718},"median":{"confidence_interval":{"confidence_level":0.95,"lower_bound":8153162.5,"upper_bound":8165606.0},"point_estimate":8156273.5,"standard_error":2922.457139128697},"median_abs_dev":{"confidence_interval":{"confidence_level":0.95,"lower_bound":14552.08939164877,"upper_bound":28990.389235317707},"point_estimate":22340.187053382397,"standard_error":3835.866574511378},"slope":null,"std_dev":{"confidence_interval":{"confidence_level":0.95,"lower_bound":45730.50134450647,"upper_bound":120012.96666194481},"point_estimate":87225.84506004318,"standard_error":18901.814265924135}}