{"mean":{"confidence_interval":{"confidence_level":0.95,"lower_bound":23147967.52125,"upper_bound":23178915.46125},"point_estimate":23161452.25,"standard_error":7993.412133255874},"median":{"confidence_interval":{"confidence_level":0.95,"lower_bound":23134101.5,"upper_bound":23143358.0},"point_estimate":23139520.5,"standard_error":2399.954971636458},"median_abs_dev":{"confidence_interval":{"confidence_level":0.95,"lower_bound":13175.86596608162,"upper_bound":24835.77345907688},"point_estimate":21261.966222524643,"standard_error":3237.0013352807123},"slope":null,"std_dev":{"confidence_interval":{"confidence_level":0.95,"lower_bound":38258.56111903854,"upper_bound":121396.90180532841},"point_estimate":80254.9570516433,"standard_error":23858.872948166307}}