{"mean":{"confidence_interval":{"confidence_level":0.95,"lower_bound":26384883.573250003,"upper_bound":26411977.551999997},"point_estimate":26397409.63,"standard_error":6918.084057531895},"median":{"confidence_interval":{"confidence_level":0.95,"lower_bound":26377393.0,"upper_bound":26386460.0},"point_estimate":26380590.0,"standard_error":2642.0135025375953},"median_abs_dev":{"confidence_interval":{"confidence_level":0.95,"lower_bound":12484.214545860888,"upper_bound":21804.597812891006},"point_estimate":15626.603722572327,"standard_error":2285.4692661465656},"slope":null,"std_dev":{"confidence_interval":{"confidence_level":0.95,"lower_bound":40372.89691873508,"upper_bound":93128.33179075422},"point_estimate":69514.44776951119,"standard_error":13467.674341532813}}