{"mean":{"confidence_interval":{"confidence_level":0.95,"lower_bound":1809.0693203314486,"upper_bound":1814.6388212255658},"point_estimate":1811.6407854842348,"standard_error":1.4229581335546344},"median":{"confidence_interval":{"confidence_level":0.95,"lower_bound":1807.9298181818183,"upper_bound":1812.3238156209986},"point_estimate":1809.7284688995214,"standard_error":1.053378729770852},"median_abs_dev":{"confidence_interval":{"confidence_level":0.95,"lower_bound":6.546450378525137,"upper_bound":11.209728740381447},"point_estimate":8.260648246868415,"standard_error":1.1925451411920982},"slope":{"confidence_interval":{"confidence_level":0.95,"lower_bound":1806.8574960064957,"upper_bound":1814.8236368817531},"point_estimate":1810.6250505528164,"standard_error":2.030852818248781},"std_dev":{"confidence_interval":{"confidence_level":0.95,"lower_bound":9.147696138234902,"upper_bound":20.041400037778647},"point_estimate":14.320833904920825,"standard_error":3.0938779050569747}}