{"mean":{"confidence_interval":{"confidence_level":0.95,"lower_bound":2090.7575453959266,"upper_bound":2100.343729755129},"point_estimate":2094.3884985895197,"standard_error":2.6368935772830815},"median":{"confidence_interval":{"confidence_level":0.95,"lower_bound":2089.07728909465,"upper_bound":2092.435606060606},"point_estimate":2090.8649237472764,"standard_error":0.8177906516419643},"median_abs_dev":{"confidence_interval":{"confidence_level":0.95,"lower_bound":4.47566062783007,"upper_bound":7.094956603730177},"point_estimate":5.5937930722965765,"standard_error":0.6570687572267071},"slope":{"confidence_interval":{"confidence_level":0.95,"lower_bound":2089.657088987599,"upper_bound":2092.7241757884904},"point_estimate":2091.05987894685,"standard_error":0.7841992331173769},"std_dev":{"confidence_interval":{"confidence_level":0.95,"lower_bound":6.26947999592492,"upper_bound":44.34893803779943},"point_estimate":26.494467713437615,"standard_error":13.055571706760457}}