{"mean":{"confidence_interval":{"confidence_level":0.95,"lower_bound":2.1825238567997927,"upper_bound":2.2645204013754956},"point_estimate":2.213365229675166,"standard_error":0.0223044486968523},"median":{"confidence_interval":{"confidence_level":0.95,"lower_bound":2.179191049506092,"upper_bound":2.1807721787111225},"point_estimate":2.179931590994131,"standard_error":0.0004399538070270209},"median_abs_dev":{"confidence_interval":{"confidence_level":0.95,"lower_bound":0.002658060144531116,"upper_bound":0.004848820788640241},"point_estimate":0.003524882472607169,"standard_error":0.0005534817308166141},"slope":{"confidence_interval":{"confidence_level":0.95,"lower_bound":2.1812592904756305,"upper_bound":2.185266920371205},"point_estimate":2.18311967753645,"standard_error":0.0010298896744575987},"std_dev":{"confidence_interval":{"confidence_level":0.95,"lower_bound":0.009631395294455659,"upper_bound":0.3731012295798071},"point_estimate":0.2247508559316045,"standard_error":0.10717632695621422}}