{"mean":{"confidence_interval":{"confidence_level":0.95,"lower_bound":1.8656487920044487,"upper_bound":1.8723220850567277},"point_estimate":1.8685582523837152,"standard_error":0.001719013217914606},"median":{"confidence_interval":{"confidence_level":0.95,"lower_bound":1.8633394509630017,"upper_bound":1.864367097670819},"point_estimate":1.8637936233628034,"standard_error":0.00024564036307877564},"median_abs_dev":{"confidence_interval":{"confidence_level":0.95,"lower_bound":0.001110992991588955,"upper_bound":0.0022120509352479573},"point_estimate":0.0015598421964491548,"standard_error":0.00027961631247195684},"slope":{"confidence_interval":{"confidence_level":0.95,"lower_bound":1.8646452968639093,"upper_bound":1.8697466818418107},"point_estimate":1.8669289462238883,"standard_error":0.0013161879009019617},"std_dev":{"confidence_interval":{"confidence_level":0.95,"lower_bound":0.007073801090405006,"upper_bound":0.026168165065070404},"point_estimate":0.01724059574786227,"standard_error":0.005114232621007384}}