{"mean":{"confidence_interval":{"confidence_level":0.95,"lower_bound":1.8681960394850063,"upper_bound":1.8718425401733951},"point_estimate":1.8698595382092598,"standard_error":0.0009366237687312616},"median":{"confidence_interval":{"confidence_level":0.95,"lower_bound":1.8662177058340825,"upper_bound":1.8677135158365643},"point_estimate":1.8672829933431232,"standard_error":0.00039103783064774693},"median_abs_dev":{"confidence_interval":{"confidence_level":0.95,"lower_bound":0.0026664185383658387,"upper_bound":0.004560834752636276},"point_estimate":0.003924657121621475,"standard_error":0.00047250633855347516},"slope":{"confidence_interval":{"confidence_level":0.95,"lower_bound":1.8686880809847763,"upper_bound":1.8721958384194513},"point_estimate":1.8703355788663438,"standard_error":0.0008931081476878421},"std_dev":{"confidence_interval":{"confidence_level":0.95,"lower_bound":0.00558349786528752,"upper_bound":0.013195188293714142},"point_estimate":0.00939633134265264,"standard_error":0.0020406838687133575}}