{"mean":{"confidence_interval":{"confidence_level":0.95,"lower_bound":671.4292422033999,"upper_bound":675.6290685057007},"point_estimate":673.2085341252501,"standard_error":1.0889895408437238},"median":{"confidence_interval":{"confidence_level":0.95,"lower_bound":670.5348870056497,"upper_bound":671.3664021449166},"point_estimate":670.9407559140759,"standard_error":0.19963392424376947},"median_abs_dev":{"confidence_interval":{"confidence_level":0.95,"lower_bound":1.3659213880991314,"upper_bound":2.660813970013659},"point_estimate":1.9583568461747614,"standard_error":0.3360042037530431},"slope":{"confidence_interval":{"confidence_level":0.95,"lower_bound":671.600515821556,"upper_bound":676.184036021002},"point_estimate":673.5687748670642,"standard_error":1.1822169658198987},"std_dev":{"confidence_interval":{"confidence_level":0.95,"lower_bound":3.4451657342851782,"upper_bound":17.060437140950228},"point_estimate":10.9163987450755,"standard_error":3.6762685607996395}}