{"mean":{"confidence_interval":{"confidence_level":0.95,"lower_bound":685.9566488147974,"upper_bound":699.539850982494},"point_estimate":691.1273297827122,"standard_error":3.6641441339387413},"median":{"confidence_interval":{"confidence_level":0.95,"lower_bound":684.3961587708067,"upper_bound":686.0425050301811},"point_estimate":684.9256936282538,"standard_error":0.4835092569492944},"median_abs_dev":{"confidence_interval":{"confidence_level":0.95,"lower_bound":2.35470359792866,"upper_bound":3.8507141041713866},"point_estimate":3.270701441613308,"standard_error":0.3876678823116683},"slope":{"confidence_interval":{"confidence_level":0.95,"lower_bound":687.027790621139,"upper_bound":717.0155854795029},"point_estimate":697.9307936610352,"standard_error":8.458715847610355},"std_dev":{"confidence_interval":{"confidence_level":0.95,"lower_bound":6.987672532315869,"upper_bound":61.50120566190593},"point_estimate":36.90588640983664,"standard_error":17.597194499526275}}