{"mean":{"confidence_interval":{"confidence_level":0.95,"lower_bound":598.1918054637638,"upper_bound":599.7955689092587},"point_estimate":598.9748933292841,"standard_error":0.4080187256439356},"median":{"confidence_interval":{"confidence_level":0.95,"lower_bound":598.171312717019,"upper_bound":599.3894653520449},"point_estimate":598.5801217884551,"standard_error":0.3402985829269134},"median_abs_dev":{"confidence_interval":{"confidence_level":0.95,"lower_bound":2.203850280614343,"upper_bound":3.9462353091084745},"point_estimate":2.8485345126814257,"standard_error":0.447103540272607},"slope":{"confidence_interval":{"confidence_level":0.95,"lower_bound":598.8621450175337,"upper_bound":600.3327289721445},"point_estimate":599.5653266027016,"standard_error":0.3728265971556978},"std_dev":{"confidence_interval":{"confidence_level":0.95,"lower_bound":2.9618635545886294,"upper_bound":5.331506543089253},"point_estimate":4.105197959983881,"standard_error":0.6209137935724761}}