{"mean":{"confidence_interval":{"confidence_level":0.95,"lower_bound":647.2654498807099,"upper_bound":650.7226763848786},"point_estimate":648.6804456303213,"standard_error":0.9016350783840161},"median":{"confidence_interval":{"confidence_level":0.95,"lower_bound":646.2038451632452,"upper_bound":648.0656291470624},"point_estimate":647.199976882128,"standard_error":0.44720802858823255},"median_abs_dev":{"confidence_interval":{"confidence_level":0.95,"lower_bound":2.1720670758021297,"upper_bound":3.583970311703962},"point_estimate":2.8954414352389803,"standard_error":0.3516383097467913},"slope":{"confidence_interval":{"confidence_level":0.95,"lower_bound":645.9065279310075,"upper_bound":648.3734355989694},"point_estimate":646.9049272648593,"standard_error":0.642240632087976},"std_dev":{"confidence_interval":{"confidence_level":0.95,"lower_bound":2.89408110480205,"upper_bound":14.622062535021483},"point_estimate":9.074197004142034,"standard_error":3.5679388123973177}}