{"mean":{"confidence_interval":{"confidence_level":0.95,"lower_bound":668.443647403033,"upper_bound":672.3191260807415},"point_estimate":669.9490591628789,"standard_error":1.0295171049655134},"median":{"confidence_interval":{"confidence_level":0.95,"lower_bound":667.922028570177,"upper_bound":668.4804415054613},"point_estimate":668.1882676340292,"standard_error":0.1606616115437539},"median_abs_dev":{"confidence_interval":{"confidence_level":0.95,"lower_bound":1.3390308487106999,"upper_bound":2.164806024206888},"point_estimate":1.7752859304510273,"standard_error":0.2122874390725352},"slope":{"confidence_interval":{"confidence_level":0.95,"lower_bound":668.1343431593557,"upper_bound":669.7539760555126},"point_estimate":668.8508201764782,"standard_error":0.4152596752897624},"std_dev":{"confidence_interval":{"confidence_level":0.95,"lower_bound":2.4289978701294412,"upper_bound":17.079155788318445},"point_estimate":10.359863467470346,"standard_error":4.616789279403931}}