{"mean":{"confidence_interval":{"confidence_level":0.95,"lower_bound":708.153414789653,"upper_bound":709.6694579473522},"point_estimate":708.8963659211639,"standard_error":0.38614935906335407},"median":{"confidence_interval":{"confidence_level":0.95,"lower_bound":707.864935064935,"upper_bound":709.1835714285714},"point_estimate":708.6398423944477,"standard_error":0.33581487021626966},"median_abs_dev":{"confidence_interval":{"confidence_level":0.95,"lower_bound":2.390584488694193,"upper_bound":4.37028263083259},"point_estimate":3.639371496865661,"standard_error":0.5161616239900005},"slope":{"confidence_interval":{"confidence_level":0.95,"lower_bound":708.2034914363132,"upper_bound":709.9593160913771},"point_estimate":709.0521104519834,"standard_error":0.44958200540461846},"std_dev":{"confidence_interval":{"confidence_level":0.95,"lower_bound":3.195603736484585,"upper_bound":4.535528743089961},"point_estimate":3.878307297820755,"standard_error":0.34515972194068145}}