{"mean":{"confidence_interval":{"confidence_level":0.95,"lower_bound":334038.109931094,"upper_bound":339452.08688716934},"point_estimate":336112.4960543404,"standard_error":1447.777038500571},"median":{"confidence_interval":{"confidence_level":0.95,"lower_bound":333459.23943661974,"upper_bound":333990.89743589744},"point_estimate":333711.16232998227,"standard_error":134.26659581791324},"median_abs_dev":{"confidence_interval":{"confidence_level":0.95,"lower_bound":684.6134092710671,"upper_bound":1196.9254257570894},"point_estimate":954.9484021315662,"standard_error":128.23430936672173},"slope":{"confidence_interval":{"confidence_level":0.95,"lower_bound":333754.44903900725,"upper_bound":335029.8101660695},"point_estimate":334312.9507344466,"standard_error":329.9278256331884},"std_dev":{"confidence_interval":{"confidence_level":0.95,"lower_bound":1736.9774507626273,"upper_bound":24072.329016121217},"point_estimate":14525.27083884819,"standard_error":6683.1249604846225}}