{"mean":{"confidence_interval":{"confidence_level":0.95,"lower_bound":422823.38892708364,"upper_bound":423365.0780520833},"point_estimate":423040.20874999993,"standard_error":141.52482062002602},"median":{"confidence_interval":{"confidence_level":0.95,"lower_bound":422633.2916666666,"upper_bound":422740.5625},"point_estimate":422687.9583333333,"standard_error":30.50391750665322},"median_abs_dev":{"confidence_interval":{"confidence_level":0.95,"lower_bound":157.1864847093533,"upper_bound":410.0624427199076},"point_estimate":259.6403203904629,"standard_error":67.01687751499695},"slope":null,"std_dev":{"confidence_interval":{"confidence_level":0.95,"lower_bound":496.03436115724804,"upper_bound":2301.773244530929},"point_estimate":1422.1415893446162,"standard_error":590.9177859295676}}