{"mean":{"confidence_interval":{"confidence_level":0.95,"lower_bound":417442.31984375004,"upper_bound":417663.0689270835},"point_estimate":417544.57499999995,"standard_error":56.50553142026546},"median":{"confidence_interval":{"confidence_level":0.95,"lower_bound":417301.125,"upper_bound":417384.1927083333},"point_estimate":417344.5208333334,"standard_error":26.14164231901266},"median_abs_dev":{"confidence_interval":{"confidence_level":0.95,"lower_bound":117.86669790744781,"upper_bound":245.71005813780323},"point_estimate":170.22100947801613,"standard_error":35.73644702801465},"slope":null,"std_dev":{"confidence_interval":{"confidence_level":0.95,"lower_bound":355.82309412669815,"upper_bound":761.7628254823533},"point_estimate":567.1700657542292,"standard_error":105.04540186210043}}