{"mean":{"confidence_interval":{"confidence_level":0.95,"lower_bound":501164.1811125001,"upper_bound":503003.68333749985},"point_estimate":501969.57649999997,"standard_error":474.13058498316076},"median":{"confidence_interval":{"confidence_level":0.95,"lower_bound":500749.75,"upper_bound":501529.975},"point_estimate":501108.67500000005,"standard_error":213.8663675349635},"median_abs_dev":{"confidence_interval":{"confidence_level":0.95,"lower_bound":1328.669031411392,"upper_bound":2227.680590450703},"point_estimate":1678.5255602002057,"standard_error":227.1383475607924},"slope":null,"std_dev":{"confidence_interval":{"confidence_level":0.95,"lower_bound":2010.945486321144,"upper_bound":7255.336233379394},"point_estimate":4775.584611848274,"standard_error":1442.3955131034947}}