{"mean":{"confidence_interval":{"confidence_level":0.95,"lower_bound":603441.9857941174,"upper_bound":604199.75625},"point_estimate":603788.6158823529,"standard_error":193.64547137648088},"median":{"confidence_interval":{"confidence_level":0.95,"lower_bound":603117.2720588236,"upper_bound":603729.4411764706},"point_estimate":603358.1470588235,"standard_error":157.72189418968105},"median_abs_dev":{"confidence_interval":{"confidence_level":0.95,"lower_bound":856.6288224389267,"upper_bound":1475.7974561523292},"point_estimate":1084.739910153731,"standard_error":158.2293046012248},"slope":null,"std_dev":{"confidence_interval":{"confidence_level":0.95,"lower_bound":1214.6325096286253,"upper_bound":2708.3395457628185},"point_estimate":1940.0635588695532,"standard_error":405.23657357324674}}