{"mean":{"confidence_interval":{"confidence_level":0.95,"lower_bound":656677.723390625,"upper_bound":657481.4138593749},"point_estimate":657042.284375,"standard_error":206.23666350904563},"median":{"confidence_interval":{"confidence_level":0.95,"lower_bound":656404.875,"upper_bound":656900.5625},"point_estimate":656615.625,"standard_error":113.30637587872333},"median_abs_dev":{"confidence_interval":{"confidence_level":0.95,"lower_bound":786.2876297906041,"upper_bound":1482.5084694614632},"point_estimate":1044.8623314499855,"standard_error":175.51599745018993},"slope":null,"std_dev":{"confidence_interval":{"confidence_level":0.95,"lower_bound":1281.760452801453,"upper_bound":2943.337650481561},"point_estimate":2069.6735772609572,"standard_error":486.4378921696751}}