{"mean":{"confidence_interval":{"confidence_level":0.95,"lower_bound":509585.74718749995,"upper_bound":513135.37677499984},"point_estimate":511333.0554999997,"standard_error":906.479788072301},"median":{"confidence_interval":{"confidence_level":0.95,"lower_bound":508998.8,"upper_bound":514549.1},"point_estimate":511634.17500000005,"standard_error":1524.5898417680814},"median_abs_dev":{"confidence_interval":{"confidence_level":0.95,"lower_bound":7070.593404471857,"upper_bound":11243.296900391535},"point_estimate":9053.867389261723,"standard_error":1051.300148988526},"slope":null,"std_dev":{"confidence_interval":{"confidence_level":0.95,"lower_bound":7353.525522502136,"upper_bound":11081.327746950581},"point_estimate":9122.52207956585,"standard_error":976.3398579634811}}