{"mean":{"confidence_interval":{"confidence_level":0.95,"lower_bound":485349.3083095239,"upper_bound":491742.8647023808},"point_estimate":487806.3776190476,"standard_error":1717.9898263743794},"median":{"confidence_interval":{"confidence_level":0.95,"lower_bound":483964.28571428574,"upper_bound":485262.90476190473},"point_estimate":484382.21428571426,"standard_error":356.7324435618314},"median_abs_dev":{"confidence_interval":{"confidence_level":0.95,"lower_bound":1736.1598691770112,"upper_bound":3572.5717365742016},"point_estimate":2527.974155119485,"standard_error":454.17561936566966},"slope":null,"std_dev":{"confidence_interval":{"confidence_level":0.95,"lower_bound":3455.2267188341384,"upper_bound":28788.131756507093},"point_estimate":17311.818119507592,"standard_error":8084.087764785089}}