{"mean":{"confidence_interval":{"confidence_level":0.95,"lower_bound":556451.8279722222,"upper_bound":562021.2498750001},"point_estimate":558932.8733333333,"standard_error":1429.9307336927493},"median":{"confidence_interval":{"confidence_level":0.95,"lower_bound":555625.0,"upper_bound":556575.3611111111},"point_estimate":555938.0555555555,"standard_error":241.7121501417759},"median_abs_dev":{"confidence_interval":{"confidence_level":0.95,"lower_bound":1659.1117372114686,"upper_bound":2921.257331470668},"point_estimate":2218.999143938214,"standard_error":319.56923790665843},"slope":null,"std_dev":{"confidence_interval":{"confidence_level":0.95,"lower_bound":5924.420570966421,"upper_bound":20511.510799699547},"point_estimate":14451.969308853564,"standard_error":3591.4866635921035}}