{"mean":{"confidence_interval":{"confidence_level":0.95,"lower_bound":482489.2594880956,"upper_bound":483333.60169047635},"point_estimate":482900.6609523809,"standard_error":215.62646414290927},"median":{"confidence_interval":{"confidence_level":0.95,"lower_bound":482248.85714285716,"upper_bound":483062.71428571426},"point_estimate":482597.8095238095,"standard_error":204.0287807179726},"median_abs_dev":{"confidence_interval":{"confidence_level":0.95,"lower_bound":1611.65677138735,"upper_bound":2641.816653098371},"point_estimate":2273.6729596342234,"standard_error":266.42262865317554},"slope":null,"std_dev":{"confidence_interval":{"confidence_level":0.95,"lower_bound":1789.8324569102633,"upper_bound":2549.435671312142},"point_estimate":2171.680585690474,"standard_error":195.48620766212557}}