{"mean":{"confidence_interval":{"confidence_level":0.95,"lower_bound":516720.1920375001,"upper_bound":518324.7827625001},"point_estimate":517401.42150000005,"standard_error":415.1498185001148},"median":{"confidence_interval":{"confidence_level":0.95,"lower_bound":516368.55,"upper_bound":517200.1},"point_estimate":516857.5,"standard_error":210.62627064938854},"median_abs_dev":{"confidence_interval":{"confidence_level":0.95,"lower_bound":1368.8104256987572,"upper_bound":2195.73056101799},"point_estimate":1847.430762201565,"standard_error":212.43763734810176},"slope":null,"std_dev":{"confidence_interval":{"confidence_level":0.95,"lower_bound":1585.218470393994,"upper_bound":6549.196592732196},"point_estimate":4176.597009420925,"standard_error":1431.8322979767174}}