{"mean":{"confidence_interval":{"confidence_level":0.95,"lower_bound":665545.5946249999,"upper_bound":667129.596515625},"point_estimate":666284.670625,"standard_error":404.93042669611987},"median":{"confidence_interval":{"confidence_level":0.95,"lower_bound":664771.6875,"upper_bound":666422.59375},"point_estimate":665701.8125,"standard_error":369.76519834621786},"median_abs_dev":{"confidence_interval":{"confidence_level":0.95,"lower_bound":2415.2016883715987,"upper_bound":3899.6085807681084},"point_estimate":3016.3033151999116,"standard_error":367.3154956360795},"slope":null,"std_dev":{"confidence_interval":{"confidence_level":0.95,"lower_bound":2756.9870111649584,"upper_bound":5573.177083676607},"point_estimate":4060.7938154315198,"standard_error":813.602310310474}}