{"mean":{"confidence_interval":{"confidence_level":0.95,"lower_bound":498696.3109625,"upper_bound":500637.47172500007},"point_estimate":499534.549,"standard_error":503.607468295323},"median":{"confidence_interval":{"confidence_level":0.95,"lower_bound":498099.75,"upper_bound":498863.45},"point_estimate":498324.67500000005,"standard_error":216.3275595728446},"median_abs_dev":{"confidence_interval":{"confidence_level":0.95,"lower_bound":1069.8441410064352,"upper_bound":2202.0686759054574},"point_estimate":1721.5580244362181,"standard_error":290.10234660909856},"slope":null,"std_dev":{"confidence_interval":{"confidence_level":0.95,"lower_bound":1809.362125233496,"upper_bound":7598.272344226533},"point_estimate":5051.423131013115,"standard_error":1569.630154971938}}