{"mean":{"confidence_interval":{"confidence_level":0.95,"lower_bound":480344.8255833333,"upper_bound":481780.0427380952},"point_estimate":480965.46857142873,"standard_error":369.64572635514276},"median":{"confidence_interval":{"confidence_level":0.95,"lower_bound":480039.7619047619,"upper_bound":480863.4761904762},"point_estimate":480307.9285714286,"standard_error":212.73944774977963},"median_abs_dev":{"confidence_interval":{"confidence_level":0.95,"lower_bound":1585.0749893592597,"upper_bound":2403.478999829724},"point_estimate":1992.9320646183894,"standard_error":206.99708578680924},"slope":null,"std_dev":{"confidence_interval":{"confidence_level":0.95,"lower_bound":1618.5375078795248,"upper_bound":5711.274623993583},"point_estimate":3716.517394008466,"standard_error":1162.0651467548348}}