{"mean":{"confidence_interval":{"confidence_level":0.95,"lower_bound":5124.432631665666,"upper_bound":5137.385122716576},"point_estimate":5130.286899716017,"standard_error":3.324943074647523},"median":{"confidence_interval":{"confidence_level":0.95,"lower_bound":5119.477067533406,"upper_bound":5122.713112910482},"point_estimate":5120.989297976477,"standard_error":0.8265297771197289},"median_abs_dev":{"confidence_interval":{"confidence_level":0.95,"lower_bound":4.793424711673151,"upper_bound":9.20957955386352},"point_estimate":6.408677161171212,"standard_error":1.1800566672857413},"slope":{"confidence_interval":{"confidence_level":0.95,"lower_bound":5125.445395628862,"upper_bound":5149.189137691572},"point_estimate":5135.859705054317,"standard_error":6.14860614774393},"std_dev":{"confidence_interval":{"confidence_level":0.95,"lower_bound":15.541794438485562,"upper_bound":46.66961167063752},"point_estimate":33.601573096736786,"standard_error":7.593809908592791}}