{"mean":{"confidence_interval":{"confidence_level":0.95,"lower_bound":1994394.7222499987,"upper_bound":2000280.8307499995},"point_estimate":1996827.4120000002,"standard_error":1536.6012613424489},"median":{"confidence_interval":{"confidence_level":0.95,"lower_bound":1993244.0,"upper_bound":1995526.2},"point_estimate":1994394.2,"standard_error":594.121595155913},"median_abs_dev":{"confidence_interval":{"confidence_level":0.95,"lower_bound":3627.3290956021738,"upper_bound":6669.401851594638},"point_estimate":5072.5675499439585,"standard_error":801.9544263729105},"slope":null,"std_dev":{"confidence_interval":{"confidence_level":0.95,"lower_bound":4868.881776502601,"upper_bound":24857.49625203456},"point_estimate":15479.739581079395,"standard_error":5907.2170070570955}}