{"mean":{"confidence_interval":{"confidence_level":0.95,"lower_bound":2409587.4182500006,"upper_bound":2412556.9036},"point_estimate":2410927.0979999993,"standard_error":762.9628013703032},"median":{"confidence_interval":{"confidence_level":0.95,"lower_bound":2408000.9,"upper_bound":2410263.2},"point_estimate":2409219.1,"standard_error":614.9591320942104},"median_abs_dev":{"confidence_interval":{"confidence_level":0.95,"lower_bound":2933.7688279152608,"upper_bound":5089.024409651756},"point_estimate":3924.4421303272247,"standard_error":535.2099992819032},"slope":null,"std_dev":{"confidence_interval":{"confidence_level":0.95,"lower_bound":4249.101089054988,"upper_bound":11132.622573957597},"point_estimate":7679.097626779609,"standard_error":1909.8541772418746}}