{"mean":{"confidence_interval":{"confidence_level":0.95,"lower_bound":1850653.4085416659,"upper_bound":1856258.0129583331},"point_estimate":1853174.336666666,"standard_error":1432.91370419363},"median":{"confidence_interval":{"confidence_level":0.95,"lower_bound":1848757.3333333333,"upper_bound":1853762.5},"point_estimate":1850750.4166666665,"standard_error":1334.3866031143398},"median_abs_dev":{"confidence_interval":{"confidence_level":0.95,"lower_bound":6960.065576434135,"upper_bound":11158.541601896171},"point_estimate":8644.422696530532,"standard_error":1114.9062634121112},"slope":null,"std_dev":{"confidence_interval":{"confidence_level":0.95,"lower_bound":7550.406266286964,"upper_bound":20676.69529514647},"point_estimate":14391.436920506367,"standard_error":3528.3256815482814}}