{"mean":{"confidence_interval":{"confidence_level":0.95,"lower_bound":2068900.2385500006,"upper_bound":2071383.4746500005},"point_estimate":2070086.0720000002,"standard_error":633.9684697966206},"median":{"confidence_interval":{"confidence_level":0.95,"lower_bound":2067949.7999999998,"upper_bound":2070621.8},"point_estimate":2069835.7999999998,"standard_error":599.9856697590116},"median_abs_dev":{"confidence_interval":{"confidence_level":0.95,"lower_bound":3930.5207902192724,"upper_bound":6136.036511063679},"point_estimate":5240.39786696396,"standard_error":558.6663113348357},"slope":null,"std_dev":{"confidence_interval":{"confidence_level":0.95,"lower_bound":4462.126496437871,"upper_bound":8151.010441763282},"point_estimate":6362.370206492286,"standard_error":954.1585827849266}}