{"mean":{"confidence_interval":{"confidence_level":0.95,"lower_bound":1884727.6463749993,"upper_bound":1890148.12875},"point_estimate":1887036.1733333333,"standard_error":1397.5423322614101},"median":{"confidence_interval":{"confidence_level":0.95,"lower_bound":1884205.8333333333,"upper_bound":1885884.75},"point_estimate":1885272.8333333335,"standard_error":415.22095512415905},"median_abs_dev":{"confidence_interval":{"confidence_level":0.95,"lower_bound":4023.0350285770196,"upper_bound":7801.938350237791},"point_estimate":5359.846004843827,"standard_error":923.8617552197726},"slope":null,"std_dev":{"confidence_interval":{"confidence_level":0.95,"lower_bound":6083.404704635381,"upper_bound":21807.184529302947},"point_estimate":14055.158885545727,"standard_error":4686.752907996829}}