{"mean":{"confidence_interval":{"confidence_level":0.95,"lower_bound":2635816.5094375,"upper_bound":2641929.9453125},"point_estimate":2638482.72,"standard_error":1577.1001287793074},"median":{"confidence_interval":{"confidence_level":0.95,"lower_bound":2634039.25,"upper_bound":2637165.125},"point_estimate":2635180.0,"standard_error":933.59799704793},"median_abs_dev":{"confidence_interval":{"confidence_level":0.95,"lower_bound":5256.372881680727,"upper_bound":8310.34350246191},"point_estimate":6708.208905905485,"standard_error":757.9806496844647},"slope":null,"std_dev":{"confidence_interval":{"confidence_level":0.95,"lower_bound":6510.292826176712,"upper_bound":23266.516130831373},"point_estimate":15861.853503922519,"standard_error":4509.992734404887}}