{"mean":{"confidence_interval":{"confidence_level":0.95,"lower_bound":2557341.4461250002,"upper_bound":2568464.7643125},"point_estimate":2561852.9875,"standard_error":2934.276680781389},"median":{"confidence_interval":{"confidence_level":0.95,"lower_bound":2555521.75,"upper_bound":2557492.75},"point_estimate":2556470.875,"standard_error":487.1352592820306},"median_abs_dev":{"confidence_interval":{"confidence_level":0.95,"lower_bound":3137.5521942973137,"upper_bound":6017.502643167973},"point_estimate":4357.731972634792,"standard_error":749.4162733449363},"slope":null,"std_dev":{"confidence_interval":{"confidence_level":0.95,"lower_bound":5483.043127186799,"upper_bound":47523.49963428282},"point_estimate":29452.317233469566,"standard_error":11877.342672273333}}