{"mean":{"confidence_interval":{"confidence_level":0.95,"lower_bound":2665710.9499374996,"upper_bound":2672880.520625},"point_estimate":2669120.7625,"standard_error":1832.7585385262107},"median":{"confidence_interval":{"confidence_level":0.95,"lower_bound":2663299.25,"upper_bound":2671973.0},"point_estimate":2666039.75,"standard_error":2148.1434550604745},"median_abs_dev":{"confidence_interval":{"confidence_level":0.95,"lower_bound":13001.660469174385,"upper_bound":19250.453341361135},"point_estimate":17029.88459765911,"standard_error":1574.0582155614345},"slope":null,"std_dev":{"confidence_interval":{"confidence_level":0.95,"lower_bound":12969.542077027929,"upper_bound":24136.59502025547},"point_estimate":18394.67174974255,"standard_error":2948.426653110754}}