{"mean":{"confidence_interval":{"confidence_level":0.95,"lower_bound":3083584.0386875,"upper_bound":3087275.0885624997},"point_estimate":3085307.425,"standard_error":944.2929253488164},"median":{"confidence_interval":{"confidence_level":0.95,"lower_bound":3082003.0,"upper_bound":3086131.0},"point_estimate":3083745.125,"standard_error":1119.000374558951},"median_abs_dev":{"confidence_interval":{"confidence_level":0.95,"lower_bound":5269.160306453705,"upper_bound":8360.751901566982},"point_estimate":6318.655762821436,"standard_error":769.9418370871635},"slope":null,"std_dev":{"confidence_interval":{"confidence_level":0.95,"lower_bound":6096.172129925122,"upper_bound":12682.522539888241},"point_estimate":9499.274997754015,"standard_error":1711.4025322871332}}