{"mean":{"confidence_interval":{"confidence_level":0.95,"lower_bound":1932702.3431666659,"upper_bound":1938340.9316249993},"point_estimate":1935189.9200000006,"standard_error":1442.8539055008118},"median":{"confidence_interval":{"confidence_level":0.95,"lower_bound":1930223.6666666667,"upper_bound":1934419.0833333335},"point_estimate":1931865.9166666665,"standard_error":1150.6162325899318},"median_abs_dev":{"confidence_interval":{"confidence_level":0.95,"lower_bound":5779.421797394695,"upper_bound":9803.568775951631},"point_estimate":7492.566066980305,"standard_error":1047.5021457602181},"slope":null,"std_dev":{"confidence_interval":{"confidence_level":0.95,"lower_bound":7535.15919937816,"upper_bound":21588.13369442723},"point_estimate":14490.579919375918,"standard_error":4062.8841263010054}}