{"mean":{"confidence_interval":{"confidence_level":0.95,"lower_bound":2146527.64535,"upper_bound":2149046.4577499987},"point_estimate":2147758.4699999997,"standard_error":643.9469542592827},"median":{"confidence_interval":{"confidence_level":0.95,"lower_bound":2145312.8,"upper_bound":2147835.4},"point_estimate":2146355.7,"standard_error":682.8913312357935},"median_abs_dev":{"confidence_interval":{"confidence_level":0.95,"lower_bound":4092.1241873504114,"upper_bound":7591.80142521872},"point_estimate":5954.862794280052,"standard_error":889.098869150734},"slope":null,"std_dev":{"confidence_interval":{"confidence_level":0.95,"lower_bound":5415.425763364503,"upper_bound":7434.938888894358},"point_estimate":6466.318349468012,"standard_error":518.5376808992797}}