{"mean":{"confidence_interval":{"confidence_level":0.95,"lower_bound":3078761.3851875,"upper_bound":3083341.0595},"point_estimate":3081008.975,"standard_error":1171.323795019212},"median":{"confidence_interval":{"confidence_level":0.95,"lower_bound":3076105.125,"upper_bound":3081340.0},"point_estimate":3078664.875,"standard_error":1216.1975863003202},"median_abs_dev":{"confidence_interval":{"confidence_level":0.95,"lower_bound":8362.60515153408,"upper_bound":13958.678752183914},"point_estimate":11580.403069406748,"standard_error":1502.6658830213582},"slope":null,"std_dev":{"confidence_interval":{"confidence_level":0.95,"lower_bound":9669.112487173355,"upper_bound":13761.051295701825},"point_estimate":11790.390963946107,"standard_error":1049.3436559219756}}