{"mean":{"confidence_interval":{"confidence_level":0.95,"lower_bound":1920138.7265833332,"upper_bound":1931417.8101249994},"point_estimate":1924736.235,"standard_error":2957.6510062047964},"median":{"confidence_interval":{"confidence_level":0.95,"lower_bound":1917446.8333333333,"upper_bound":1922084.0},"point_estimate":1919444.8333333335,"standard_error":1123.6363417967398},"median_abs_dev":{"confidence_interval":{"confidence_level":0.95,"lower_bound":6934.49072688818,"upper_bound":11027.581692971286},"point_estimate":9560.916580259627,"standard_error":1067.2031309540594},"slope":null,"std_dev":{"confidence_interval":{"confidence_level":0.95,"lower_bound":8879.152646149476,"upper_bound":47843.20949680771},"point_estimate":29663.142010072133,"standard_error":11709.001121600257}}