{"mean":{"confidence_interval":{"confidence_level":0.95,"lower_bound":1944994.9391250003,"upper_bound":1952051.7830833334},"point_estimate":1948081.858333334,"standard_error":1813.210141955844},"median":{"confidence_interval":{"confidence_level":0.95,"lower_bound":1942943.8333333333,"upper_bound":1947397.0},"point_estimate":1944595.1666666667,"standard_error":1007.562438251409},"median_abs_dev":{"confidence_interval":{"confidence_level":0.95,"lower_bound":6039.494542777768,"upper_bound":9171.116337180196},"point_estimate":7538.403116166649,"standard_error":770.9513346828037},"slope":null,"std_dev":{"confidence_interval":{"confidence_level":0.95,"lower_bound":7452.035114733474,"upper_bound":26742.686850641985},"point_estimate":18145.243641624176,"standard_error":4971.656381967392}}