{"mean":{"confidence_interval":{"confidence_level":0.95,"lower_bound":1703973.313999999,"upper_bound":1709362.1238333336},"point_estimate":1706168.9616666671,"standard_error":1410.3418250359248},"median":{"confidence_interval":{"confidence_level":0.95,"lower_bound":1702151.1666666667,"upper_bound":1703933.6666666665},"point_estimate":1702924.4166666665,"standard_error":474.5686360522743},"median_abs_dev":{"confidence_interval":{"confidence_level":0.95,"lower_bound":2071.4392632243716,"upper_bound":3933.4612801669878},"point_estimate":2920.9690481423754,"standard_error":455.9464465863041},"slope":null,"std_dev":{"confidence_interval":{"confidence_level":0.95,"lower_bound":4636.406005704537,"upper_bound":22906.93390061888},"point_estimate":14215.322611632158,"standard_error":5673.413511201203}}