{"mean":{"confidence_interval":{"confidence_level":0.95,"lower_bound":2081780.5083000013,"upper_bound":2096164.8532},"point_estimate":2087693.5080000001,"standard_error":3762.44924209878},"median":{"confidence_interval":{"confidence_level":0.95,"lower_bound":2077823.6,"upper_bound":2087160.8},"point_estimate":2084602.2,"standard_error":2367.964071339706},"median_abs_dev":{"confidence_interval":{"confidence_level":0.95,"lower_bound":9479.44771170623,"upper_bound":15719.117960929732},"point_estimate":12639.46129560481,"standard_error":1577.223097837567},"slope":null,"std_dev":{"confidence_interval":{"confidence_level":0.95,"lower_bound":10935.623208446308,"upper_bound":60967.568041253144},"point_estimate":37883.8345921528,"standard_error":14806.894127923939}}