{"mean":{"confidence_interval":{"confidence_level":0.95,"lower_bound":1945567.1911249997,"upper_bound":1948513.8395000005},"point_estimate":1946901.608333334,"standard_error":751.8803218124012},"median":{"confidence_interval":{"confidence_level":0.95,"lower_bound":1944407.0,"upper_bound":1946884.1666666665},"point_estimate":1945471.5833333335,"standard_error":674.6816681193973},"median_abs_dev":{"confidence_interval":{"confidence_level":0.95,"lower_bound":3565.158736705895,"upper_bound":5848.609796166309},"point_estimate":4577.403868734952,"standard_error":581.8434686857785},"slope":null,"std_dev":{"confidence_interval":{"confidence_level":0.95,"lower_bound":4583.687865669597,"upper_bound":10804.314699460647},"point_estimate":7542.548909438822,"standard_error":1830.5473687468161}}