{"mean":{"confidence_interval":{"confidence_level":0.95,"lower_bound":2633211.2828125,"upper_bound":2639414.0492499997},"point_estimate":2635972.5075,"standard_error":1586.983652007838},"median":{"confidence_interval":{"confidence_level":0.95,"lower_bound":2631552.5,"upper_bound":2635535.0},"point_estimate":2633590.125,"standard_error":1082.5558910870593},"median_abs_dev":{"confidence_interval":{"confidence_level":0.95,"lower_bound":7705.442713201046,"upper_bound":12863.222696632147},"point_estimate":9554.615530371666,"standard_error":1289.7906901339861},"slope":null,"std_dev":{"confidence_interval":{"confidence_level":0.95,"lower_bound":9235.107562497828,"upper_bound":23608.00432383685},"point_estimate":15970.888466785555,"standard_error":4475.61507097342}}