{"mean":{"confidence_interval":{"confidence_level":0.95,"lower_bound":1429875.4973125,"upper_bound":1433411.2976250001},"point_estimate":1431437.00625,"standard_error":910.9604087962211},"median":{"confidence_interval":{"confidence_level":0.95,"lower_bound":1429314.375,"upper_bound":1430526.125},"point_estimate":1429873.9375,"standard_error":338.8293182625015},"median_abs_dev":{"confidence_interval":{"confidence_level":0.95,"lower_bound":2716.6791267693043,"upper_bound":4418.42590905726},"point_estimate":3528.217287361622,"standard_error":423.4197612893248},"slope":null,"std_dev":{"confidence_interval":{"confidence_level":0.95,"lower_bound":3476.3257413643123,"upper_bound":13315.508912081239},"point_estimate":9163.893214445612,"standard_error":2454.758891097536}}