{"mean":{"confidence_interval":{"confidence_level":0.95,"lower_bound":2081070.7471499993,"upper_bound":2087766.666699999},"point_estimate":2083894.7299999995,"standard_error":1736.6053909023776},"median":{"confidence_interval":{"confidence_level":0.95,"lower_bound":2079644.4,"upper_bound":2083435.4},"point_estimate":2081625.2000000002,"standard_error":1041.1368227945036},"median_abs_dev":{"confidence_interval":{"confidence_level":0.95,"lower_bound":5549.371701478958,"upper_bound":8632.883126735756},"point_estimate":6615.954122543542,"standard_error":828.4837023349027},"slope":null,"std_dev":{"confidence_interval":{"confidence_level":0.95,"lower_bound":6154.470298435904,"upper_bound":27714.36989288482},"point_estimate":17557.888431207426,"standard_error":6209.594726021105}}