{"mean":{"confidence_interval":{"confidence_level":0.95,"lower_bound":2023398.3960000002,"upper_bound":2030246.572450001},"point_estimate":2026427.842,"standard_error":1757.525096872414},"median":{"confidence_interval":{"confidence_level":0.95,"lower_bound":2020011.6,"upper_bound":2025767.4},"point_estimate":2023479.1,"standard_error":1479.1639038358737},"median_abs_dev":{"confidence_interval":{"confidence_level":0.95,"lower_bound":6814.919039010967,"upper_bound":11033.360744118552},"point_estimate":8696.783185601269,"standard_error":1038.802559265439},"slope":null,"std_dev":{"confidence_interval":{"confidence_level":0.95,"lower_bound":8798.240177958904,"upper_bound":26238.323362302897},"point_estimate":17678.822008525553,"standard_error":4764.175206993525}}