{"mean":{"confidence_interval":{"confidence_level":0.95,"lower_bound":1586810.7984999998,"upper_bound":1591808.8925714283},"point_estimate":1588791.665714285,"standard_error":1326.973326798834},"median":{"confidence_interval":{"confidence_level":0.95,"lower_bound":1585974.7857142857,"upper_bound":1590333.7142857143},"point_estimate":1589675.2857142857,"standard_error":1226.4896148963794},"median_abs_dev":{"confidence_interval":{"confidence_level":0.95,"lower_bound":2383.9148576768043,"upper_bound":7862.680382909471},"point_estimate":4824.592114346343,"standard_error":1449.4755470594405},"slope":null,"std_dev":{"confidence_interval":{"confidence_level":0.95,"lower_bound":4563.764911965849,"upper_bound":21959.869232131943},"point_estimate":13385.771308408577,"standard_error":5904.766632726326}}