{"mean":{"confidence_interval":{"confidence_level":0.95,"lower_bound":2005023.093049999,"upper_bound":2068472.1889500003},"point_estimate":2032641.6539999994,"standard_error":16395.683769269708},"median":{"confidence_interval":{"confidence_level":0.95,"lower_bound":1994190.0,"upper_bound":1997471.0},"point_estimate":1995604.6,"standard_error":765.5108359643649},"median_abs_dev":{"confidence_interval":{"confidence_level":0.95,"lower_bound":5353.223724961212,"upper_bound":9423.327596202844},"point_estimate":7395.653448701147,"standard_error":1028.1939944861556},"slope":null,"std_dev":{"confidence_interval":{"confidence_level":0.95,"lower_bound":62987.2893952289,"upper_bound":240165.03439308287},"point_estimate":164894.47534769934,"standard_error":45379.96386512084}}