{"mean":{"confidence_interval":{"confidence_level":0.95,"lower_bound":2179201.1778999986,"upper_bound":2184571.9839499993},"point_estimate":2181828.2999999993,"standard_error":1368.6110140678695},"median":{"confidence_interval":{"confidence_level":0.95,"lower_bound":2177220.7,"upper_bound":2185062.6},"point_estimate":2181478.7,"standard_error":2026.2763354102626},"median_abs_dev":{"confidence_interval":{"confidence_level":0.95,"lower_bound":11538.482555151124,"upper_bound":17453.17430314422},"point_estimate":14603.016700744422,"standard_error":1498.6023026622754},"slope":null,"std_dev":{"confidence_interval":{"confidence_level":0.95,"lower_bound":11155.711082744301,"upper_bound":16529.84652172197},"point_estimate":13734.87649401545,"standard_error":1398.0480319106412}}