{"mean":{"confidence_interval":{"confidence_level":0.95,"lower_bound":2.5930323136209705,"upper_bound":2.672078060944339},"point_estimate":2.621911809161771,"standard_error":0.022038033607353357},"median":{"confidence_interval":{"confidence_level":0.95,"lower_bound":2.5895180498068586,"upper_bound":2.591228109514093},"point_estimate":2.590554279819344,"standard_error":0.0004885256538174009},"median_abs_dev":{"confidence_interval":{"confidence_level":0.95,"lower_bound":0.0023021752463608467,"upper_bound":0.00448097936906192},"point_estimate":0.0035207020468509924,"standard_error":0.0005806161861352864},"slope":{"confidence_interval":{"confidence_level":0.95,"lower_bound":2.591835921403847,"upper_bound":2.598790724837954},"point_estimate":2.5949460894232494,"standard_error":0.0017884451964079744},"std_dev":{"confidence_interval":{"confidence_level":0.95,"lower_bound":0.011476479971206164,"upper_bound":0.37411363078948623},"point_estimate":0.2218914254702225,"standard_error":0.1142609248832714}}