{"mean":{"confidence_interval":{"confidence_level":0.95,"lower_bound":46979.567222088175,"upper_bound":47197.67690991532},"point_estimate":47070.13118251821,"standard_error":57.03854298240928},"median":{"confidence_interval":{"confidence_level":0.95,"lower_bound":46947.18725490196,"upper_bound":46982.15483870968},"point_estimate":46961.33390112173,"standard_error":8.292577317484689},"median_abs_dev":{"confidence_interval":{"confidence_level":0.95,"lower_bound":56.31157351417481,"upper_bound":98.56334751959992},"point_estimate":78.47668570395824,"standard_error":10.580896020939464},"slope":{"confidence_interval":{"confidence_level":0.95,"lower_bound":46970.29725312352,"upper_bound":47049.87049271172},"point_estimate":47004.62173252549,"standard_error":20.604997556407007},"std_dev":{"confidence_interval":{"confidence_level":0.95,"lower_bound":109.02232081511431,"upper_bound":903.8080121409951},"point_estimate":573.9287121357313,"standard_error":214.54096367671562}}