{"mean":{"confidence_interval":{"confidence_level":0.95,"lower_bound":29286.082416634592,"upper_bound":29373.790874904596},"point_estimate":29322.189098073435,"standard_error":22.993785278025026},"median":{"confidence_interval":{"confidence_level":0.95,"lower_bound":29274.637362637364,"upper_bound":29285.349308300396},"point_estimate":29280.941102756893,"standard_error":2.706794529261661},"median_abs_dev":{"confidence_interval":{"confidence_level":0.95,"lower_bound":23.177729157030562,"upper_bound":46.41233301059935},"point_estimate":36.88087011790716,"standard_error":6.084809028623126},"slope":{"confidence_interval":{"confidence_level":0.95,"lower_bound":29277.140822557172,"upper_bound":29359.15468895252},"point_estimate":29306.04839325297,"standard_error":22.33274843758897},"std_dev":{"confidence_interval":{"confidence_level":0.95,"lower_bound":59.43392197308425,"upper_bound":368.2079507793888},"point_estimate":230.3194885609539,"standard_error":86.89413203129072}}