{"mean":{"confidence_interval":{"confidence_level":0.95,"lower_bound":5.206590229868775,"upper_bound":5.2098794033427165},"point_estimate":5.208221905159747,"standard_error":0.0008361520557886808},"median":{"confidence_interval":{"confidence_level":0.95,"lower_bound":5.206777537982201,"upper_bound":5.209739959854581},"point_estimate":5.208288579225217,"standard_error":0.0008252382504400479},"median_abs_dev":{"confidence_interval":{"confidence_level":0.95,"lower_bound":0.004030595955147476,"upper_bound":0.00671544493591982},"point_estimate":0.004983039614571624,"standard_error":0.0006829672912148972},"slope":{"confidence_interval":{"confidence_level":0.95,"lower_bound":5.2059446664444495,"upper_bound":5.209673007311769},"point_estimate":5.207866817279281,"standard_error":0.0009520631016886625},"std_dev":{"confidence_interval":{"confidence_level":0.95,"lower_bound":0.006223232807040807,"upper_bound":0.010473797189899568},"point_estimate":0.008392562402178373,"standard_error":0.0010919509019240545}}