{"mean":{"confidence_interval":{"confidence_level":0.95,"lower_bound":5.213969577694792,"upper_bound":5.224503335223429},"point_estimate":5.218796867633071,"standard_error":0.0026998462884435634},"median":{"confidence_interval":{"confidence_level":0.95,"lower_bound":5.209212060334855,"upper_bound":5.2135148157821085},"point_estimate":5.2112499113689665,"standard_error":0.0010548905844911711},"median_abs_dev":{"confidence_interval":{"confidence_level":0.95,"lower_bound":0.005511406266100581,"upper_bound":0.009686155870080686},"point_estimate":0.007452792093505178,"standard_error":0.0010295568948429233},"slope":{"confidence_interval":{"confidence_level":0.95,"lower_bound":5.216347536182301,"upper_bound":5.236943821646774},"point_estimate":5.225740687722466,"standard_error":0.005305783920436786},"std_dev":{"confidence_interval":{"confidence_level":0.95,"lower_bound":0.016186519064800075,"upper_bound":0.035788187435123374},"point_estimate":0.027179884260893065,"standard_error":0.005016117770840032}}