{"mean":{"confidence_interval":{"confidence_level":0.95,"lower_bound":2.492246751257603,"upper_bound":2.4962526071352014},"point_estimate":2.49409245371193,"standard_error":0.0010229896230112125},"median":{"confidence_interval":{"confidence_level":0.95,"lower_bound":2.4900841606693835,"upper_bound":2.491697189240496},"point_estimate":2.490659882541162,"standard_error":0.0003843004440774122},"median_abs_dev":{"confidence_interval":{"confidence_level":0.95,"lower_bound":0.0023685236712089807,"upper_bound":0.004359249551118194},"point_estimate":0.0030872396272181002,"standard_error":0.0005170932120301467},"slope":{"confidence_interval":{"confidence_level":0.95,"lower_bound":2.4917687907426496,"upper_bound":2.496271079980998},"point_estimate":2.4938371274325006,"standard_error":0.0011576130423239443},"std_dev":{"confidence_interval":{"confidence_level":0.95,"lower_bound":0.006514331933623705,"upper_bound":0.013734431045543297},"point_estimate":0.010296744437836947,"standard_error":0.001861377766255146}}