{"mean":{"confidence_interval":{"confidence_level":0.95,"lower_bound":2.4889481204899915,"upper_bound":2.4946555525245024},"point_estimate":2.491506587623596,"standard_error":0.0014675405870736432},"median":{"confidence_interval":{"confidence_level":0.95,"lower_bound":2.4864066613515017,"upper_bound":2.4884195604303314},"point_estimate":2.487541268004346,"standard_error":0.00044980545415781775},"median_abs_dev":{"confidence_interval":{"confidence_level":0.95,"lower_bound":0.002317921835597791,"upper_bound":0.004241775768544548},"point_estimate":0.0033595904384452306,"standard_error":0.000497778390830838},"slope":{"confidence_interval":{"confidence_level":0.95,"lower_bound":2.4892194660182505,"upper_bound":2.4955174425490894},"point_estimate":2.4919425447200627,"standard_error":0.0016234733660903998},"std_dev":{"confidence_interval":{"confidence_level":0.95,"lower_bound":0.006601342621346963,"upper_bound":0.02117553576105895},"point_estimate":0.014755598340034004,"standard_error":0.0037408429074844134}}