{"mean":{"confidence_interval":{"confidence_level":0.95,"lower_bound":2.4878965138418008,"upper_bound":2.504692724582735},"point_estimate":2.494131637074351,"standard_error":0.004636724700608184},"median":{"confidence_interval":{"confidence_level":0.95,"lower_bound":2.4851571462289015,"upper_bound":2.4869294993791953},"point_estimate":2.485790439494095,"standard_error":0.00043027425484082126},"median_abs_dev":{"confidence_interval":{"confidence_level":0.95,"lower_bound":0.002253393714694811,"upper_bound":0.004062438326092145},"point_estimate":0.0030160698897300432,"standard_error":0.00046937253080310266},"slope":{"confidence_interval":{"confidence_level":0.95,"lower_bound":2.4885313696374163,"upper_bound":2.5203622794583183},"point_estimate":2.4996955530952785,"standard_error":0.008990388789959614},"std_dev":{"confidence_interval":{"confidence_level":0.95,"lower_bound":0.008095574942359776,"upper_bound":0.07850634700168435},"point_estimate":0.04669724734250528,"standard_error":0.023540689132846418}}