{"mean":{"confidence_interval":{"confidence_level":0.95,"lower_bound":1.2427652939437233,"upper_bound":1.2437384516343308},"point_estimate":1.2432195366349605,"standard_error":0.00024923178216888536},"median":{"confidence_interval":{"confidence_level":0.95,"lower_bound":1.242226701827066,"upper_bound":1.2426885641622323},"point_estimate":1.2424460680953384,"standard_error":0.00012435235055721462},"median_abs_dev":{"confidence_interval":{"confidence_level":0.95,"lower_bound":0.0006943036975742284,"upper_bound":0.0012528236245210938},"point_estimate":0.0009469304071458887,"standard_error":0.00013916431615089916},"slope":{"confidence_interval":{"confidence_level":0.95,"lower_bound":1.2427568672270561,"upper_bound":1.2435907313486179},"point_estimate":1.2431371030322467,"standard_error":0.00021298139870970197},"std_dev":{"confidence_interval":{"confidence_level":0.95,"lower_bound":0.001619229337258132,"upper_bound":0.003228588403843252},"point_estimate":0.002511576435824236,"standard_error":0.0004116990399162106}}