{"mean":{"confidence_interval":{"confidence_level":0.95,"lower_bound":1.2455776332553408,"upper_bound":1.2479112489402198},"point_estimate":1.2466400463322849,"standard_error":0.0005986519690760253},"median":{"confidence_interval":{"confidence_level":0.95,"lower_bound":1.2441814674602432,"upper_bound":1.2452147938933813},"point_estimate":1.244487728375638,"standard_error":0.000291004060950574},"median_abs_dev":{"confidence_interval":{"confidence_level":0.95,"lower_bound":0.0008880455541682168,"upper_bound":0.0019574690646246857},"point_estimate":0.0012905949055137982,"standard_error":0.00028064610816605105},"slope":{"confidence_interval":{"confidence_level":0.95,"lower_bound":1.2459825898356125,"upper_bound":1.2486120009357784},"point_estimate":1.2472043001311026,"standard_error":0.0006726685213969848},"std_dev":{"confidence_interval":{"confidence_level":0.95,"lower_bound":0.0035264080398806773,"upper_bound":0.008186105023786468},"point_estimate":0.0060385738313352005,"standard_error":0.0011900444293227264}}