{"mean":{"confidence_interval":{"confidence_level":0.95,"lower_bound":1.242988285295649,"upper_bound":1.2438297555239504},"point_estimate":1.2433667676767979,"standard_error":0.00021546405182072014},"median":{"confidence_interval":{"confidence_level":0.95,"lower_bound":1.2425749945072229,"upper_bound":1.24315887335337},"point_estimate":1.2428719802305788,"standard_error":0.0001361611436165519},"median_abs_dev":{"confidence_interval":{"confidence_level":0.95,"lower_bound":0.0006921278474542647,"upper_bound":0.001067623643515237},"point_estimate":0.0008471157748092672,"standard_error":0.00009438594040409902},"slope":{"confidence_interval":{"confidence_level":0.95,"lower_bound":1.2431693638903596,"upper_bound":1.2439748705612583},"point_estimate":1.2435386769454897,"standard_error":0.00020779292576261662},"std_dev":{"confidence_interval":{"confidence_level":0.95,"lower_bound":0.0010656901134026976,"upper_bound":0.0030564564831493473},"point_estimate":0.0021634579759078603,"standard_error":0.000516771758121803}}