{"mean":{"confidence_interval":{"confidence_level":0.95,"lower_bound":1224.8489776414783,"upper_bound":1229.9192751299988},"point_estimate":1227.2174257111922,"standard_error":1.295365504768013},"median":{"confidence_interval":{"confidence_level":0.95,"lower_bound":1222.8811464151634,"upper_bound":1225.7613496932515},"point_estimate":1224.2299874029559,"standard_error":0.6098827914677099},"median_abs_dev":{"confidence_interval":{"confidence_level":0.95,"lower_bound":3.7569246223427526,"upper_bound":6.518079372849769},"point_estimate":5.221815663293203,"standard_error":0.7420566613137215},"slope":{"confidence_interval":{"confidence_level":0.95,"lower_bound":1224.2182666543092,"upper_bound":1231.2641015210052},"point_estimate":1227.124959687984,"standard_error":1.8498375390910204},"std_dev":{"confidence_interval":{"confidence_level":0.95,"lower_bound":8.382961197423137,"upper_bound":16.950471475978762},"point_estimate":13.002417248383857,"standard_error":2.186144230393059}}