{"mean":{"confidence_interval":{"confidence_level":0.95,"lower_bound":1384.7951087896136,"upper_bound":1387.7725709189638},"point_estimate":1386.2242804466193,"standard_error":0.7598108300678207},"median":{"confidence_interval":{"confidence_level":0.95,"lower_bound":1384.3415492957747,"upper_bound":1386.5931498079385},"point_estimate":1385.6449298863354,"standard_error":0.6031086245393144},"median_abs_dev":{"confidence_interval":{"confidence_level":0.95,"lower_bound":3.5798445457103547,"upper_bound":6.2182112101124885},"point_estimate":4.92435414224063,"standard_error":0.6867137890361489},"slope":{"confidence_interval":{"confidence_level":0.95,"lower_bound":1385.1972527533003,"upper_bound":1389.2980208840613},"point_estimate":1386.9084725167913,"standard_error":1.0694390743209858},"std_dev":{"confidence_interval":{"confidence_level":0.95,"lower_bound":5.5957698014439625,"upper_bound":9.658726762833837},"point_estimate":7.632185561780876,"standard_error":1.0507394829302874}}