{"mean":{"confidence_interval":{"confidence_level":0.95,"lower_bound":396.45868691506,"upper_bound":397.8545229556111},"point_estimate":397.1126937738786,"standard_error":0.35722855939438924},"median":{"confidence_interval":{"confidence_level":0.95,"lower_bound":395.9548550566696,"upper_bound":397.36365927419354},"point_estimate":396.5510067234103,"standard_error":0.32465398625856845},"median_abs_dev":{"confidence_interval":{"confidence_level":0.95,"lower_bound":1.6815543464587983,"upper_bound":2.7255621728444517},"point_estimate":2.195662562871616,"standard_error":0.2544009468638444},"slope":{"confidence_interval":{"confidence_level":0.95,"lower_bound":396.4998990915111,"upper_bound":398.28546124928573},"point_estimate":397.2781464007017,"standard_error":0.4610127680957345},"std_dev":{"confidence_interval":{"confidence_level":0.95,"lower_bound":2.305218059904831,"upper_bound":4.766861161175282},"point_estimate":3.5944246765524883,"standard_error":0.6319824753325279}}