{"mean":{"confidence_interval":{"confidence_level":0.95,"lower_bound":386.12154321478596,"upper_bound":388.684579158519},"point_estimate":387.2396446139875,"standard_error":0.6608539222050138},"median":{"confidence_interval":{"confidence_level":0.95,"lower_bound":385.4004954582989,"upper_bound":386.9024540007199},"point_estimate":386.2356227253265,"standard_error":0.36257038280618803},"median_abs_dev":{"confidence_interval":{"confidence_level":0.95,"lower_bound":1.8100466362013845,"upper_bound":2.947425804038048},"point_estimate":2.414442225233076,"standard_error":0.28295606491400044},"slope":{"confidence_interval":{"confidence_level":0.95,"lower_bound":386.0435899873943,"upper_bound":387.49339821427657},"point_estimate":386.67877503685145,"standard_error":0.37196454456129324},"std_dev":{"confidence_interval":{"confidence_level":0.95,"lower_bound":2.357284490037944,"upper_bound":9.91923774854002},"point_estimate":6.639869035011492,"standard_error":1.9564498763673892}}