{"mean":{"confidence_interval":{"confidence_level":0.95,"lower_bound":436.56530261898195,"upper_bound":437.34680785549375},"point_estimate":436.9357160382478,"standard_error":0.19944935581063633},"median":{"confidence_interval":{"confidence_level":0.95,"lower_bound":435.9812167214229,"upper_bound":436.58648361442476},"point_estimate":436.23882092089116,"standard_error":0.1632875439633862},"median_abs_dev":{"confidence_interval":{"confidence_level":0.95,"lower_bound":0.6640354551807437,"upper_bound":1.2695658265418168},"point_estimate":0.9153314522810865,"standard_error":0.15194995176001305},"slope":{"confidence_interval":{"confidence_level":0.95,"lower_bound":436.3772235432143,"upper_bound":437.00433815011695},"point_estimate":436.67005878885413,"standard_error":0.16026226626536433},"std_dev":{"confidence_interval":{"confidence_level":0.95,"lower_bound":1.4652132998867404,"upper_bound":2.4875255515107546},"point_estimate":2.0150807945360074,"standard_error":0.26095695997140805}}