{"mean":{"confidence_interval":{"confidence_level":0.95,"lower_bound":109.45520000076424,"upper_bound":110.60819145207775},"point_estimate":110.00518950286498,"standard_error":0.29432789847175267},"median":{"confidence_interval":{"confidence_level":0.95,"lower_bound":108.23689817901355,"upper_bound":109.17694085316344},"point_estimate":108.3435790671691,"standard_error":0.21918416321251316},"median_abs_dev":{"confidence_interval":{"confidence_level":0.95,"lower_bound":0.2886285283665178,"upper_bound":1.6922356150798086},"point_estimate":0.6412980201763313,"standard_error":0.3532581192495061},"slope":{"confidence_interval":{"confidence_level":0.95,"lower_bound":109.6252674321188,"upper_bound":110.75516242285622},"point_estimate":110.17985929634216,"standard_error":0.2880695676053302},"std_dev":{"confidence_interval":{"confidence_level":0.95,"lower_bound":2.152230878080267,"upper_bound":3.6686167286802243},"point_estimate":2.9477826898997677,"standard_error":0.38911179106894594}}