{"mean":{"confidence_interval":{"confidence_level":0.95,"lower_bound":111.2459555478439,"upper_bound":113.42658551103268},"point_estimate":112.24888138544408,"standard_error":0.5592160565523351},"median":{"confidence_interval":{"confidence_level":0.95,"lower_bound":108.7880628942602,"upper_bound":112.12313275290659},"point_estimate":109.70330643218502,"standard_error":0.9955133815289813},"median_abs_dev":{"confidence_interval":{"confidence_level":0.95,"lower_bound":0.5991767623437875,"upper_bound":5.116327419744535},"point_estimate":2.0736561984297563,"standard_error":1.2956549116092015},"slope":{"confidence_interval":{"confidence_level":0.95,"lower_bound":110.9900183649147,"upper_bound":112.60773070966746},"point_estimate":111.77035107965756,"standard_error":0.4146147636394923},"std_dev":{"confidence_interval":{"confidence_level":0.95,"lower_bound":3.6585933705430103,"upper_bound":7.690527500839327},"point_estimate":5.6154767896430196,"standard_error":1.0952615082022776}}