{"mean":{"confidence_interval":{"confidence_level":0.95,"lower_bound":211750.0054278329,"upper_bound":213578.71756131758},"point_estimate":212520.48704612564,"standard_error":472.85272188335813},"median":{"confidence_interval":{"confidence_level":0.95,"lower_bound":211374.08757567417,"upper_bound":211522.29411764705},"point_estimate":211457.19362745096,"standard_error":37.32116608284187},"median_abs_dev":{"confidence_interval":{"confidence_level":0.95,"lower_bound":183.0975899744815,"upper_bound":369.27286705021174},"point_estimate":291.2594225907253,"standard_error":47.391364215980424},"slope":{"confidence_interval":{"confidence_level":0.95,"lower_bound":211531.49720364573,"upper_bound":212073.1546337655},"point_estimate":211749.20200679768,"standard_error":141.46137311366584},"std_dev":{"confidence_interval":{"confidence_level":0.95,"lower_bound":1467.1215364431177,"upper_bound":7426.474604328343},"point_estimate":4746.658552268183,"standard_error":1615.6617400012863}}