{"mean":{"confidence_interval":{"confidence_level":0.95,"lower_bound":154.5575090783104,"upper_bound":155.5755344379257},"point_estimate":154.97117965654903,"standard_error":0.26629366487751993},"median":{"confidence_interval":{"confidence_level":0.95,"lower_bound":154.46973474056807,"upper_bound":154.62601311052015},"point_estimate":154.53231452455591,"standard_error":0.03075112084927623},"median_abs_dev":{"confidence_interval":{"confidence_level":0.95,"lower_bound":0.29042342376644625,"upper_bound":0.48964267168138903},"point_estimate":0.3495215358175498,"standard_error":0.049023920549628626},"slope":{"confidence_interval":{"confidence_level":0.95,"lower_bound":154.72237526979916,"upper_bound":156.08437898729713},"point_estimate":155.27148221044837,"standard_error":0.35844980957344075},"std_dev":{"confidence_interval":{"confidence_level":0.95,"lower_bound":0.6611269206793464,"upper_bound":4.338140985284858},"point_estimate":2.6807862164548997,"standard_error":1.0644981891069625}}