{"mean":{"confidence_interval":{"confidence_level":0.95,"lower_bound":154.64794539786521,"upper_bound":155.09192830871172},"point_estimate":154.84019239085788,"standard_error":0.11488747695617035},"median":{"confidence_interval":{"confidence_level":0.95,"lower_bound":154.57422668333072,"upper_bound":154.71540963578374},"point_estimate":154.65711019860402,"standard_error":0.03977714363441271},"median_abs_dev":{"confidence_interval":{"confidence_level":0.95,"lower_bound":0.2665288276975861,"upper_bound":0.4556273194615939},"point_estimate":0.35818875879904444,"standard_error":0.04559449805289267},"slope":{"confidence_interval":{"confidence_level":0.95,"lower_bound":154.61906640225286,"upper_bound":154.943174487901},"point_estimate":154.76248952530162,"standard_error":0.08314060948558506},"std_dev":{"confidence_interval":{"confidence_level":0.95,"lower_bound":0.5363545086198416,"upper_bound":1.7593407622675707},"point_estimate":1.1570876477355263,"standard_error":0.3546090010584601}}