{"mean":{"confidence_interval":{"confidence_level":0.95,"lower_bound":4.1024110643221325,"upper_bound":4.1221436939438085},"point_estimate":4.110592217818819,"standard_error":0.005118561046837079},"median":{"confidence_interval":{"confidence_level":0.95,"lower_bound":4.097016800099334,"upper_bound":4.099497005921882},"point_estimate":4.098328737490108,"standard_error":0.0005872185859886424},"median_abs_dev":{"confidence_interval":{"confidence_level":0.95,"lower_bound":0.0040685102122527475,"upper_bound":0.007804436934327821},"point_estimate":0.005663723309557513,"standard_error":0.0009452609187186247},"slope":{"confidence_interval":{"confidence_level":0.95,"lower_bound":4.102416192679219,"upper_bound":4.135972890173214},"point_estimate":4.115858898751592,"standard_error":0.008801012569886984},"std_dev":{"confidence_interval":{"confidence_level":0.95,"lower_bound":0.0140283136558002,"upper_bound":0.0819362283475885},"point_estimate":0.05142154645118836,"standard_error":0.018830242880616643}}