{"mean":{"confidence_interval":{"confidence_level":0.95,"lower_bound":4.122005872901786,"upper_bound":4.1317160954863414},"point_estimate":4.126547253229263,"standard_error":0.002484992073421851},"median":{"confidence_interval":{"confidence_level":0.95,"lower_bound":4.117717586038268,"upper_bound":4.125735861450557},"point_estimate":4.121311694051335,"standard_error":0.002004944535285625},"median_abs_dev":{"confidence_interval":{"confidence_level":0.95,"lower_bound":0.01089309028094019,"upper_bound":0.017732958896623966},"point_estimate":0.014222257382704197,"standard_error":0.0018067802604617138},"slope":{"confidence_interval":{"confidence_level":0.95,"lower_bound":4.120360423467446,"upper_bound":4.12823435948508},"point_estimate":4.124130144597776,"standard_error":0.002019613888236677},"std_dev":{"confidence_interval":{"confidence_level":0.95,"lower_bound":0.015815821248984195,"upper_bound":0.033004407731457575},"point_estimate":0.024990976862583305,"standard_error":0.004389520940515525}}