{"mean":{"confidence_interval":{"confidence_level":0.95,"lower_bound":5.211491775413354,"upper_bound":5.216712597770173},"point_estimate":5.21394673171767,"standard_error":0.0013363442610001687},"median":{"confidence_interval":{"confidence_level":0.95,"lower_bound":5.2085865674009195,"upper_bound":5.2114777969497155},"point_estimate":5.210304828155964,"standard_error":0.0007879952771735009},"median_abs_dev":{"confidence_interval":{"confidence_level":0.95,"lower_bound":0.004004974996183371,"upper_bound":0.007359184617513162},"point_estimate":0.00535457640029167,"standard_error":0.0008750656221035221},"slope":{"confidence_interval":{"confidence_level":0.95,"lower_bound":5.2126755952329,"upper_bound":5.221363618994992},"point_estimate":5.216718769135382,"standard_error":0.0022154097458553035},"std_dev":{"confidence_interval":{"confidence_level":0.95,"lower_bound":0.009097689603156274,"upper_bound":0.017109875778852635},"point_estimate":0.013416190466919015,"standard_error":0.002055027322333739}}