{"mean":{"confidence_interval":{"confidence_level":0.95,"lower_bound":1127.5464749763992,"upper_bound":1130.709714929366},"point_estimate":1128.8575384755302,"standard_error":0.8215601268426643},"median":{"confidence_interval":{"confidence_level":0.95,"lower_bound":1126.8302824858756,"upper_bound":1128.2168571803968},"point_estimate":1127.379489248981,"standard_error":0.36719553269181315},"median_abs_dev":{"confidence_interval":{"confidence_level":0.95,"lower_bound":2.098375555966373,"upper_bound":3.3698203733187126},"point_estimate":2.8381166599633665,"standard_error":0.3181538003344962},"slope":{"confidence_interval":{"confidence_level":0.95,"lower_bound":1128.3326870360472,"upper_bound":1130.7472183367668},"point_estimate":1129.414970908171,"standard_error":0.6198054874007601},"std_dev":{"confidence_interval":{"confidence_level":0.95,"lower_bound":3.082247583926986,"upper_bound":13.126615378252213},"point_estimate":8.262679865103186,"standard_error":3.0871342235568147}}