{"mean":{"confidence_interval":{"confidence_level":0.95,"lower_bound":84222651.078,"upper_bound":84329804.65699999},"point_estimate":84271192.29,"standard_error":27245.740449946155},"median":{"confidence_interval":{"confidence_level":0.95,"lower_bound":84174292.0,"upper_bound":84241326.5},"point_estimate":84205009.0,"standard_error":19271.455111919455},"median_abs_dev":{"confidence_interval":{"confidence_level":0.95,"lower_bound":103849.4564563036,"upper_bound":188660.2721431106},"point_estimate":147681.78337812424,"standard_error":20989.2355566585},"slope":null,"std_dev":{"confidence_interval":{"confidence_level":0.95,"lower_bound":163615.22855840408,"upper_bound":390387.9456539438},"point_estimate":273693.86352381343,"standard_error":63082.37894876166}}