{"mean":{"confidence_interval":{"confidence_level":0.95,"lower_bound":45797436.7715,"upper_bound":45898457.28775},"point_estimate":45840147.17,"standard_error":26174.55709395063},"median":{"confidence_interval":{"confidence_level":0.95,"lower_bound":45770366.0,"upper_bound":45804559.0},"point_estimate":45787631.0,"standard_error":7735.707951876294},"median_abs_dev":{"confidence_interval":{"confidence_level":0.95,"lower_bound":47209.689661860466,"upper_bound":79007.752597332},"point_estimate":63209.9085777998,"standard_error":8458.903694355407},"slope":null,"std_dev":{"confidence_interval":{"confidence_level":0.95,"lower_bound":75152.30958736739,"upper_bound":406967.4923149571},"point_estimate":263363.4930513398,"standard_error":89412.87942161785}}