{"mean":{"confidence_interval":{"confidence_level":0.95,"lower_bound":102063575.80125,"upper_bound":102283821.2955},"point_estimate":102144249.75,"standard_error":62840.75281550646},"median":{"confidence_interval":{"confidence_level":0.95,"lower_bound":102039587.0,"upper_bound":102093749.0},"point_estimate":102056010.0,"standard_error":13712.288466372884},"median_abs_dev":{"confidence_interval":{"confidence_level":0.95,"lower_bound":76191.9060648233,"upper_bound":122049.11243319511},"point_estimate":100458.00901651382,"standard_error":11217.292667705999},"slope":null,"std_dev":{"confidence_interval":{"confidence_level":0.95,"lower_bound":102718.90343880952,"upper_bound":1072954.9516805962},"point_estimate":633445.2827768392,"standard_error":335907.99202932074}}