{"mean":{"confidence_interval":{"confidence_level":0.95,"lower_bound":60544095.932500005,"upper_bound":60645802.6535},"point_estimate":60591811.28,"standard_error":26067.99590788325},"median":{"confidence_interval":{"confidence_level":0.95,"lower_bound":60510867.0,"upper_bound":60559391.5},"point_estimate":60535608.5,"standard_error":10754.143139591022},"median_abs_dev":{"confidence_interval":{"confidence_level":0.95,"lower_bound":82846.20392918587,"upper_bound":145958.85394871203},"point_estimate":110142.35204458237,"standard_error":15635.323022881148},"slope":null,"std_dev":{"confidence_interval":{"confidence_level":0.95,"lower_bound":174674.88393559513,"upper_bound":332845.09193459037},"point_estimate":261837.9909186687,"standard_error":40353.39949149206}}