{"mean":{"confidence_interval":{"confidence_level":0.95,"lower_bound":66118124.6765,"upper_bound":66278960.1615},"point_estimate":66190401.4,"standard_error":41381.677914612446},"median":{"confidence_interval":{"confidence_level":0.95,"lower_bound":66042929.0,"upper_bound":66109664.0},"point_estimate":66089201.0,"standard_error":17044.42673829127},"median_abs_dev":{"confidence_interval":{"confidence_level":0.95,"lower_bound":90777.22422838213,"upper_bound":160423.24755191803},"point_estimate":131129.29597198963,"standard_error":18241.387290982086},"slope":null,"std_dev":{"confidence_interval":{"confidence_level":0.95,"lower_bound":228875.3372164206,"upper_bound":597339.6612061375},"point_estimate":415335.46775637165,"standard_error":98763.68593007019}}