{"mean":{"confidence_interval":{"confidence_level":0.95,"lower_bound":47879834.618250005,"upper_bound":47974428.746999994},"point_estimate":47923185.88,"standard_error":24282.988760196444},"median":{"confidence_interval":{"confidence_level":0.95,"lower_bound":47839344.0,"upper_bound":47869736.0},"point_estimate":47858540.5,"standard_error":8473.288307118817},"median_abs_dev":{"confidence_interval":{"confidence_level":0.95,"lower_bound":43050.255435705185,"upper_bound":74181.14838302135},"point_estimate":54914.02042508125,"standard_error":7792.773627030812},"slope":null,"std_dev":{"confidence_interval":{"confidence_level":0.95,"lower_bound":148763.84727632575,"upper_bound":317341.2089357431},"point_estimate":243489.911795556,"standard_error":43924.99082157065}}