{"mean":{"confidence_interval":{"confidence_level":0.95,"lower_bound":82289158.91425,"upper_bound":82376123.31925},"point_estimate":82326833.96,"standard_error":22419.05147435213},"median":{"confidence_interval":{"confidence_level":0.95,"lower_bound":82263692.0,"upper_bound":82301677.0},"point_estimate":82283085.5,"standard_error":8374.860518068093},"median_abs_dev":{"confidence_interval":{"confidence_level":0.95,"lower_bound":64167.649628296494,"upper_bound":113994.88807618618},"point_estimate":89186.54271662235,"standard_error":12466.328321180757},"slope":null,"std_dev":{"confidence_interval":{"confidence_level":0.95,"lower_bound":105518.18970835202,"upper_bound":344527.61058433587},"point_estimate":225452.00820994555,"standard_error":70656.89630870662}}