{"mean":{"confidence_interval":{"confidence_level":0.95,"lower_bound":85539382.40200001,"upper_bound":86048921.5},"point_estimate":85774571.74,"standard_error":129566.42223536868},"median":{"confidence_interval":{"confidence_level":0.95,"lower_bound":85040588.0,"upper_bound":86140516.0},"point_estimate":85221387.5,"standard_error":321390.46503745066},"median_abs_dev":{"confidence_interval":{"confidence_level":0.95,"lower_bound":521866.2951350212,"upper_bound":1573970.590013935},"point_estimate":855359.3680143356,"standard_error":295998.2250193079},"slope":null,"std_dev":{"confidence_interval":{"confidence_level":0.95,"lower_bound":901762.1732488667,"upper_bound":1781025.8975310267},"point_estimate":1297351.3047493654,"standard_error":264554.89389926015}}