{"mean":{"confidence_interval":{"confidence_level":0.95,"lower_bound":63820281.214999996,"upper_bound":63952583.54525},"point_estimate":63884849.33,"standard_error":33709.39184878346},"median":{"confidence_interval":{"confidence_level":0.95,"lower_bound":63784075.0,"upper_bound":63948330.5},"point_estimate":63902380.5,"standard_error":43280.58857587886},"median_abs_dev":{"confidence_interval":{"confidence_level":0.95,"lower_bound":217593.04383695126,"upper_bound":350929.18986976147},"point_estimate":277259.5384776592,"standard_error":33674.35327383396},"slope":null,"std_dev":{"confidence_interval":{"confidence_level":0.95,"lower_bound":266552.4830266794,"upper_bound":409197.8199979223},"point_estimate":338892.1225398382,"standard_error":36614.13288198483}}