{"mean":{"confidence_interval":{"confidence_level":0.95,"lower_bound":77382740.08125,"upper_bound":77489853.39625001},"point_estimate":77425771.38,"standard_error":28121.80272131776},"median":{"confidence_interval":{"confidence_level":0.95,"lower_bound":77358352.0,"upper_bound":77411342.0},"point_estimate":77383925.0,"standard_error":13366.214664330182},"median_abs_dev":{"confidence_interval":{"confidence_level":0.95,"lower_bound":76228.37802417578,"upper_bound":127072.90244400501},"point_estimate":99499.50813353062,"standard_error":13067.696441019487},"slope":null,"std_dev":{"confidence_interval":{"confidence_level":0.95,"lower_bound":101628.92123747194,"upper_bound":459193.6760324641},"point_estimate":282766.8385428725,"standard_error":118650.71670726506}}