{"mean":{"confidence_interval":{"confidence_level":0.95,"lower_bound":58500251.619,"upper_bound":58665031.87225},"point_estimate":58575517.8,"standard_error":42090.1045477952},"median":{"confidence_interval":{"confidence_level":0.95,"lower_bound":58425849.0,"upper_bound":58523608.0},"point_estimate":58481262.5,"standard_error":22522.809046958617},"median_abs_dev":{"confidence_interval":{"confidence_level":0.95,"lower_bound":146020.53010761738,"upper_bound":260852.34586894512},"point_estimate":192400.70508420467,"standard_error":29153.6051638232},"slope":null,"std_dev":{"confidence_interval":{"confidence_level":0.95,"lower_bound":238662.2810169941,"upper_bound":577972.9866535967},"point_estimate":422313.14896920143,"standard_error":86404.90651119869}}