{"mean":{"confidence_interval":{"confidence_level":0.95,"lower_bound":62989425.50475,"upper_bound":63098891.609000005},"point_estimate":63040650.44,"standard_error":28013.37877488647},"median":{"confidence_interval":{"confidence_level":0.95,"lower_bound":62935898.5,"upper_bound":62992641.5},"point_estimate":62965931.5,"standard_error":15350.676880535173},"median_abs_dev":{"confidence_interval":{"confidence_level":0.95,"lower_bound":88578.54699991645,"upper_bound":179523.5830128193},"point_estimate":133797.23462462425,"standard_error":23448.97973126213},"slope":null,"std_dev":{"confidence_interval":{"confidence_level":0.95,"lower_bound":186497.25307894408,"upper_bound":374391.0532101231},"point_estimate":282184.46384351654,"standard_error":48944.870344090756}}