{"mean":{"confidence_interval":{"confidence_level":0.95,"lower_bound":60641037.6595,"upper_bound":60767364.5675},"point_estimate":60699419.27,"standard_error":32310.019595674592},"median":{"confidence_interval":{"confidence_level":0.95,"lower_bound":60592665.0,"upper_bound":60670025.5},"point_estimate":60634188.0,"standard_error":20027.107280397795},"median_abs_dev":{"confidence_interval":{"confidence_level":0.95,"lower_bound":120897.13225364685,"upper_bound":211506.2296450138},"point_estimate":154036.20686531067,"standard_error":22566.694203578558},"slope":null,"std_dev":{"confidence_interval":{"confidence_level":0.95,"lower_bound":200493.18338237988,"upper_bound":454373.45662744704},"point_estimate":325124.15426076046,"standard_error":69436.08974122195}}