{"mean":{"confidence_interval":{"confidence_level":0.95,"lower_bound":49031560.607,"upper_bound":49118629.051249996},"point_estimate":49071438.6,"standard_error":22359.078554666165},"median":{"confidence_interval":{"confidence_level":0.95,"lower_bound":48989900.5,"upper_bound":49012647.0},"point_estimate":49003636.0,"standard_error":6018.9798389145},"median_abs_dev":{"confidence_interval":{"confidence_level":0.95,"lower_bound":28728.24702747167,"upper_bound":58705.028557777405},"point_estimate":43131.79843425751,"standard_error":7768.380469594437},"slope":null,"std_dev":{"confidence_interval":{"confidence_level":0.95,"lower_bound":124752.0822610096,"upper_bound":298051.30880462576},"point_estimate":224659.39937634795,"standard_error":43404.16721193649}}