{"mean":{"confidence_interval":{"confidence_level":0.95,"lower_bound":65148925.878750004,"upper_bound":65288125.17325},"point_estimate":65209384.87,"standard_error":35944.036730222426},"median":{"confidence_interval":{"confidence_level":0.95,"lower_bound":65113253.0,"upper_bound":65155632.0},"point_estimate":65130435.0,"standard_error":10020.249426022463},"median_abs_dev":{"confidence_interval":{"confidence_level":0.95,"lower_bound":62966.76218211651,"upper_bound":112557.98924669594},"point_estimate":89181.35361671448,"standard_error":13048.131659432627},"slope":null,"std_dev":{"confidence_interval":{"confidence_level":0.95,"lower_bound":120288.36934332912,"upper_bound":539843.5685502894},"point_estimate":361144.65370232303,"standard_error":106937.63556015487}}