{"mean":{"confidence_interval":{"confidence_level":0.95,"lower_bound":29.54832122800885,"upper_bound":29.790484766804948},"point_estimate":29.669488121343342,"standard_error":0.061767296066738774},"median":{"confidence_interval":{"confidence_level":0.95,"lower_bound":29.504529289303445,"upper_bound":29.824802957786055},"point_estimate":29.646516446876426,"standard_error":0.08473909157340671},"median_abs_dev":{"confidence_interval":{"confidence_level":0.95,"lower_bound":0.45629467425358883,"upper_bound":0.8015732241109323},"point_estimate":0.6125050971606587,"standard_error":0.08858152252835075},"slope":{"confidence_interval":{"confidence_level":0.95,"lower_bound":29.611461283094815,"upper_bound":29.835636331216712},"point_estimate":29.723848289200273,"standard_error":0.057310452187990184},"std_dev":{"confidence_interval":{"confidence_level":0.95,"lower_bound":0.5394081531758173,"upper_bound":0.6966149066012475},"point_estimate":0.622364945876555,"standard_error":0.04018877886062528}}