{"mean":{"confidence_interval":{"confidence_level":0.95,"lower_bound":1710563.8284583334,"upper_bound":1712367.3849583338},"point_estimate":1711369.056666667,"standard_error":463.4070029402741},"median":{"confidence_interval":{"confidence_level":0.95,"lower_bound":1709618.0833333333,"upper_bound":1710367.8333333333},"point_estimate":1710074.75,"standard_error":199.55673962459613},"median_abs_dev":{"confidence_interval":{"confidence_level":0.95,"lower_bound":1026.082731783275,"upper_bound":1938.4994655851},"point_estimate":1328.038926422596,"standard_error":234.910625402279},"slope":null,"std_dev":{"confidence_interval":{"confidence_level":0.95,"lower_bound":2302.303743411355,"upper_bound":6831.727846595064},"point_estimate":4662.961468256454,"standard_error":1198.7208799033522}}