{"mean":{"confidence_interval":{"confidence_level":0.95,"lower_bound":541.9404160999537,"upper_bound":543.0251310449521},"point_estimate":542.4845301493418,"standard_error":0.27696114095531443},"median":{"confidence_interval":{"confidence_level":0.95,"lower_bound":542.077978424015,"upper_bound":543.2205234548995},"point_estimate":542.3661178095815,"standard_error":0.29955126547316585},"median_abs_dev":{"confidence_interval":{"confidence_level":0.95,"lower_bound":1.6666943104279544,"upper_bound":2.837165914151743},"point_estimate":2.0570882523754044,"standard_error":0.29740191862526466},"slope":{"confidence_interval":{"confidence_level":0.95,"lower_bound":542.1579124655809,"upper_bound":543.1017089359168},"point_estimate":542.6250418888043,"standard_error":0.24140484174723564},"std_dev":{"confidence_interval":{"confidence_level":0.95,"lower_bound":2.272344347524938,"upper_bound":3.261807468739991},"point_estimate":2.7887792486720846,"standard_error":0.2529921432213198}}