{"mean":{"confidence_interval":{"confidence_level":0.95,"lower_bound":3.1125425386410623,"upper_bound":3.1183420366835732},"point_estimate":3.1151964078800978,"standard_error":0.0014869872225597026},"median":{"confidence_interval":{"confidence_level":0.95,"lower_bound":3.109486724624553,"upper_bound":3.1114958130855976},"point_estimate":3.1104692134371725,"standard_error":0.0005046722958620672},"median_abs_dev":{"confidence_interval":{"confidence_level":0.95,"lower_bound":0.003840449570853958,"upper_bound":0.007141373162212736},"point_estimate":0.005408532659333047,"standard_error":0.0008787479957481259},"slope":{"confidence_interval":{"confidence_level":0.95,"lower_bound":3.1131917892784244,"upper_bound":3.1187085869358575},"point_estimate":3.1157670480596114,"standard_error":0.0014145787429530343},"std_dev":{"confidence_interval":{"confidence_level":0.95,"lower_bound":0.008875405438175265,"upper_bound":0.02078102403768495},"point_estimate":0.014944251096307232,"standard_error":0.0031273525133833275}}