{"mean":{"confidence_interval":{"confidence_level":0.95,"lower_bound":2.1768326537870175,"upper_bound":2.1835200961430306},"point_estimate":2.179791728344666,"standard_error":0.0017245610388675493},"median":{"confidence_interval":{"confidence_level":0.95,"lower_bound":2.174573137202895,"upper_bound":2.1763218717065382},"point_estimate":2.175204449273749,"standard_error":0.00047117347864961915},"median_abs_dev":{"confidence_interval":{"confidence_level":0.95,"lower_bound":0.0020200361925298733,"upper_bound":0.0036360319433851743},"point_estimate":0.002634782716115639,"standard_error":0.00039148098375339324},"slope":{"confidence_interval":{"confidence_level":0.95,"lower_bound":2.1774350944014054,"upper_bound":2.185965451214987},"point_estimate":2.18100612948314,"standard_error":0.0022033510497969713},"std_dev":{"confidence_interval":{"confidence_level":0.95,"lower_bound":0.006025356138228385,"upper_bound":0.024762576869890456},"point_estimate":0.017305047026388437,"standard_error":0.004511943125935793}}