{"mean":{"confidence_interval":{"confidence_level":0.95,"lower_bound":2.1776574655016163,"upper_bound":2.182334226354487},"point_estimate":2.179766161965061,"standard_error":0.001206013293833758},"median":{"confidence_interval":{"confidence_level":0.95,"lower_bound":2.175284250948585,"upper_bound":2.1773669246492537},"point_estimate":2.17624752773855,"standard_error":0.00047606004662447587},"median_abs_dev":{"confidence_interval":{"confidence_level":0.95,"lower_bound":0.0021626329585212314,"upper_bound":0.003983919021505106},"point_estimate":0.00287724834303818,"standard_error":0.00041549198680899843},"slope":{"confidence_interval":{"confidence_level":0.95,"lower_bound":2.17790394851994,"upper_bound":2.1816657429193134},"point_estimate":2.179628630773436,"standard_error":0.0009619906247409572},"std_dev":{"confidence_interval":{"confidence_level":0.95,"lower_bound":0.006383085343565842,"upper_bound":0.01751365482102807},"point_estimate":0.012086919757464433,"standard_error":0.0030047785606075747}}