{"mean":{"confidence_interval":{"confidence_level":0.95,"lower_bound":11984.046860259657,"upper_bound":12021.941997652379},"point_estimate":12000.691888382444,"standard_error":9.778429950372379},"median":{"confidence_interval":{"confidence_level":0.95,"lower_bound":11972.039880358923,"upper_bound":11984.453333333335},"point_estimate":11977.56629318394,"standard_error":3.1493553233388196},"median_abs_dev":{"confidence_interval":{"confidence_level":0.95,"lower_bound":17.64590647570531,"upper_bound":34.2394766470308},"point_estimate":25.557434879598148,"standard_error":4.31499010332724},"slope":{"confidence_interval":{"confidence_level":0.95,"lower_bound":11988.815036533959,"upper_bound":12066.579328481812},"point_estimate":12021.197581168126,"standard_error":20.46507693110426},"std_dev":{"confidence_interval":{"confidence_level":0.95,"lower_bound":32.91489988956509,"upper_bound":144.01424729255416},"point_estimate":98.20741126165544,"standard_error":27.240444925847157}}