{"mean":{"confidence_interval":{"confidence_level":0.95,"lower_bound":16331761.92075,"upper_bound":16356182.277},"point_estimate":16342780.89,"standard_error":6243.331473676292},"median":{"confidence_interval":{"confidence_level":0.95,"lower_bound":16323908.0,"upper_bound":16336091.0},"point_estimate":16329669.0,"standard_error":2969.661739937489},"median_abs_dev":{"confidence_interval":{"confidence_level":0.95,"lower_bound":23015.140691399574,"upper_bound":39681.9736205041},"point_estimate":30650.530555844307,"standard_error":4152.794092578354},"slope":null,"std_dev":{"confidence_interval":{"confidence_level":0.95,"lower_bound":33328.457223090416,"upper_bound":89527.32646490385},"point_estimate":62597.572391999485,"standard_error":14771.498481806908}}