{"mean":{"confidence_interval":{"confidence_level":0.95,"lower_bound":15019668.84925,"upper_bound":15074756.313},"point_estimate":15040849.1,"standard_error":14802.535173258797},"median":{"confidence_interval":{"confidence_level":0.95,"lower_bound":15013164.0,"upper_bound":15026177.0},"point_estimate":15019134.0,"standard_error":3569.4318855610704},"median_abs_dev":{"confidence_interval":{"confidence_level":0.95,"lower_bound":27479.990512132645,"upper_bound":46663.351571559906},"point_estimate":35850.00866353512,"standard_error":4868.386666636622},"slope":null,"std_dev":{"confidence_interval":{"confidence_level":0.95,"lower_bound":34931.03477012929,"upper_bound":247098.0378826071},"point_estimate":148753.78305027296,"standard_error":69354.26925678736}}