{"mean":{"confidence_interval":{"confidence_level":0.95,"lower_bound":24746629.28525,"upper_bound":24797119.55},"point_estimate":24770382.38,"standard_error":12938.104335006281},"median":{"confidence_interval":{"confidence_level":0.95,"lower_bound":24719770.0,"upper_bound":24761278.0},"point_estimate":24740349.0,"standard_error":11028.738173549786},"median_abs_dev":{"confidence_interval":{"confidence_level":0.95,"lower_bound":61896.32500112057,"upper_bound":116773.28042685986},"point_estimate":86182.05386996269,"standard_error":14926.818394692154},"slope":null,"std_dev":{"confidence_interval":{"confidence_level":0.95,"lower_bound":90620.27379438281,"upper_bound":171358.10037845734},"point_estimate":129959.5066491113,"standard_error":21406.73513345031}}