{"mean":{"confidence_interval":{"confidence_level":0.95,"lower_bound":22212861.9985,"upper_bound":22263635.023},"point_estimate":22237396.97,"standard_error":12937.121788293534},"median":{"confidence_interval":{"confidence_level":0.95,"lower_bound":22187717.0,"upper_bound":22247580.5},"point_estimate":22215885.5,"standard_error":15417.617626166231},"median_abs_dev":{"confidence_interval":{"confidence_level":0.95,"lower_bound":79633.40978622437,"upper_bound":134757.95940756798},"point_estimate":100592.18431413174,"standard_error":13560.715158231858},"slope":null,"std_dev":{"confidence_interval":{"confidence_level":0.95,"lower_bound":102489.88001674846,"upper_bound":155332.34203704874},"point_estimate":130135.57898998914,"standard_error":13487.79669674013}}