{"mean":{"confidence_interval":{"confidence_level":0.95,"lower_bound":12940817.159500001,"upper_bound":12976013.08475},"point_estimate":12954337.31,"standard_error":9459.215947230745},"median":{"confidence_interval":{"confidence_level":0.95,"lower_bound":12935460.5,"upper_bound":12939955.0},"point_estimate":12938028.0,"standard_error":1076.6301431625418},"median_abs_dev":{"confidence_interval":{"confidence_level":0.95,"lower_bound":7606.479164958,"upper_bound":14058.01295042038},"point_estimate":10694.7349101305,"standard_error":1635.8180623445305},"slope":null,"std_dev":{"confidence_interval":{"confidence_level":0.95,"lower_bound":14162.976802960395,"upper_bound":158223.91763966894},"point_estimate":95223.95116794013,"standard_error":44324.353314633416}}