{"mean":{"confidence_interval":{"confidence_level":0.95,"lower_bound":16319526.09625,"upper_bound":16367284.82625},"point_estimate":16340944.06,"standard_error":12216.517677518374},"median":{"confidence_interval":{"confidence_level":0.95,"lower_bound":16307621.5,"upper_bound":16331155.0},"point_estimate":16316012.0,"standard_error":5658.80409295455},"median_abs_dev":{"confidence_interval":{"confidence_level":0.95,"lower_bound":33264.35430943966,"upper_bound":59807.341638207436},"point_estimate":41833.7821573019,"standard_error":7020.657921898958},"slope":null,"std_dev":{"confidence_interval":{"confidence_level":0.95,"lower_bound":62279.717819636164,"upper_bound":170473.1213546703},"point_estimate":122675.97074100898,"standard_error":27295.056478975475}}