{"mean":{"confidence_interval":{"confidence_level":0.95,"lower_bound":16191142.034,"upper_bound":16224213.706249999},"point_estimate":16205721.33,"standard_error":8553.91116489658},"median":{"confidence_interval":{"confidence_level":0.95,"lower_bound":16177844.0,"upper_bound":16194194.0},"point_estimate":16185258.0,"standard_error":4265.415932179032},"median_abs_dev":{"confidence_interval":{"confidence_level":0.95,"lower_bound":19027.68806219101,"upper_bound":36325.181955099106},"point_estimate":25058.90475511551,"standard_error":4293.706491140571},"slope":null,"std_dev":{"confidence_interval":{"confidence_level":0.95,"lower_bound":33500.071346780016,"upper_bound":125893.83761309022},"point_estimate":86054.82549262866,"standard_error":24329.100549449227}}