{"mean":{"confidence_interval":{"confidence_level":0.95,"lower_bound":15613779.8445,"upper_bound":15635356.5715},"point_estimate":15624254.66,"standard_error":5495.481261103231},"median":{"confidence_interval":{"confidence_level":0.95,"lower_bound":15604025.0,"upper_bound":15632493.0},"point_estimate":15612511.0,"standard_error":8006.8250708209625},"median_abs_dev":{"confidence_interval":{"confidence_level":0.95,"lower_bound":38820.39771080017,"upper_bound":62504.93229031563},"point_estimate":49737.52261698246,"standard_error":6245.078141262949},"slope":null,"std_dev":{"confidence_interval":{"confidence_level":0.95,"lower_bound":44018.33639742006,"upper_bound":67035.25530745766},"point_estimate":55420.27276801526,"standard_error":5955.1345573974295}}