{"mean":{"confidence_interval":{"confidence_level":0.95,"lower_bound":16106783.159,"upper_bound":16151713.34525},"point_estimate":16126447.49,"standard_error":11602.821051931227},"median":{"confidence_interval":{"confidence_level":0.95,"lower_bound":16095257.0,"upper_bound":16117698.5},"point_estimate":16106366.5,"standard_error":4456.444325659954},"median_abs_dev":{"confidence_interval":{"confidence_level":0.95,"lower_bound":36348.90355467796,"upper_bound":57557.49617815018},"point_estimate":46669.28197145462,"standard_error":5380.040141323435},"slope":null,"std_dev":{"confidence_interval":{"confidence_level":0.95,"lower_bound":45620.593876970364,"upper_bound":172772.29650319248},"point_estimate":116809.05471686854,"standard_error":33529.70148182868}}