{"mean":{"confidence_interval":{"confidence_level":0.95,"lower_bound":16287574.49325,"upper_bound":16433538.0025},"point_estimate":16348035.38,"standard_error":38033.455643108486},"median":{"confidence_interval":{"confidence_level":0.95,"lower_bound":16259127.0,"upper_bound":16287529.5},"point_estimate":16275537.0,"standard_error":6524.245093434341},"median_abs_dev":{"confidence_interval":{"confidence_level":0.95,"lower_bound":43848.635521531105,"upper_bound":84434.80980098248},"point_estimate":65578.36203575134,"standard_error":10766.90919134193},"slope":null,"std_dev":{"confidence_interval":{"confidence_level":0.95,"lower_bound":86679.98573536568,"upper_bound":606914.5126671705},"point_estimate":382206.9569001119,"standard_error":141457.384260829}}