{"mean":{"confidence_interval":{"confidence_level":0.95,"lower_bound":14786014.96725,"upper_bound":14829040.3825},"point_estimate":14805972.99,"standard_error":10956.920647485627},"median":{"confidence_interval":{"confidence_level":0.95,"lower_bound":14767692.0,"upper_bound":14794612.0},"point_estimate":14783542.0,"standard_error":6386.169830629162},"median_abs_dev":{"confidence_interval":{"confidence_level":0.95,"lower_bound":44487.63611018658,"upper_bound":76512.90749162427},"point_estimate":59474.49794411659,"standard_error":8310.439090825203},"slope":null,"std_dev":{"confidence_interval":{"confidence_level":0.95,"lower_bound":67697.74270341189,"upper_bound":145015.09819459007},"point_estimate":109991.07599462075,"standard_error":19654.515725611454}}