{"mean":{"confidence_interval":{"confidence_level":0.95,"lower_bound":14745837.748,"upper_bound":14762546.52825},"point_estimate":14753813.87,"standard_error":4260.5357840789},"median":{"confidence_interval":{"confidence_level":0.95,"lower_bound":14739242.0,"upper_bound":14754631.0},"point_estimate":14747367.0,"standard_error":3645.0315324757544},"median_abs_dev":{"confidence_interval":{"confidence_level":0.95,"lower_bound":24382.802102118734,"upper_bound":43365.307930111885},"point_estimate":32283.614426851273,"standard_error":4757.212543532134},"slope":null,"std_dev":{"confidence_interval":{"confidence_level":0.95,"lower_bound":31402.454984138763,"upper_bound":56058.08187160089},"point_estimate":42769.29700020822,"standard_error":6838.7643004237225}}