{"mean":{"confidence_interval":{"confidence_level":0.95,"lower_bound":15974001.3825,"upper_bound":16044014.4495},"point_estimate":16006694.5,"standard_error":17965.98021820692},"median":{"confidence_interval":{"confidence_level":0.95,"lower_bound":15925554.0,"upper_bound":16048878.0},"point_estimate":16021758.0,"standard_error":34185.409843225156},"median_abs_dev":{"confidence_interval":{"confidence_level":0.95,"lower_bound":95614.35490250587,"upper_bound":181920.94717025757},"point_estimate":153446.87337577343,"standard_error":21466.820903392174},"slope":null,"std_dev":{"confidence_interval":{"confidence_level":0.95,"lower_bound":118892.30597362832,"upper_bound":246694.96398105146},"point_estimate":180365.481887402,"standard_error":34820.42918773068}}