{"mean":{"confidence_interval":{"confidence_level":0.95,"lower_bound":16219617.602750001,"upper_bound":16269185.23975},"point_estimate":16241795.6,"standard_error":12676.453645602895},"median":{"confidence_interval":{"confidence_level":0.95,"lower_bound":16199273.0,"upper_bound":16230781.0},"point_estimate":16209482.5,"standard_error":7631.540370410342},"median_abs_dev":{"confidence_interval":{"confidence_level":0.95,"lower_bound":42866.41303896904,"upper_bound":75190.05766510963},"point_estimate":54958.49842429161,"standard_error":7929.929985183936},"slope":null,"std_dev":{"confidence_interval":{"confidence_level":0.95,"lower_bound":60606.40787971819,"upper_bound":182120.88046971976},"point_estimate":127224.1572858351,"standard_error":31356.220826716723}}