{"mean":{"confidence_interval":{"confidence_level":0.95,"lower_bound":17493339.541500002,"upper_bound":17515448.35675},"point_estimate":17504167.7,"standard_error":5627.184566197823},"median":{"confidence_interval":{"confidence_level":0.95,"lower_bound":17481653.0,"upper_bound":17510567.5},"point_estimate":17496843.0,"standard_error":6904.841264187696},"median_abs_dev":{"confidence_interval":{"confidence_level":0.95,"lower_bound":41236.29436790943,"upper_bound":70712.6057446003},"point_estimate":51098.549392819405,"standard_error":7634.600189828964},"slope":null,"std_dev":{"confidence_interval":{"confidence_level":0.95,"lower_bound":47840.44433906763,"upper_bound":63987.81775915866},"point_estimate":56351.43304291293,"standard_error":4126.883807929792}}