{"mean":{"confidence_interval":{"confidence_level":0.95,"lower_bound":63712.53025118525,"upper_bound":63945.13124314098},"point_estimate":63823.853700628264,"standard_error":59.05180510276971},"median":{"confidence_interval":{"confidence_level":0.95,"lower_bound":63715.1125,"upper_bound":63803.79302536232},"point_estimate":63756.908814102564,"standard_error":21.44661800240026},"median_abs_dev":{"confidence_interval":{"confidence_level":0.95,"lower_bound":108.9140749894664,"upper_bound":195.69477266208938},"point_estimate":134.3644241530161,"standard_error":22.757301435836652},"slope":{"confidence_interval":{"confidence_level":0.95,"lower_bound":63768.13369462812,"upper_bound":64094.90708227197},"point_estimate":63915.58003251071,"standard_error":84.01334781082417},"std_dev":{"confidence_interval":{"confidence_level":0.95,"lower_bound":338.787083844361,"upper_bound":802.7312130362008},"point_estimate":593.3086127354926,"standard_error":118.17974410754655}}