{"mean":{"confidence_interval":{"confidence_level":0.95,"lower_bound":59611.26079835095,"upper_bound":59780.0290069034},"point_estimate":59690.15669581641,"standard_error":43.12598136216943},"median":{"confidence_interval":{"confidence_level":0.95,"lower_bound":59579.389194362986,"upper_bound":59676.20738636364},"point_estimate":59645.603339829904,"standard_error":25.107154181955096},"median_abs_dev":{"confidence_interval":{"confidence_level":0.95,"lower_bound":187.00248536522466,"upper_bound":300.91084846095816},"point_estimate":240.84323827704566,"standard_error":30.803504285932885},"slope":{"confidence_interval":{"confidence_level":0.95,"lower_bound":59630.61470191239,"upper_bound":59830.32451051746},"point_estimate":59715.841949165064,"standard_error":51.32876632863928},"std_dev":{"confidence_interval":{"confidence_level":0.95,"lower_bound":273.2980060401189,"upper_bound":591.260758761161},"point_estimate":434.36812847128135,"standard_error":83.18505137174827}}