{"mean":{"confidence_interval":{"confidence_level":0.95,"lower_bound":67039.9434787983,"upper_bound":67238.43984982978},"point_estimate":67122.01294889931,"standard_error":51.58293039513927},"median":{"confidence_interval":{"confidence_level":0.95,"lower_bound":67019.91666666667,"upper_bound":67108.83874179944},"point_estimate":67060.03186764379,"standard_error":21.605055694781505},"median_abs_dev":{"confidence_interval":{"confidence_level":0.95,"lower_bound":132.31601633922196,"upper_bound":225.65618303377056},"point_estimate":183.48462498795914,"standard_error":23.493693224743932},"slope":{"confidence_interval":{"confidence_level":0.95,"lower_bound":67056.58257663691,"upper_bound":67210.13962100465},"point_estimate":67122.84457415891,"standard_error":39.74261400209171},"std_dev":{"confidence_interval":{"confidence_level":0.95,"lower_bound":200.53839573339852,"upper_bound":828.3986960984716},"point_estimate":519.4460821609248,"standard_error":197.73300774717646}}