{"mean":{"confidence_interval":{"confidence_level":0.95,"lower_bound":53308.81934224135,"upper_bound":53597.85577244311},"point_estimate":53427.699486113226,"standard_error":75.65974590394603},"median":{"confidence_interval":{"confidence_level":0.95,"lower_bound":53245.15489130435,"upper_bound":53298.05927835051},"point_estimate":53259.517628205125,"standard_error":13.179488358518862},"median_abs_dev":{"confidence_interval":{"confidence_level":0.95,"lower_bound":76.86100139406074,"upper_bound":150.06804206994084},"point_estimate":109.31702684780174,"standard_error":18.14442801921669},"slope":{"confidence_interval":{"confidence_level":0.95,"lower_bound":53297.155006427296,"upper_bound":53481.075493468066},"point_estimate":53371.99816166691,"standard_error":47.91604179125096},"std_dev":{"confidence_interval":{"confidence_level":0.95,"lower_bound":178.6757500716272,"upper_bound":1223.5787421949196},"point_estimate":761.8266838588179,"standard_error":294.5387646952493}}