{"mean":{"confidence_interval":{"confidence_level":0.95,"lower_bound":137.5815979969898,"upper_bound":137.99437443766348},"point_estimate":137.75152251606147,"standard_error":0.10812254314760103},"median":{"confidence_interval":{"confidence_level":0.95,"lower_bound":137.4655474950397,"upper_bound":137.6749817251462},"point_estimate":137.53541666666666,"standard_error":0.049647831852779},"median_abs_dev":{"confidence_interval":{"confidence_level":0.95,"lower_bound":0.2924841665795724,"upper_bound":0.4697688812629701},"point_estimate":0.38041777512753105,"standard_error":0.043619457676870955},"slope":{"confidence_interval":{"confidence_level":0.95,"lower_bound":137.55639368291236,"upper_bound":137.78396742975582},"point_estimate":137.66416799254552,"standard_error":0.05819667677759044},"std_dev":{"confidence_interval":{"confidence_level":0.95,"lower_bound":0.4153597388437833,"upper_bound":1.7464172960227018},"point_estimate":1.0903995207485009,"standard_error":0.42706834099175156}}