{"mean":{"confidence_interval":{"confidence_level":0.95,"lower_bound":2.17405697401534,"upper_bound":2.179204071357486},"point_estimate":2.1765705518492577,"standard_error":0.00130729407228686},"median":{"confidence_interval":{"confidence_level":0.95,"lower_bound":2.1750149927389364,"upper_bound":2.176607139898556},"point_estimate":2.175803169711644,"standard_error":0.0003912009331111966},"median_abs_dev":{"confidence_interval":{"confidence_level":0.95,"lower_bound":0.0024104860247370218,"upper_bound":0.004076037903947754},"point_estimate":0.0031213442128437195,"standard_error":0.0003982582303422316},"slope":{"confidence_interval":{"confidence_level":0.95,"lower_bound":2.173327201841809,"upper_bound":2.1783318489174284},"point_estimate":2.175899204966573,"standard_error":0.0012721317998111838},"std_dev":{"confidence_interval":{"confidence_level":0.95,"lower_bound":0.008492403074867677,"upper_bound":0.017428103693720835},"point_estimate":0.013118451552244207,"standard_error":0.0022911520197867706}}