{"mean":{"confidence_interval":{"confidence_level":0.95,"lower_bound":2.178000170282238,"upper_bound":2.1824330342300056},"point_estimate":2.180029163764832,"standard_error":0.0011341453068149953},"median":{"confidence_interval":{"confidence_level":0.95,"lower_bound":2.175694124188581,"upper_bound":2.177527210159241},"point_estimate":2.1764122618134536,"standard_error":0.000485584658155626},"median_abs_dev":{"confidence_interval":{"confidence_level":0.95,"lower_bound":0.002308829026410637,"upper_bound":0.0038672385817531017},"point_estimate":0.0030544290637604587,"standard_error":0.0003767022790608281},"slope":{"confidence_interval":{"confidence_level":0.95,"lower_bound":2.1788513632041338,"upper_bound":2.1844916728900357},"point_estimate":2.1814222078665986,"standard_error":0.0014453950948981602},"std_dev":{"confidence_interval":{"confidence_level":0.95,"lower_bound":0.006718050231359977,"upper_bound":0.015618207828975326},"point_estimate":0.011418564921044396,"standard_error":0.0022907981067779057}}