{"mean":{"confidence_interval":{"confidence_level":0.95,"lower_bound":2.1759922744833027,"upper_bound":2.179778510383243},"point_estimate":2.1777178819320184,"standard_error":0.000969457155410852},"median":{"confidence_interval":{"confidence_level":0.95,"lower_bound":2.17380967445276,"upper_bound":2.175029046331633},"point_estimate":2.174598270770259,"standard_error":0.0003316982338107481},"median_abs_dev":{"confidence_interval":{"confidence_level":0.95,"lower_bound":0.0013290701315261141,"upper_bound":0.002795300833918071},"point_estimate":0.0022660400285501327,"standard_error":0.00041842677123680533},"slope":{"confidence_interval":{"confidence_level":0.95,"lower_bound":2.1762143332803507,"upper_bound":2.1801507666246276},"point_estimate":2.178019533920295,"standard_error":0.0010094563253629327},"std_dev":{"confidence_interval":{"confidence_level":0.95,"lower_bound":0.00546666777835052,"upper_bound":0.013359019159660427},"point_estimate":0.00972330639760401,"standard_error":0.002030868933831564}}