{"mean":{"confidence_interval":{"confidence_level":0.95,"lower_bound":2301.8982430659967,"upper_bound":2312.3913955789067},"point_estimate":2306.6129101196516,"standard_error":2.6990376270082206},"median":{"confidence_interval":{"confidence_level":0.95,"lower_bound":2298.1696078431373,"upper_bound":2303.0889928698753},"point_estimate":2299.7848039215687,"standard_error":1.239606459040686},"median_abs_dev":{"confidence_interval":{"confidence_level":0.95,"lower_bound":6.8835957779467485,"upper_bound":11.480083486295353},"point_estimate":8.812315373956627,"standard_error":1.1189677026343037},"slope":{"confidence_interval":{"confidence_level":0.95,"lower_bound":2300.0027885437707,"upper_bound":2314.5419033408853},"point_estimate":2306.247782299916,"standard_error":3.7757795126821296},"std_dev":{"confidence_interval":{"confidence_level":0.95,"lower_bound":13.537375296784166,"upper_bound":38.025256934722535},"point_estimate":27.11101480676443,"standard_error":6.275974308686851}}