{"mean":{"confidence_interval":{"confidence_level":0.95,"lower_bound":2478.3285001080276,"upper_bound":2488.692892779515},"point_estimate":2482.271514547772,"standard_error":2.817570993017541},"median":{"confidence_interval":{"confidence_level":0.95,"lower_bound":2477.7740384615386,"upper_bound":2479.9492766881344},"point_estimate":2478.3980357142855,"standard_error":0.5261681401138307},"median_abs_dev":{"confidence_interval":{"confidence_level":0.95,"lower_bound":4.521642613077862,"upper_bound":7.817872523542659},"point_estimate":6.178956974540407,"standard_error":0.8831432596233351},"slope":{"confidence_interval":{"confidence_level":0.95,"lower_bound":2479.3736307159497,"upper_bound":2482.756167537985},"point_estimate":2480.982978683316,"standard_error":0.8661468105955271},"std_dev":{"confidence_interval":{"confidence_level":0.95,"lower_bound":6.708086076347471,"upper_bound":47.24415464356146},"point_estimate":28.29040047230453,"standard_error":13.650306275629976}}