{"mean":{"confidence_interval":{"confidence_level":0.95,"lower_bound":2316.3710179699256,"upper_bound":2334.4413762779286},"point_estimate":2324.1411690882674,"standard_error":4.658773105088995},"median":{"confidence_interval":{"confidence_level":0.95,"lower_bound":2312.6522108843537,"upper_bound":2315.8331413210444},"point_estimate":2314.704365079365,"standard_error":0.9022090025546178},"median_abs_dev":{"confidence_interval":{"confidence_level":0.95,"lower_bound":5.198683220282494,"upper_bound":10.27555661888895},"point_estimate":7.7230442959486565,"standard_error":1.3114088602218872},"slope":{"confidence_interval":{"confidence_level":0.95,"lower_bound":2315.650464488034,"upper_bound":2347.1652269803876},"point_estimate":2328.1002147325607,"standard_error":8.44171100663791},"std_dev":{"confidence_interval":{"confidence_level":0.95,"lower_bound":14.024982604600202,"upper_bound":70.32556639824863},"point_estimate":46.8645480208003,"standard_error":14.745334362757196}}