{"mean":{"confidence_interval":{"confidence_level":0.95,"lower_bound":2511.898764414004,"upper_bound":2523.3505635827446},"point_estimate":2516.83126696915,"standard_error":2.9728005784689615},"median":{"confidence_interval":{"confidence_level":0.95,"lower_bound":2508.88194457545,"upper_bound":2513.584950033311},"point_estimate":2511.574950294268,"standard_error":1.2301900207220453},"median_abs_dev":{"confidence_interval":{"confidence_level":0.95,"lower_bound":6.630725072154613,"upper_bound":11.260176748570064},"point_estimate":9.037398117598498,"standard_error":1.1882282417481722},"slope":{"confidence_interval":{"confidence_level":0.95,"lower_bound":2512.40147822305,"upper_bound":2523.00432382579},"point_estimate":2516.794127233241,"standard_error":2.747093020523882},"std_dev":{"confidence_interval":{"confidence_level":0.95,"lower_bound":9.284493359010286,"upper_bound":45.984807606412126},"point_estimate":29.810188628303937,"standard_error":9.453690471460247}}