{"mean":{"confidence_interval":{"confidence_level":0.95,"lower_bound":2153.2384229099684,"upper_bound":2160.6376492797303},"point_estimate":2156.471454380106,"standard_error":1.9085787367041636},"median":{"confidence_interval":{"confidence_level":0.95,"lower_bound":2150.8247800586514,"upper_bound":2156.6082998661313},"point_estimate":2153.1246776141497,"standard_error":1.534203215737327},"median_abs_dev":{"confidence_interval":{"confidence_level":0.95,"lower_bound":6.6084303262252275,"upper_bound":10.213978037425518},"point_estimate":7.744912435644689,"standard_error":0.9328706612130286},"slope":{"confidence_interval":{"confidence_level":0.95,"lower_bound":2152.215438134608,"upper_bound":2159.2999024567944},"point_estimate":2155.098629973734,"standard_error":1.8383427724385581},"std_dev":{"confidence_interval":{"confidence_level":0.95,"lower_bound":8.9498753513142,"upper_bound":29.355374201515165},"point_estimate":19.22218086742314,"standard_error":6.048768154021764}}