{"mean":{"confidence_interval":{"confidence_level":0.95,"lower_bound":1290.353525714861,"upper_bound":1302.4158482184182},"point_estimate":1296.2369339896923,"standard_error":3.06488162614644},"median":{"confidence_interval":{"confidence_level":0.95,"lower_bound":1295.5934583044047,"upper_bound":1307.464966442953},"point_estimate":1303.4192262139754,"standard_error":3.037234387602946},"median_abs_dev":{"confidence_interval":{"confidence_level":0.95,"lower_bound":11.838570108427367,"upper_bound":26.157734690577442},"point_estimate":16.869036878511515,"standard_error":3.6137499264910553},"slope":{"confidence_interval":{"confidence_level":0.95,"lower_bound":1294.8803543557115,"upper_bound":1305.5565402022855},"point_estimate":1300.2021161122423,"standard_error":2.7157859380317064},"std_dev":{"confidence_interval":{"confidence_level":0.95,"lower_bound":21.35418019448232,"upper_bound":40.969998557966605},"point_estimate":30.81895426778206,"standard_error":5.174686843182531}}