{"mean":{"confidence_interval":{"confidence_level":0.95,"lower_bound":1154.7986618168572,"upper_bound":1163.5854087068458},"point_estimate":1158.014382623899,"standard_error":2.486877995080015},"median":{"confidence_interval":{"confidence_level":0.95,"lower_bound":1154.4306061159414,"upper_bound":1155.6374752597726},"point_estimate":1155.07217556704,"standard_error":0.3380863671609743},"median_abs_dev":{"confidence_interval":{"confidence_level":0.95,"lower_bound":1.7708546323462664,"upper_bound":3.0031661041881184},"point_estimate":2.463199691355425,"standard_error":0.3109351780468424},"slope":{"confidence_interval":{"confidence_level":0.95,"lower_bound":1154.7969619566309,"upper_bound":1157.8459850340505},"point_estimate":1156.0201313144157,"standard_error":0.8038131043481292},"std_dev":{"confidence_interval":{"confidence_level":0.95,"lower_bound":3.899979857278267,"upper_bound":42.33294805697272},"point_estimate":24.984105757206315,"standard_error":13.209599485710484}}