{"mean":{"confidence_interval":{"confidence_level":0.95,"lower_bound":1654.6943496325791,"upper_bound":1706.2119277625898},"point_estimate":1676.4055851461703,"standard_error":13.406090720922226},"median":{"confidence_interval":{"confidence_level":0.95,"lower_bound":1648.7334933973589,"upper_bound":1651.8899252008496},"point_estimate":1649.7037380469428,"standard_error":0.8488697488044463},"median_abs_dev":{"confidence_interval":{"confidence_level":0.95,"lower_bound":4.0104930167000425,"upper_bound":7.555439673436236},"point_estimate":5.110288373657723,"standard_error":0.9570533760490638},"slope":{"confidence_interval":{"confidence_level":0.95,"lower_bound":1651.0943433845255,"upper_bound":1661.8205909557669},"point_estimate":1655.7113686662783,"standard_error":2.7497171370912827},"std_dev":{"confidence_interval":{"confidence_level":0.95,"lower_bound":32.297149853870295,"upper_bound":212.58078035276372},"point_estimate":134.81894095901225,"standard_error":48.232920662834964}}