{"mean":{"confidence_interval":{"confidence_level":0.95,"lower_bound":1876.5870299930993,"upper_bound":1884.7613460993748},"point_estimate":1879.7993156263203,"standard_error":2.190032112555905},"median":{"confidence_interval":{"confidence_level":0.95,"lower_bound":1876.523307436182,"upper_bound":1877.8312368972747},"point_estimate":1877.0819094427584,"standard_error":0.32541114296651785},"median_abs_dev":{"confidence_interval":{"confidence_level":0.95,"lower_bound":3.1390055188854418,"upper_bound":5.041704471857471},"point_estimate":3.805593316358345,"standard_error":0.4953847706409098},"slope":{"confidence_interval":{"confidence_level":0.95,"lower_bound":1877.2697346297539,"upper_bound":1880.1149042191328},"point_estimate":1878.5565876576393,"standard_error":0.7257517800816832},"std_dev":{"confidence_interval":{"confidence_level":0.95,"lower_bound":5.684630172960331,"upper_bound":36.385655491290116},"point_estimate":21.954770055668984,"standard_error":10.000246976763554}}