{"mean":{"confidence_interval":{"confidence_level":0.95,"lower_bound":1228.4584416044984,"upper_bound":1236.6833718018133},"point_estimate":1231.9890378461469,"standard_error":2.1212323222128875},"median":{"confidence_interval":{"confidence_level":0.95,"lower_bound":1226.6887910900873,"upper_bound":1229.5076308784382},"point_estimate":1227.9135224247802,"standard_error":0.7217204978822542},"median_abs_dev":{"confidence_interval":{"confidence_level":0.95,"lower_bound":4.1875887644677805,"upper_bound":6.803506230900454},"point_estimate":5.324690298482835,"standard_error":0.6447646856159761},"slope":{"confidence_interval":{"confidence_level":0.95,"lower_bound":1228.4139186391121,"upper_bound":1234.6184506051234},"point_estimate":1230.921447084729,"standard_error":1.6434477359667556},"std_dev":{"confidence_interval":{"confidence_level":0.95,"lower_bound":5.651521577424353,"upper_bound":32.308147694496036},"point_estimate":21.387530172019275,"standard_error":6.863220168251961}}