{"mean":{"confidence_interval":{"confidence_level":0.95,"lower_bound":1848.28368682183,"upper_bound":1850.7697632231916},"point_estimate":1849.510409860516,"standard_error":0.6375135594614125},"median":{"confidence_interval":{"confidence_level":0.95,"lower_bound":1848.1052425665102,"upper_bound":1849.749491785018},"point_estimate":1848.8904038693165,"standard_error":0.45495173236681574},"median_abs_dev":{"confidence_interval":{"confidence_level":0.95,"lower_bound":3.8098646185879006,"upper_bound":6.40082510396955},"point_estimate":5.106834387373132,"standard_error":0.6492559886795672},"slope":{"confidence_interval":{"confidence_level":0.95,"lower_bound":1849.0719855076145,"upper_bound":1851.8134023907865},"point_estimate":1850.3501947632574,"standard_error":0.7007214406113264},"std_dev":{"confidence_interval":{"confidence_level":0.95,"lower_bound":5.157467888420574,"upper_bound":7.590932990876329},"point_estimate":6.408779500946739,"standard_error":0.6226185683316883}}