{"mean":{"confidence_interval":{"confidence_level":0.95,"lower_bound":1.2440043331324866,"upper_bound":1.2487312215665607},"point_estimate":1.246003821774203,"standard_error":0.0012260199837938665},"median":{"confidence_interval":{"confidence_level":0.95,"lower_bound":1.2423479635349954,"upper_bound":1.2431344599520457},"point_estimate":1.2426327321154975,"standard_error":0.00020714690293351754},"median_abs_dev":{"confidence_interval":{"confidence_level":0.95,"lower_bound":0.0008907525664208241,"upper_bound":0.0017713431005235648},"point_estimate":0.001197705762739134,"standard_error":0.000222143382619226},"slope":{"confidence_interval":{"confidence_level":0.95,"lower_bound":1.243628653410744,"upper_bound":1.254549468983105},"point_estimate":1.2476781600283604,"standard_error":0.0030033932155542676},"std_dev":{"confidence_interval":{"confidence_level":0.95,"lower_bound":0.004496610743803954,"upper_bound":0.019338837642125895},"point_estimate":0.012347849933180197,"standard_error":0.004199227573153029}}