{"mean":{"confidence_interval":{"confidence_level":0.95,"lower_bound":1.2433841631521854,"upper_bound":1.2553444526855935},"point_estimate":1.247476549824197,"standard_error":0.0038069774558464704},"median":{"confidence_interval":{"confidence_level":0.95,"lower_bound":1.2428441967547303,"upper_bound":1.243343508525357},"point_estimate":1.2431810719019758,"standard_error":0.0001329688814484968},"median_abs_dev":{"confidence_interval":{"confidence_level":0.95,"lower_bound":0.0006959562965701218,"upper_bound":0.001234353747345828},"point_estimate":0.0010044171841126486,"standard_error":0.00014413333060229672},"slope":{"confidence_interval":{"confidence_level":0.95,"lower_bound":1.2435485374992927,"upper_bound":1.248094882663931},"point_estimate":1.2451835627671617,"standard_error":0.001233080740042673},"std_dev":{"confidence_interval":{"confidence_level":0.95,"lower_bound":0.0013983126038517276,"upper_bound":0.06548006072659149},"point_estimate":0.03820632716354357,"standard_error":0.023152400166151155}}