{"mean":{"confidence_interval":{"confidence_level":0.95,"lower_bound":1.0500782550583145,"upper_bound":1.0707588347656496},"point_estimate":1.0601387264443205,"standard_error":0.005288018289497903},"median":{"confidence_interval":{"confidence_level":0.95,"lower_bound":1.0300487120565183,"upper_bound":1.042050190484633},"point_estimate":1.0344377627387744,"standard_error":0.0029955314209195714},"median_abs_dev":{"confidence_interval":{"confidence_level":0.95,"lower_bound":0.015055985131315886,"upper_bound":0.03259734761319794},"point_estimate":0.023141053217997042,"standard_error":0.004394605901707828},"slope":{"confidence_interval":{"confidence_level":0.95,"lower_bound":1.0764333783585112,"upper_bound":1.1084876606367644},"point_estimate":1.093417634998705,"standard_error":0.008179599666725452},"std_dev":{"confidence_interval":{"confidence_level":0.95,"lower_bound":0.04534237152670714,"upper_bound":0.058888498769343794},"point_estimate":0.05317892179641117,"standard_error":0.0034681001888565996}}