{"mean":{"confidence_interval":{"confidence_level":0.95,"lower_bound":1.2434767350566744,"upper_bound":1.2471037412827064},"point_estimate":1.244993638554086,"standard_error":0.0009390681085023549},"median":{"confidence_interval":{"confidence_level":0.95,"lower_bound":1.2427701605393398,"upper_bound":1.2431983146788996},"point_estimate":1.2429892132566667,"standard_error":0.0001140541099139165},"median_abs_dev":{"confidence_interval":{"confidence_level":0.95,"lower_bound":0.0009294790153598775,"upper_bound":0.0016406259272677653},"point_estimate":0.0012810727781265145,"standard_error":0.000184376006602209},"slope":{"confidence_interval":{"confidence_level":0.95,"lower_bound":1.243330231749416,"upper_bound":1.2502097184392607},"point_estimate":1.2459823337953648,"standard_error":0.0018422158109282563},"std_dev":{"confidence_interval":{"confidence_level":0.95,"lower_bound":0.0021316128550494346,"upper_bound":0.014935742685930347},"point_estimate":0.00943573820075166,"standard_error":0.0033363455015816353}}