{"mean":{"confidence_interval":{"confidence_level":0.95,"lower_bound":1.2446272601983166,"upper_bound":1.246541083232054},"point_estimate":1.2454747093517275,"standard_error":0.0004920611764378514},"median":{"confidence_interval":{"confidence_level":0.95,"lower_bound":1.2440371038291196,"upper_bound":1.244380791799142},"point_estimate":1.2441716964864755,"standard_error":0.00009032683525667417},"median_abs_dev":{"confidence_interval":{"confidence_level":0.95,"lower_bound":0.0007164517109422978,"upper_bound":0.0012468187109533511},"point_estimate":0.0009326285114095135,"standard_error":0.0001392453017496204},"slope":{"confidence_interval":{"confidence_level":0.95,"lower_bound":1.244978291107214,"upper_bound":1.2473592762086712},"point_estimate":1.2460598213460434,"standard_error":0.0006108720013397498},"std_dev":{"confidence_interval":{"confidence_level":0.95,"lower_bound":0.0022403424504643253,"upper_bound":0.007362344156637074},"point_estimate":0.004955258022862885,"standard_error":0.0013546541976076428}}