{"mean":{"confidence_interval":{"confidence_level":0.95,"lower_bound":152322.81950077714,"upper_bound":152660.26838635892},"point_estimate":152472.03311308243,"standard_error":86.68809268354566},"median":{"confidence_interval":{"confidence_level":0.95,"lower_bound":152199.00684931508,"upper_bound":152423.68421052632},"point_estimate":152345.20555555556,"standard_error":62.21884948299399},"median_abs_dev":{"confidence_interval":{"confidence_level":0.95,"lower_bound":315.8409957569969,"upper_bound":552.6057284349691},"point_estimate":425.3714106299837,"standard_error":61.242219705511445},"slope":{"confidence_interval":{"confidence_level":0.95,"lower_bound":152334.05130473862,"upper_bound":152774.14943412528},"point_estimate":152510.4429200532,"standard_error":115.59474356110678},"std_dev":{"confidence_interval":{"confidence_level":0.95,"lower_bound":393.6244565197497,"upper_bound":1289.7979412614422},"point_estimate":871.9278335022452,"standard_error":242.79532306798967}}