{"mean":{"confidence_interval":{"confidence_level":0.95,"lower_bound":6697263.287625,"upper_bound":6712501.918125},"point_estimate":6704703.125,"standard_error":3899.964883971127},"median":{"confidence_interval":{"confidence_level":0.95,"lower_bound":6678779.0,"upper_bound":6691660.5},"point_estimate":6681281.25,"standard_error":3052.6678905553063},"median_abs_dev":{"confidence_interval":{"confidence_level":0.95,"lower_bound":8140.215155482292,"upper_bound":25708.28354358673},"point_estimate":12785.94217300415,"standard_error":4259.969072400945},"slope":null,"std_dev":{"confidence_interval":{"confidence_level":0.95,"lower_bound":33991.009146158234,"upper_bound":43803.17537526013},"point_estimate":39221.89688109677,"standard_error":2492.7219541333498}}