{"mean":{"confidence_interval":{"confidence_level":0.95,"lower_bound":6598253.044,"upper_bound":6608829.793125},"point_estimate":6603344.32,"standard_error":2694.614732641434},"median":{"confidence_interval":{"confidence_level":0.95,"lower_bound":6594106.5,"upper_bound":6597453.0},"point_estimate":6595153.5,"standard_error":1036.1472263045098},"median_abs_dev":{"confidence_interval":{"confidence_level":0.95,"lower_bound":4259.139074385166,"upper_bound":8878.17929238081},"point_estimate":5959.681244194508,"standard_error":1194.200732769718},"slope":null,"std_dev":{"confidence_interval":{"confidence_level":0.95,"lower_bound":19894.05407992887,"upper_bound":33042.9466447136},"point_estimate":27141.598791843007,"standard_error":3352.712816531453}}