{"mean":{"confidence_interval":{"confidence_level":0.95,"lower_bound":486.82036295834496,"upper_bound":488.77035170744784},"point_estimate":487.6829236039264,"standard_error":0.49871505607354166},"median":{"confidence_interval":{"confidence_level":0.95,"lower_bound":486.87170649509807,"upper_bound":487.8132394107514},"point_estimate":487.2693780637255,"standard_error":0.2931893838611969},"median_abs_dev":{"confidence_interval":{"confidence_level":0.95,"lower_bound":1.9170126984951021,"upper_bound":3.5933366571414576},"point_estimate":2.619071947339434,"standard_error":0.4218724467518335},"slope":{"confidence_interval":{"confidence_level":0.95,"lower_bound":486.84526908586173,"upper_bound":487.98072049929885},"point_estimate":487.4026736222788,"standard_error":0.28906775160212006},"std_dev":{"confidence_interval":{"confidence_level":0.95,"lower_bound":2.7242842249428905,"upper_bound":7.561792525138716},"point_estimate":5.010805594536027,"standard_error":1.4982685870731582}}