{"mean":{"confidence_interval":{"confidence_level":0.95,"lower_bound":402.2235700927056,"upper_bound":408.3805053823664},"point_estimate":405.06614105466963,"standard_error":1.5799619742718272},"median":{"confidence_interval":{"confidence_level":0.95,"lower_bound":399.0829455081001,"upper_bound":400.34315404153597},"point_estimate":399.5820578372686,"standard_error":0.3191255844838513},"median_abs_dev":{"confidence_interval":{"confidence_level":0.95,"lower_bound":1.7249617631902716,"upper_bound":3.1085802915830203},"point_estimate":2.2921966943636516,"standard_error":0.34730682945344316},"slope":{"confidence_interval":{"confidence_level":0.95,"lower_bound":402.7237234033247,"upper_bound":413.72112404018503},"point_estimate":407.81769323231754,"standard_error":2.8167900628837956},"std_dev":{"confidence_interval":{"confidence_level":0.95,"lower_bound":9.836741275560685,"upper_bound":21.400968716009153},"point_estimate":15.886516939577497,"standard_error":2.992118896952601}}