{"mean":{"confidence_interval":{"confidence_level":0.95,"lower_bound":380.2929683698129,"upper_bound":382.5410256839023},"point_estimate":381.19940334445965,"standard_error":0.5883687401550323},"median":{"confidence_interval":{"confidence_level":0.95,"lower_bound":380.02391403256706,"upper_bound":380.38370520622044},"point_estimate":380.23137505321415,"standard_error":0.09153250202986021},"median_abs_dev":{"confidence_interval":{"confidence_level":0.95,"lower_bound":0.7257610122630448,"upper_bound":1.2640716850977418},"point_estimate":1.018345282594092,"standard_error":0.1343237367170881},"slope":{"confidence_interval":{"confidence_level":0.95,"lower_bound":380.09154711980943,"upper_bound":381.27243660789594},"point_estimate":380.55786144389015,"standard_error":0.30914094892891403},"std_dev":{"confidence_interval":{"confidence_level":0.95,"lower_bound":1.1730532589097296,"upper_bound":9.562379367741046},"point_estimate":5.906190841609111,"standard_error":2.3701444375722667}}