{"mean":{"confidence_interval":{"confidence_level":0.95,"lower_bound":485.18093420885333,"upper_bound":487.72200180433646},"point_estimate":486.4241419028117,"standard_error":0.6478712717724799},"median":{"confidence_interval":{"confidence_level":0.95,"lower_bound":485.89431665086573,"upper_bound":487.0165036674817},"point_estimate":486.3906516262873,"standard_error":0.2573575880320888},"median_abs_dev":{"confidence_interval":{"confidence_level":0.95,"lower_bound":1.740521690406636,"upper_bound":3.3797806005579902},"point_estimate":2.3548347642243224,"standard_error":0.4262368097171793},"slope":{"confidence_interval":{"confidence_level":0.95,"lower_bound":484.3252418861062,"upper_bound":487.78284288188826},"point_estimate":486.00336299089895,"standard_error":0.8761041144488293},"std_dev":{"confidence_interval":{"confidence_level":0.95,"lower_bound":4.2476911336349445,"upper_bound":8.500903744518517},"point_estimate":6.504303190124114,"standard_error":1.0861801384185326}}