{"mean":{"confidence_interval":{"confidence_level":0.95,"lower_bound":351.9188855062974,"upper_bound":352.98539615646075},"point_estimate":352.33594963511206,"standard_error":0.28284649843097753},"median":{"confidence_interval":{"confidence_level":0.95,"lower_bound":351.72222222222223,"upper_bound":351.81792027729637},"point_estimate":351.7719576087173,"standard_error":0.022581828671728},"median_abs_dev":{"confidence_interval":{"confidence_level":0.95,"lower_bound":0.1948812902624025,"upper_bound":0.416436450196024},"point_estimate":0.3018269950414548,"standard_error":0.0518046814215453},"slope":{"confidence_interval":{"confidence_level":0.95,"lower_bound":351.8791731676833,"upper_bound":352.99028017065416},"point_estimate":352.3068129179249,"standard_error":0.29435684849424043},"std_dev":{"confidence_interval":{"confidence_level":0.95,"lower_bound":0.735316300488492,"upper_bound":4.663840930340846},"point_estimate":2.8360457072464005,"standard_error":1.2565669469851861}}