{"mean":{"confidence_interval":{"confidence_level":0.95,"lower_bound":492.83543542499154,"upper_bound":496.54251460151556},"point_estimate":494.5241844841106,"standard_error":0.9463335587785363},"median":{"confidence_interval":{"confidence_level":0.95,"lower_bound":493.989592711048,"upper_bound":494.7821907412092},"point_estimate":494.26786624108377,"standard_error":0.20074055221115075},"median_abs_dev":{"confidence_interval":{"confidence_level":0.95,"lower_bound":1.3432438823477546,"upper_bound":2.316674092075752},"point_estimate":1.825366383799888,"standard_error":0.23850249732008397},"slope":{"confidence_interval":{"confidence_level":0.95,"lower_bound":493.6393033810877,"upper_bound":496.5507666606933},"point_estimate":495.00693370740504,"standard_error":0.7411465747914894},"std_dev":{"confidence_interval":{"confidence_level":0.95,"lower_bound":4.78513317741936,"upper_bound":14.180094351602989},"point_estimate":9.508036573141572,"standard_error":2.588999553383895}}