{"mean":{"confidence_interval":{"confidence_level":0.95,"lower_bound":405.700144018591,"upper_bound":408.8211728739317},"point_estimate":407.0166577003459,"standard_error":0.8084345366921328},"median":{"confidence_interval":{"confidence_level":0.95,"lower_bound":405.08446521590963,"upper_bound":405.973253493014},"point_estimate":405.57729043192387,"standard_error":0.2425597063632898},"median_abs_dev":{"confidence_interval":{"confidence_level":0.95,"lower_bound":1.3826300199490924,"upper_bound":2.4414425844467162},"point_estimate":1.7333698219443634,"standard_error":0.27570267002906634},"slope":{"confidence_interval":{"confidence_level":0.95,"lower_bound":406.37989961423034,"upper_bound":410.1164294560661},"point_estimate":408.0568265095345,"standard_error":0.9625154736935966},"std_dev":{"confidence_interval":{"confidence_level":0.95,"lower_bound":3.2149039189150987,"upper_bound":12.743043566128035},"point_estimate":8.104671528857287,"standard_error":2.8821102032189114}}