{"mean":{"confidence_interval":{"confidence_level":0.95,"lower_bound":569.9011241676113,"upper_bound":572.2554976232854},"point_estimate":570.7926559200092,"standard_error":0.6456915377913237},"median":{"confidence_interval":{"confidence_level":0.95,"lower_bound":569.7833207660987,"upper_bound":570.208488538682},"point_estimate":569.993917425908,"standard_error":0.10933443806774967},"median_abs_dev":{"confidence_interval":{"confidence_level":0.95,"lower_bound":0.6847384759607255,"upper_bound":1.3872470454875419},"point_estimate":0.9369473047907921,"standard_error":0.17313161506830047},"slope":{"confidence_interval":{"confidence_level":0.95,"lower_bound":570.1325010611856,"upper_bound":570.6549228506149},"point_estimate":570.3804509834724,"standard_error":0.1329953501749642},"std_dev":{"confidence_interval":{"confidence_level":0.95,"lower_bound":1.408529212154683,"upper_bound":10.8527361054548},"point_estimate":6.464571319428719,"standard_error":3.194865467829274}}