{"mean":{"confidence_interval":{"confidence_level":0.95,"lower_bound":480.21137336519325,"upper_bound":484.5937328442809},"point_estimate":481.88481158888203,"standard_error":1.182896863965832},"median":{"confidence_interval":{"confidence_level":0.95,"lower_bound":479.685818664184,"upper_bound":480.55067155067155},"point_estimate":480.1743048589175,"standard_error":0.2052968796905533},"median_abs_dev":{"confidence_interval":{"confidence_level":0.95,"lower_bound":1.2192415841559985,"upper_bound":1.8809925088734156},"point_estimate":1.555355059349565,"standard_error":0.1645861060943786},"slope":{"confidence_interval":{"confidence_level":0.95,"lower_bound":480.19579879089343,"upper_bound":482.6782765546652},"point_estimate":481.23747230621456,"standard_error":0.6405494548377624},"std_dev":{"confidence_interval":{"confidence_level":0.95,"lower_bound":2.1973526341402105,"upper_bound":19.750708251117615},"point_estimate":11.866932658323432,"standard_error":5.5636781405766875}}