{"mean":{"confidence_interval":{"confidence_level":0.95,"lower_bound":1.377376296973631,"upper_bound":1.3793048390044544},"point_estimate":1.378310606635868,"standard_error":0.0004914360937199932},"median":{"confidence_interval":{"confidence_level":0.95,"lower_bound":1.3767245777724264,"upper_bound":1.378032252400925},"point_estimate":1.3773518295440468,"standard_error":0.00032324731909760053},"median_abs_dev":{"confidence_interval":{"confidence_level":0.95,"lower_bound":0.0017360667569295573,"upper_bound":0.003696137340424473},"point_estimate":0.0025892237628539778,"standard_error":0.0004959955877594856},"slope":{"confidence_interval":{"confidence_level":0.95,"lower_bound":1.3785925354821327,"upper_bound":1.3807901853571505},"point_estimate":1.3796102868712514,"standard_error":0.00056068938599367},"std_dev":{"confidence_interval":{"confidence_level":0.95,"lower_bound":0.0036621006592884716,"upper_bound":0.006245927592129822},"point_estimate":0.004941407180183244,"standard_error":0.0006690170613843662}}