{"mean":{"confidence_interval":{"confidence_level":0.95,"lower_bound":1.3749742719680216,"upper_bound":1.3818922674734981},"point_estimate":1.3776135390071707,"standard_error":0.0018631654494004133},"median":{"confidence_interval":{"confidence_level":0.95,"lower_bound":1.3735252973456307,"upper_bound":1.3741645793068211},"point_estimate":1.3738225931045047,"standard_error":0.00016238817559261146},"median_abs_dev":{"confidence_interval":{"confidence_level":0.95,"lower_bound":0.0011045336354618854,"upper_bound":0.0019112260872514908},"point_estimate":0.0014670225754146193,"standard_error":0.00019291610846672454},"slope":{"confidence_interval":{"confidence_level":0.95,"lower_bound":1.3752639292378146,"upper_bound":1.3881533099764745},"point_estimate":1.3798928721106465,"standard_error":0.0035664955954484183},"std_dev":{"confidence_interval":{"confidence_level":0.95,"lower_bound":0.004138002032571867,"upper_bound":0.031175829628603817},"point_estimate":0.018749959940887892,"standard_error":0.00884228371554336}}