{"mean":{"confidence_interval":{"confidence_level":0.95,"lower_bound":7423881.905874999,"upper_bound":7442935.923875},"point_estimate":7432681.53,"standard_error":4857.182544972812},"median":{"confidence_interval":{"confidence_level":0.95,"lower_bound":7420071.0,"upper_bound":7434938.5},"point_estimate":7428381.0,"standard_error":3629.305539700461},"median_abs_dev":{"confidence_interval":{"confidence_level":0.95,"lower_bound":25832.451291382313,"upper_bound":43468.34862828255},"point_estimate":34147.9838937521,"standard_error":4464.884836490346},"slope":null,"std_dev":{"confidence_interval":{"confidence_level":0.95,"lower_bound":30742.096614373215,"upper_bound":68265.90402389086},"point_estimate":48768.21983891422,"standard_error":10343.98914485919}}