{"mean":{"confidence_interval":{"confidence_level":0.95,"lower_bound":7323379.858750001,"upper_bound":7347602.576},"point_estimate":7334796.845,"standard_error":6186.832021195924},"median":{"confidence_interval":{"confidence_level":0.95,"lower_bound":7304027.0,"upper_bound":7334982.25},"point_estimate":7314865.75,"standard_error":7583.813502529993},"median_abs_dev":{"confidence_interval":{"confidence_level":0.95,"lower_bound":35641.70336723328,"upper_bound":64625.05025267601},"point_estimate":50651.17485076189,"standard_error":7640.2289856059415},"slope":null,"std_dev":{"confidence_interval":{"confidence_level":0.95,"lower_bound":44413.88432330106,"upper_bound":81538.65969961253},"point_estimate":62040.22146256991,"standard_error":9962.141754848044}}