{"mean":{"confidence_interval":{"confidence_level":0.95,"lower_bound":7889108.841,"upper_bound":7900826.85625},"point_estimate":7894741.56,"standard_error":2986.263489326138},"median":{"confidence_interval":{"confidence_level":0.95,"lower_bound":7883823.5,"upper_bound":7895615.5},"point_estimate":7890135.5,"standard_error":2931.611045132521},"median_abs_dev":{"confidence_interval":{"confidence_level":0.95,"lower_bound":17546.94133847952,"upper_bound":29046.728034317493},"point_estimate":23332.046435773373,"standard_error":3057.478245309866},"slope":null,"std_dev":{"confidence_interval":{"confidence_level":0.95,"lower_bound":22603.887107700142,"upper_bound":37151.56616264301},"point_estimate":29978.445195334873,"standard_error":3749.830875697741}}