{"mean":{"confidence_interval":{"confidence_level":0.95,"lower_bound":12907152.6625,"upper_bound":12995679.07575},"point_estimate":12944782.9,"standard_error":22997.03117282188},"median":{"confidence_interval":{"confidence_level":0.95,"lower_bound":12888507.0,"upper_bound":12905799.0},"point_estimate":12897472.5,"standard_error":4121.988245676728},"median_abs_dev":{"confidence_interval":{"confidence_level":0.95,"lower_bound":22273.09940457344,"upper_bound":42184.41705107689},"point_estimate":29803.965970873833,"standard_error":5495.118396756386},"slope":null,"std_dev":{"confidence_interval":{"confidence_level":0.95,"lower_bound":59023.401154648345,"upper_bound":364187.6528544897},"point_estimate":231283.5779093612,"standard_error":80099.54848422833}}