{"mean":{"confidence_interval":{"confidence_level":0.95,"lower_bound":8578940.059,"upper_bound":8590581.202375},"point_estimate":8584462.355,"standard_error":2974.1625204559846},"median":{"confidence_interval":{"confidence_level":0.95,"lower_bound":8573587.25,"upper_bound":8585404.5},"point_estimate":8580215.0,"standard_error":2882.8257530159426},"median_abs_dev":{"confidence_interval":{"confidence_level":0.95,"lower_bound":15567.299723625183,"upper_bound":27853.97635549307},"point_estimate":21708.599464595318,"standard_error":3073.3408206915187},"slope":null,"std_dev":{"confidence_interval":{"confidence_level":0.95,"lower_bound":20954.22716059384,"upper_bound":38004.54884553962},"point_estimate":29826.952502854707,"standard_error":4384.582739586218}}