{"mean":{"confidence_interval":{"confidence_level":0.95,"lower_bound":7910957.807124999,"upper_bound":7920740.77525},"point_estimate":7915383.5,"standard_error":2491.93110224447},"median":{"confidence_interval":{"confidence_level":0.95,"lower_bound":7907260.5,"upper_bound":7916346.5},"point_estimate":7912532.0,"standard_error":2671.4873751071777},"median_abs_dev":{"confidence_interval":{"confidence_level":0.95,"lower_bound":13149.549816548824,"upper_bound":20164.100942015648},"point_estimate":17000.23259818554,"standard_error":1767.6717831957505},"slope":null,"std_dev":{"confidence_interval":{"confidence_level":0.95,"lower_bound":15466.580966346506,"upper_bound":36037.54637013473},"point_estimate":25071.809623619716,"standard_error":6174.600809736306}}