{"mean":{"confidence_interval":{"confidence_level":0.95,"lower_bound":6158211.968875,"upper_bound":6185045.583125},"point_estimate":6169502.425,"standard_error":6993.1960273727955},"median":{"confidence_interval":{"confidence_level":0.95,"lower_bound":6152896.5,"upper_bound":6157812.0},"point_estimate":6155406.25,"standard_error":1654.5512637723411},"median_abs_dev":{"confidence_interval":{"confidence_level":0.95,"lower_bound":6791.790479421616,"upper_bound":13048.36236834526},"point_estimate":9938.97957354784,"standard_error":1732.0162807647425},"slope":null,"std_dev":{"confidence_interval":{"confidence_level":0.95,"lower_bound":12443.682034523168,"upper_bound":108043.00042810579},"point_estimate":70064.66388624007,"standard_error":24924.912664534975}}