{"mean":{"confidence_interval":{"confidence_level":0.95,"lower_bound":8612580.240625,"upper_bound":8637171.338125},"point_estimate":8623843.365,"standard_error":6293.242145424763},"median":{"confidence_interval":{"confidence_level":0.95,"lower_bound":8604155.0,"upper_bound":8617890.5},"point_estimate":8610126.25,"standard_error":3300.832413834871},"median_abs_dev":{"confidence_interval":{"confidence_level":0.95,"lower_bound":26573.751278221607,"upper_bound":44457.242810726166},"point_estimate":34687.650284171104,"standard_error":4681.711894040673},"slope":null,"std_dev":{"confidence_interval":{"confidence_level":0.95,"lower_bound":34104.79877555703,"upper_bound":86897.7257870885},"point_estimate":63166.24614191413,"standard_error":13458.855007224174}}