{"mean":{"confidence_interval":{"confidence_level":0.95,"lower_bound":7618143.3889999995,"upper_bound":7637888.070625},"point_estimate":7626606.86,"standard_error":5052.101570615062},"median":{"confidence_interval":{"confidence_level":0.95,"lower_bound":7609917.5,"upper_bound":7626761.5},"point_estimate":7616489.5,"standard_error":4075.320214440644},"median_abs_dev":{"confidence_interval":{"confidence_level":0.95,"lower_bound":20112.209942936897,"upper_bound":33904.09619808197},"point_estimate":25819.478541612625,"standard_error":3432.7145383841453},"slope":null,"std_dev":{"confidence_interval":{"confidence_level":0.95,"lower_bound":24794.51713494435,"upper_bound":77786.38188598197},"point_estimate":50729.1419262751,"standard_error":16343.560565038679}}