{"mean":{"confidence_interval":{"confidence_level":0.95,"lower_bound":7733113.573375001,"upper_bound":7753669.679375},"point_estimate":7741893.185,"standard_error":5289.510672044844},"median":{"confidence_interval":{"confidence_level":0.95,"lower_bound":7732349.5,"upper_bound":7745138.0},"point_estimate":7740428.75,"standard_error":3657.3274944020336},"median_abs_dev":{"confidence_interval":{"confidence_level":0.95,"lower_bound":21649.7124468908,"upper_bound":36767.422994747656},"point_estimate":32470.051373541355,"standard_error":4011.2298015579163},"slope":null,"std_dev":{"confidence_interval":{"confidence_level":0.95,"lower_bound":26127.724378911887,"upper_bound":82282.1018051763},"point_estimate":53128.031679183434,"standard_error":17926.93388132663}}