{"mean":{"confidence_interval":{"confidence_level":0.95,"lower_bound":8012528.733375001,"upper_bound":8032193.626625},"point_estimate":8021311.125,"standard_error":5057.403925056656},"median":{"confidence_interval":{"confidence_level":0.95,"lower_bound":8008428.0,"upper_bound":8017087.0},"point_estimate":8013071.5,"standard_error":1916.5654228773421},"median_abs_dev":{"confidence_interval":{"confidence_level":0.95,"lower_bound":14987.232483923435,"upper_bound":23141.902989149094},"point_estimate":18567.340770363808,"standard_error":2103.7846697582145},"slope":null,"std_dev":{"confidence_interval":{"confidence_level":0.95,"lower_bound":23664.811678847178,"upper_bound":74645.2047313463},"point_estimate":50811.305212877945,"standard_error":13404.66193018789}}