{"mean":{"confidence_interval":{"confidence_level":0.95,"lower_bound":7967371.534624999,"upper_bound":7986683.45175},"point_estimate":7975850.315,"standard_error":4953.129334724559},"median":{"confidence_interval":{"confidence_level":0.95,"lower_bound":7960646.5,"upper_bound":7972105.5},"point_estimate":7967128.75,"standard_error":3423.133172228638},"median_abs_dev":{"confidence_interval":{"confidence_level":0.95,"lower_bound":18290.038977786902,"upper_bound":32918.56566432863},"point_estimate":24575.20651370287,"standard_error":3814.4256973723864},"slope":null,"std_dev":{"confidence_interval":{"confidence_level":0.95,"lower_bound":24588.26982987985,"upper_bound":74339.96688693072},"point_estimate":49773.08418351902,"standard_error":13852.905826400463}}