{"mean":{"confidence_interval":{"confidence_level":0.95,"lower_bound":10543632.48175,"upper_bound":10632142.822},"point_estimate":10579522.83,"standard_error":23332.55282325517},"median":{"confidence_interval":{"confidence_level":0.95,"lower_bound":10531713.0,"upper_bound":10541682.0},"point_estimate":10537474.0,"standard_error":2443.8530083395626},"median_abs_dev":{"confidence_interval":{"confidence_level":0.95,"lower_bound":14994.97906878591,"upper_bound":28296.161797642708},"point_estimate":22258.273404836655,"standard_error":3559.7758906928275},"slope":null,"std_dev":{"confidence_interval":{"confidence_level":0.95,"lower_bound":33591.047168305806,"upper_bound":376757.20944665396},"point_estimate":235102.78058837366,"standard_error":94130.20066600344}}