{"mean":{"confidence_interval":{"confidence_level":0.95,"lower_bound":8090386.0540000005,"upper_bound":8111689.955625},"point_estimate":8099985.655,"standard_error":5466.090897118275},"median":{"confidence_interval":{"confidence_level":0.95,"lower_bound":8079727.75,"upper_bound":8097017.0},"point_estimate":8088761.75,"standard_error":4209.544513906904},"median_abs_dev":{"confidence_interval":{"confidence_level":0.95,"lower_bound":21474.71931874752,"upper_bound":34571.636836230755},"point_estimate":28671.25959098339,"standard_error":3287.4884470997863},"slope":null,"std_dev":{"confidence_interval":{"confidence_level":0.95,"lower_bound":28425.074453216424,"upper_bound":78089.08705267604},"point_estimate":54965.30324625715,"standard_error":12984.81725476589}}