{"mean":{"confidence_interval":{"confidence_level":0.95,"lower_bound":1.361895068208842,"upper_bound":1.3921021531189286},"point_estimate":1.375105087026675,"standard_error":0.007681671125555341},"median":{"confidence_interval":{"confidence_level":0.95,"lower_bound":1.3588245358185358,"upper_bound":1.3596962126563041},"point_estimate":1.3591948857089784,"standard_error":0.00024351822554710082},"median_abs_dev":{"confidence_interval":{"confidence_level":0.95,"lower_bound":0.0015310465718182292,"upper_bound":0.002898451795440568},"point_estimate":0.001991548781801857,"standard_error":0.00036090576144568473},"slope":{"confidence_interval":{"confidence_level":0.95,"lower_bound":1.3620638545478747,"upper_bound":1.437459197888423},"point_estimate":1.3964567061311794,"standard_error":0.019089892626800962},"std_dev":{"confidence_interval":{"confidence_level":0.95,"lower_bound":0.00785863044719608,"upper_bound":0.11530468586481811},"point_estimate":0.07690237581517283,"standard_error":0.02484832947311601}}