{"mean":{"confidence_interval":{"confidence_level":0.95,"lower_bound":1.8664734134106022,"upper_bound":1.8716550130932808},"point_estimate":1.8686695696167732,"standard_error":0.0013427515802819786},"median":{"confidence_interval":{"confidence_level":0.95,"lower_bound":1.8641069051631303,"upper_bound":1.8654696186471105},"point_estimate":1.8648138951270883,"standard_error":0.0003192066592072265},"median_abs_dev":{"confidence_interval":{"confidence_level":0.95,"lower_bound":0.0014747077413808682,"upper_bound":0.003092646258905795},"point_estimate":0.00225171593711687,"standard_error":0.0004072031371066813},"slope":{"confidence_interval":{"confidence_level":0.95,"lower_bound":1.8664767840123375,"upper_bound":1.8704986695831436},"point_estimate":1.868366978834785,"standard_error":0.0010304979267125843},"std_dev":{"confidence_interval":{"confidence_level":0.95,"lower_bound":0.005494766761295539,"upper_bound":0.02106454242333382},"point_estimate":0.013489746096305228,"standard_error":0.004658669494305654}}