{"mean":{"confidence_interval":{"confidence_level":0.95,"lower_bound":5.252056213908913,"upper_bound":5.2595642637017},"point_estimate":5.255598165198782,"standard_error":0.0019179124128465743},"median":{"confidence_interval":{"confidence_level":0.95,"lower_bound":5.250578615452671,"upper_bound":5.257068538879433},"point_estimate":5.253720223220307,"standard_error":0.0018637005189995996},"median_abs_dev":{"confidence_interval":{"confidence_level":0.95,"lower_bound":0.008758587435122528,"upper_bound":0.01630297977702774},"point_estimate":0.011431012020442586,"standard_error":0.0020686897989455606},"slope":{"confidence_interval":{"confidence_level":0.95,"lower_bound":5.2563749003726326,"upper_bound":5.26486623525439},"point_estimate":5.2604300433171005,"standard_error":0.0021681762078035473},"std_dev":{"confidence_interval":{"confidence_level":0.95,"lower_bound":0.013694641912041818,"upper_bound":0.02457480227619027},"point_estimate":0.01927972434683703,"standard_error":0.002799009799619694}}