{"mean":{"confidence_interval":{"confidence_level":0.95,"lower_bound":1331131.4307499998,"upper_bound":1334438.7494062502},"point_estimate":1332708.465,"standard_error":846.5786551927756},"median":{"confidence_interval":{"confidence_level":0.95,"lower_bound":1330081.1875,"upper_bound":1333090.25},"point_estimate":1331857.6875,"standard_error":747.6113407826803},"median_abs_dev":{"confidence_interval":{"confidence_level":0.95,"lower_bound":4937.5212248414755,"upper_bound":7917.000463195143},"point_estimate":6713.861318305135,"standard_error":790.8402066629927},"slope":null,"std_dev":{"confidence_interval":{"confidence_level":0.95,"lower_bound":6291.825090989849,"upper_bound":10844.821011348626},"point_estimate":8492.168056336266,"standard_error":1197.141626739114}}