{"mean":{"confidence_interval":{"confidence_level":0.95,"lower_bound":1017306.0749000004,"upper_bound":1024719.8185750003},"point_estimate":1020047.9349999998,"standard_error":2064.2387363038397},"median":{"confidence_interval":{"confidence_level":0.95,"lower_bound":1016541.1499999999,"upper_bound":1017671.2},"point_estimate":1017071.6499999999,"standard_error":276.175586605231},"median_abs_dev":{"confidence_interval":{"confidence_level":0.95,"lower_bound":1708.91885966066,"upper_bound":2643.9205330610966},"point_estimate":2100.3252527116347,"standard_error":231.86577239670305},"slope":null,"std_dev":{"confidence_interval":{"confidence_level":0.95,"lower_bound":3266.3082994120455,"upper_bound":34987.55957968712},"point_estimate":20780.113354934187,"standard_error":10604.660909855887}}