{"mean":{"confidence_interval":{"confidence_level":0.95,"lower_bound":1207119.9985277778,"upper_bound":1208720.6785277785},"point_estimate":1207845.2155555557,"standard_error":409.9461958033694},"median":{"confidence_interval":{"confidence_level":0.95,"lower_bound":1206573.4444444445,"upper_bound":1207592.0},"point_estimate":1206870.611111111,"standard_error":242.6455706364088},"median_abs_dev":{"confidence_interval":{"confidence_level":0.95,"lower_bound":1690.161910826795,"upper_bound":2715.0688584645186},"point_estimate":2248.6099600791354,"standard_error":271.23941351783384},"slope":null,"std_dev":{"confidence_interval":{"confidence_level":0.95,"lower_bound":2300.6185862554385,"upper_bound":5916.035918616229},"point_estimate":4107.111259215899,"standard_error":976.3041262475233}}