{"mean":{"confidence_interval":{"confidence_level":0.95,"lower_bound":996978.9545454549,"upper_bound":998702.7857954551},"point_estimate":997702.9218181819,"standard_error":443.21638229646624},"median":{"confidence_interval":{"confidence_level":0.95,"lower_bound":996364.8636363635,"upper_bound":997424.5454545454},"point_estimate":996829.7727272727,"standard_error":275.22980321654165},"median_abs_dev":{"confidence_interval":{"confidence_level":0.95,"lower_bound":1384.2092481526304,"upper_bound":2340.688403898988},"point_estimate":1799.4046316905533,"standard_error":257.37298138568855},"slope":null,"std_dev":{"confidence_interval":{"confidence_level":0.95,"lower_bound":2008.2969045104599,"upper_bound":6951.680748999958},"point_estimate":4453.738282147967,"standard_error":1569.548990298441}}