{"mean":{"confidence_interval":{"confidence_level":0.95,"lower_bound":1068554.472474999,"upper_bound":1070240.2963999999},"point_estimate":1069316.428,"standard_error":431.54258867093523},"median":{"confidence_interval":{"confidence_level":0.95,"lower_bound":1068035.8,"upper_bound":1069490.55},"point_estimate":1068759.15,"standard_error":352.0782983455366},"median_abs_dev":{"confidence_interval":{"confidence_level":0.95,"lower_bound":2392.9163575172424,"upper_bound":3639.857065379516},"point_estimate":2962.53126740466,"standard_error":305.928478780616},"slope":null,"std_dev":{"confidence_interval":{"confidence_level":0.95,"lower_bound":2642.2944138509597,"upper_bound":6280.307669969101},"point_estimate":4340.640687618129,"standard_error":1097.0545303767758}}