{"mean":{"confidence_interval":{"confidence_level":0.95,"lower_bound":935889.1587727278,"upper_bound":938253.9921818184},"point_estimate":936906.3827272728,"standard_error":611.4279030935168},"median":{"confidence_interval":{"confidence_level":0.95,"lower_bound":935148.7727272727,"upper_bound":936295.9090909091},"point_estimate":935605.5909090909,"standard_error":259.82720766462546},"median_abs_dev":{"confidence_interval":{"confidence_level":0.95,"lower_bound":1687.2661609540658,"upper_bound":3457.5579204343053},"point_estimate":2394.6685211224203,"standard_error":419.9807725345675},"slope":null,"std_dev":{"confidence_interval":{"confidence_level":0.95,"lower_bound":2724.9969560707987,"upper_bound":9504.964653726252},"point_estimate":6143.749148308752,"standard_error":2034.6782176647841}}