{"mean":{"confidence_interval":{"confidence_level":0.95,"lower_bound":843903.212375,"upper_bound":846602.1061250003},"point_estimate":844952.2091666664,"standard_error":716.0837783275558},"median":{"confidence_interval":{"confidence_level":0.95,"lower_bound":843766.0645833332,"upper_bound":844382.6666666666},"point_estimate":844075.0833333334,"standard_error":144.56674606453353},"median_abs_dev":{"confidence_interval":{"confidence_level":0.95,"lower_bound":1360.5325758458334,"upper_bound":2176.8891863524336},"point_estimate":1774.6103934943387,"standard_error":206.31519777961185},"slope":null,"std_dev":{"confidence_interval":{"confidence_level":0.95,"lower_bound":1774.2676277074434,"upper_bound":11907.394390231975},"point_estimate":7203.265123326931,"standard_error":3221.8707593349177}}