{"mean":{"confidence_interval":{"confidence_level":0.95,"lower_bound":1813739.7133749996,"upper_bound":1825888.152958333},"point_estimate":1820272.25,"standard_error":3106.2696575359523},"median":{"confidence_interval":{"confidence_level":0.95,"lower_bound":1830462.5,"upper_bound":1833432.3333333335},"point_estimate":1832115.6666666665,"standard_error":653.9696009652041},"median_abs_dev":{"confidence_interval":{"confidence_level":0.95,"lower_bound":4282.795810215176,"upper_bound":9423.652532696839},"point_estimate":5576.552700996629,"standard_error":1304.0930113069458},"slope":null,"std_dev":{"confidence_interval":{"confidence_level":0.95,"lower_bound":19453.057086901452,"upper_bound":41387.64004575886},"point_estimate":31105.94495881558,"standard_error":5640.710426394363}}