{"mean":{"confidence_interval":{"confidence_level":0.95,"lower_bound":1318400.0568125,"upper_bound":1320943.0184687502},"point_estimate":1319542.915,"standard_error":652.5469561307634},"median":{"confidence_interval":{"confidence_level":0.95,"lower_bound":1317141.0,"upper_bound":1318936.1875},"point_estimate":1317851.125,"standard_error":404.5227579313245},"median_abs_dev":{"confidence_interval":{"confidence_level":0.95,"lower_bound":2307.0159049797803,"upper_bound":4151.6505762934685},"point_estimate":2981.9718595594168,"standard_error":453.6574739848304},"slope":null,"std_dev":{"confidence_interval":{"confidence_level":0.95,"lower_bound":3449.5260499508336,"upper_bound":9607.933420409827},"point_estimate":6579.978887072371,"standard_error":1686.004442148208}}