{"mean":{"confidence_interval":{"confidence_level":0.95,"lower_bound":1539718.089321428,"upper_bound":1545956.325892857},"point_estimate":1542382.8685714283,"standard_error":1613.2131198285208},"median":{"confidence_interval":{"confidence_level":0.95,"lower_bound":1538171.1428571427,"upper_bound":1540577.0},"point_estimate":1539464.285714286,"standard_error":599.7734547913132},"median_abs_dev":{"confidence_interval":{"confidence_level":0.95,"lower_bound":4135.606726578402,"upper_bound":6968.537576283777},"point_estimate":5760.112697737878,"standard_error":753.1960009949506},"slope":null,"std_dev":{"confidence_interval":{"confidence_level":0.95,"lower_bound":5863.757701896718,"upper_bound":25220.93921449389},"point_estimate":16231.404827022874,"standard_error":5373.39346289491}}