{"mean":{"confidence_interval":{"confidence_level":0.95,"lower_bound":939962.7970227278,"upper_bound":941558.8380681821},"point_estimate":940611.8772727272,"standard_error":418.4991919838032},"median":{"confidence_interval":{"confidence_level":0.95,"lower_bound":939550.0909090909,"upper_bound":940348.8636363636},"point_estimate":940053.3636363636,"standard_error":200.94931905560173},"median_abs_dev":{"confidence_interval":{"confidence_level":0.95,"lower_bound":1328.072621876598,"upper_bound":2302.9494954780157},"point_estimate":1745.963641730206,"standard_error":240.39855971361172},"slope":null,"std_dev":{"confidence_interval":{"confidence_level":0.95,"lower_bound":1633.5585336378733,"upper_bound":6813.902653217318},"point_estimate":4219.482220121673,"standard_error":1732.8469655682024}}