{"mean":{"confidence_interval":{"confidence_level":0.95,"lower_bound":1038156.3108,"upper_bound":1041298.7884749996},"point_estimate":1039460.1079999998,"standard_error":815.0663938523093},"median":{"confidence_interval":{"confidence_level":0.95,"lower_bound":1037330.6,"upper_bound":1039111.9},"point_estimate":1038170.1,"standard_error":525.2661201001213},"median_abs_dev":{"confidence_interval":{"confidence_level":0.95,"lower_bound":2436.727186739341,"upper_bound":3998.572129011154},"point_estimate":3087.366185188328,"standard_error":377.9419761367942},"slope":null,"std_dev":{"confidence_interval":{"confidence_level":0.95,"lower_bound":3322.0177413228935,"upper_bound":12941.779170241758},"point_estimate":8166.094282955424,"standard_error":3033.063935816056}}