{"mean":{"confidence_interval":{"confidence_level":0.95,"lower_bound":1034329.38595,"upper_bound":1036394.7296499996},"point_estimate":1035231.771,"standard_error":528.6665996894427},"median":{"confidence_interval":{"confidence_level":0.95,"lower_bound":1033575.2,"upper_bound":1035082.45},"point_estimate":1034405.75,"standard_error":367.0119913724342},"median_abs_dev":{"confidence_interval":{"confidence_level":0.95,"lower_bound":2307.296209037304,"upper_bound":3472.026748359255},"point_estimate":3021.3163563608778,"standard_error":285.2566079372598},"slope":null,"std_dev":{"confidence_interval":{"confidence_level":0.95,"lower_bound":2764.796417681903,"upper_bound":7997.842894858087},"point_estimate":5311.353639278196,"standard_error":1597.3942794188229}}