{"mean":{"confidence_interval":{"confidence_level":0.95,"lower_bound":1091388.5692249995,"upper_bound":1092970.6451749997},"point_estimate":1092112.2980000002,"standard_error":403.64018144586225},"median":{"confidence_interval":{"confidence_level":0.95,"lower_bound":1090763.5,"upper_bound":1092028.4},"point_estimate":1091364.65,"standard_error":383.9545392454041},"median_abs_dev":{"confidence_interval":{"confidence_level":0.95,"lower_bound":2037.9077938199734,"upper_bound":3732.851295478468},"point_estimate":2894.924708604778,"standard_error":444.26152279508295},"slope":null,"std_dev":{"confidence_interval":{"confidence_level":0.95,"lower_bound":2639.0025089855308,"upper_bound":5669.027062372966},"point_estimate":4042.842504545736,"standard_error":890.5873122717245}}