{"mean":{"confidence_interval":{"confidence_level":0.95,"lower_bound":1332792.8596875002,"upper_bound":1335442.8808125001},"point_estimate":1333908.72875,"standard_error":687.5183571890753},"median":{"confidence_interval":{"confidence_level":0.95,"lower_bound":1332126.625,"upper_bound":1333461.625},"point_estimate":1332829.8125,"standard_error":390.2525098641665},"median_abs_dev":{"confidence_interval":{"confidence_level":0.95,"lower_bound":2125.9556997567415,"upper_bound":4164.623326063156},"point_estimate":3103.545057401061,"standard_error":573.1475277627158},"slope":null,"std_dev":{"confidence_interval":{"confidence_level":0.95,"lower_bound":3143.2884674200677,"upper_bound":10834.116568474397},"point_estimate":6892.4679291737775,"standard_error":2510.61984266389}}