{"mean":{"confidence_interval":{"confidence_level":0.95,"lower_bound":1036784.1800499996,"upper_bound":1040332.8466500002},"point_estimate":1038348.1100000001,"standard_error":915.634973484399},"median":{"confidence_interval":{"confidence_level":0.95,"lower_bound":1035915.5,"upper_bound":1037769.0},"point_estimate":1036765.1,"standard_error":453.88719739875745},"median_abs_dev":{"confidence_interval":{"confidence_level":0.95,"lower_bound":2780.688527382978,"upper_bound":4467.963280677761},"point_estimate":3662.170194983448,"standard_error":431.25404863229386},"slope":null,"std_dev":{"confidence_interval":{"confidence_level":0.95,"lower_bound":3363.31997744763,"upper_bound":13737.037690459769},"point_estimate":9244.041686771405,"standard_error":2617.713529575005}}