{"mean":{"confidence_interval":{"confidence_level":0.95,"lower_bound":1016815.8922000001,"upper_bound":1021317.8067250001},"point_estimate":1018769.4580000001,"standard_error":1164.9060210214263},"median":{"confidence_interval":{"confidence_level":0.95,"lower_bound":1015166.8,"upper_bound":1017790.7},"point_estimate":1016042.2,"standard_error":646.6001406445041},"median_abs_dev":{"confidence_interval":{"confidence_level":0.95,"lower_bound":2869.053339064156,"upper_bound":5097.401099503075},"point_estimate":3908.800700604933,"standard_error":563.408033964388},"slope":null,"std_dev":{"confidence_interval":{"confidence_level":0.95,"lower_bound":4120.904528496566,"upper_bound":17436.417098779762},"point_estimate":11710.964771099585,"standard_error":3589.9298262692073}}