{"mean":{"confidence_interval":{"confidence_level":0.95,"lower_bound":947693.5151136367,"upper_bound":950282.4637045455},"point_estimate":948800.0,"standard_error":666.3871759940611},"median":{"confidence_interval":{"confidence_level":0.95,"lower_bound":946885.0909090908,"upper_bound":949048.7272727273},"point_estimate":948181.6363636364,"standard_error":521.3714038342404},"median_abs_dev":{"confidence_interval":{"confidence_level":0.95,"lower_bound":2763.5461336644385,"upper_bound":4026.1350103399577},"point_estimate":3537.281364473359,"standard_error":332.06622700454454},"slope":null,"std_dev":{"confidence_interval":{"confidence_level":0.95,"lower_bound":3027.9062143713054,"upper_bound":10319.96262715444},"point_estimate":6666.061176009713,"standard_error":2186.2037361602693}}