{"mean":{"confidence_interval":{"confidence_level":0.95,"lower_bound":1110200.1020277773,"upper_bound":1114814.067361111},"point_estimate":1112160.1699999997,"standard_error":1194.7895139569584},"median":{"confidence_interval":{"confidence_level":0.95,"lower_bound":1109950.111111111,"upper_bound":1111364.888888889},"point_estimate":1110728.7222222222,"standard_error":354.8314543189296},"median_abs_dev":{"confidence_interval":{"confidence_level":0.95,"lower_bound":2544.1415548324585,"upper_bound":3821.566165486995},"point_estimate":3236.5157425403595,"standard_error":321.821243745946},"slope":null,"std_dev":{"confidence_interval":{"confidence_level":0.95,"lower_bound":4211.558103912549,"upper_bound":18761.06684959466},"point_estimate":11958.623422075185,"standard_error":4039.0219802546703}}