{"mean":{"confidence_interval":{"confidence_level":0.95,"lower_bound":1032608.4932500002,"upper_bound":1036951.006975},"point_estimate":1034486.538,"standard_error":1121.9974401348354},"median":{"confidence_interval":{"confidence_level":0.95,"lower_bound":1031857.3,"upper_bound":1033523.8999999999},"point_estimate":1032646.3,"standard_error":426.3775002200491},"median_abs_dev":{"confidence_interval":{"confidence_level":0.95,"lower_bound":2520.642345249601,"upper_bound":3782.4831828474134},"point_estimate":3152.674714028766,"standard_error":325.7457780787619},"slope":null,"std_dev":{"confidence_interval":{"confidence_level":0.95,"lower_bound":2999.223167256495,"upper_bound":16782.406570027717},"point_estimate":11228.533319072949,"standard_error":3400.7247597327496}}