{"mean":{"confidence_interval":{"confidence_level":0.95,"lower_bound":1544549.7137142862,"upper_bound":1570843.5547142853},"point_estimate":1554031.865714286,"standard_error":7541.0757309461105},"median":{"confidence_interval":{"confidence_level":0.95,"lower_bound":1543247.5,"upper_bound":1545068.7857142857},"point_estimate":1544020.3571428573,"standard_error":482.5408339142944},"median_abs_dev":{"confidence_interval":{"confidence_level":0.95,"lower_bound":2849.768949406463,"upper_bound":5313.550938165877},"point_estimate":3987.134929214501,"standard_error":645.7405968855761},"slope":null,"std_dev":{"confidence_interval":{"confidence_level":0.95,"lower_bound":5184.183351188982,"upper_bound":128806.8334409734},"point_estimate":75885.2628833396,"standard_error":40957.170487398966}}