{"mean":{"confidence_interval":{"confidence_level":0.95,"lower_bound":922161.1645000001,"upper_bound":924941.1280454545},"point_estimate":923379.6909090907,"standard_error":711.3368054868274},"median":{"confidence_interval":{"confidence_level":0.95,"lower_bound":921344.7272727273,"upper_bound":922950.3636363636},"point_estimate":921956.3181818181,"standard_error":342.69768192956997},"median_abs_dev":{"confidence_interval":{"confidence_level":0.95,"lower_bound":2537.267682227151,"upper_bound":4149.595153602789},"point_estimate":3382.6192308557047,"standard_error":387.1464209609958},"slope":null,"std_dev":{"confidence_interval":{"confidence_level":0.95,"lower_bound":3309.3771012802,"upper_bound":10854.847068315736},"point_estimate":7174.259588728627,"standard_error":2089.9324345465284}}