{"mean":{"confidence_interval":{"confidence_level":0.95,"lower_bound":2.465539659110073,"upper_bound":2.4900850478058922},"point_estimate":2.475263544731197,"standard_error":0.006509005896839904},"median":{"confidence_interval":{"confidence_level":0.95,"lower_bound":2.4602791676133045,"upper_bound":2.4620902599575905},"point_estimate":2.4613979599270546,"standard_error":0.0004756001102718483},"median_abs_dev":{"confidence_interval":{"confidence_level":0.95,"lower_bound":0.0024108664275297917,"upper_bound":0.004634141228786451},"point_estimate":0.0037078241143679407,"standard_error":0.0005796238813729767},"slope":{"confidence_interval":{"confidence_level":0.95,"lower_bound":2.464444507146123,"upper_bound":2.4805076518225144},"point_estimate":2.470734413645084,"standard_error":0.004215096024034882},"std_dev":{"confidence_interval":{"confidence_level":0.95,"lower_bound":0.013915176887344788,"upper_bound":0.1071826264939552},"point_estimate":0.0654585036795972,"standard_error":0.028063296104384777}}