{"mean":{"confidence_interval":{"confidence_level":0.95,"lower_bound":4.037171989183918,"upper_bound":4.055148521609084},"point_estimate":4.044376163748097,"standard_error":0.004757039348682281},"median":{"confidence_interval":{"confidence_level":0.95,"lower_bound":4.033031896041151,"upper_bound":4.035296220007217},"point_estimate":4.034169912417436,"standard_error":0.0006029869224221083},"median_abs_dev":{"confidence_interval":{"confidence_level":0.95,"lower_bound":0.0036294220879202112,"upper_bound":0.005888062513012077},"point_estimate":0.004961512072233625,"standard_error":0.0006099058966083215},"slope":{"confidence_interval":{"confidence_level":0.95,"lower_bound":4.037944089254735,"upper_bound":4.046898642740181},"point_estimate":4.041996380533108,"standard_error":0.0023074102742261723},"std_dev":{"confidence_interval":{"confidence_level":0.95,"lower_bound":0.01301319818091264,"upper_bound":0.07797195327813405},"point_estimate":0.047916931689274904,"standard_error":0.020058156687799488}}