{"mean":{"confidence_interval":{"confidence_level":0.95,"lower_bound":1.7091411885258267,"upper_bound":1.7105949297095802},"point_estimate":1.7098098469578855,"standard_error":0.0003731782446266525},"median":{"confidence_interval":{"confidence_level":0.95,"lower_bound":1.7083807382610148,"upper_bound":1.7091017190880509},"point_estimate":1.7086267612225048,"standard_error":0.00019666780663194107},"median_abs_dev":{"confidence_interval":{"confidence_level":0.95,"lower_bound":0.00103879295132764,"upper_bound":0.0020394440994670492},"point_estimate":0.001410580852923311,"standard_error":0.0002639763783240908},"slope":{"confidence_interval":{"confidence_level":0.95,"lower_bound":1.7089546652960002,"upper_bound":1.7103118686376255},"point_estimate":1.709530617791951,"standard_error":0.0003488676797126289},"std_dev":{"confidence_interval":{"confidence_level":0.95,"lower_bound":0.0021736089825960176,"upper_bound":0.005058413411957481},"point_estimate":0.0037403007496073478,"standard_error":0.0007383644123997501}}