{"mean":{"confidence_interval":{"confidence_level":0.95,"lower_bound":1.708894517026131,"upper_bound":1.7117050015275757},"point_estimate":1.7100123466073813,"standard_error":0.0007411520018649467},"median":{"confidence_interval":{"confidence_level":0.95,"lower_bound":1.708345025639152,"upper_bound":1.7090628720372523},"point_estimate":1.7086480321794695,"standard_error":0.0001817876535884154},"median_abs_dev":{"confidence_interval":{"confidence_level":0.95,"lower_bound":0.0009725094307996848,"upper_bound":0.0015738778353455185},"point_estimate":0.0011943235422730632,"standard_error":0.00015540963109772179},"slope":{"confidence_interval":{"confidence_level":0.95,"lower_bound":1.7089346576907678,"upper_bound":1.711842965081767},"point_estimate":1.7100746831164937,"standard_error":0.0007764525026859711},"std_dev":{"confidence_interval":{"confidence_level":0.95,"lower_bound":0.0016534096074896614,"upper_bound":0.012208620970385971},"point_estimate":0.007470583181419085,"standard_error":0.003151097430542117}}