{"mean":{"confidence_interval":{"confidence_level":0.95,"lower_bound":1.7112073516397892,"upper_bound":1.7194286028464154},"point_estimate":1.7146366194096985,"standard_error":0.0021411339877612165},"median":{"confidence_interval":{"confidence_level":0.95,"lower_bound":1.709544624766333,"upper_bound":1.7104360587452536},"point_estimate":1.7099478320140937,"standard_error":0.0002291910690970497},"median_abs_dev":{"confidence_interval":{"confidence_level":0.95,"lower_bound":0.0012320140453617521,"upper_bound":0.002177251354365099},"point_estimate":0.0016004516742518771,"standard_error":0.00022659645528031437},"slope":{"confidence_interval":{"confidence_level":0.95,"lower_bound":1.7111130221902726,"upper_bound":1.7184535672140566},"point_estimate":1.7141675209520624,"standard_error":0.001903346190763672},"std_dev":{"confidence_interval":{"confidence_level":0.95,"lower_bound":0.00489723016127176,"upper_bound":0.034137356176509356},"point_estimate":0.021499994817977004,"standard_error":0.007916458748876367}}