{"mean":{"confidence_interval":{"confidence_level":0.95,"lower_bound":3968809.69958333,"upper_bound":3979637.422583333},"point_estimate":3973133.766666667,"standard_error":2844.1089374521484},"median":{"confidence_interval":{"confidence_level":0.95,"lower_bound":3966349.6666666665,"upper_bound":3972239.0},"point_estimate":3970363.666666667,"standard_error":1471.351551028647},"median_abs_dev":{"confidence_interval":{"confidence_level":0.95,"lower_bound":8337.895151972656,"upper_bound":13157.827666401749},"point_estimate":10885.496106743927,"standard_error":1309.8156577364898},"slope":null,"std_dev":{"confidence_interval":{"confidence_level":0.95,"lower_bound":9311.309183126617,"upper_bound":46646.67452885071},"point_estimate":28637.577179123127,"standard_error":12005.048858751337}}