{"mean":{"confidence_interval":{"confidence_level":0.95,"lower_bound":3934358.227333335,"upper_bound":3958239.8602499994},"point_estimate":3944771.6233333326,"standard_error":6137.37037729486},"median":{"confidence_interval":{"confidence_level":0.95,"lower_bound":3925166.0,"upper_bound":3936920.166666667},"point_estimate":3932008.6666666665,"standard_error":2720.2607680444767},"median_abs_dev":{"confidence_interval":{"confidence_level":0.95,"lower_bound":14736.055338382952,"upper_bound":24840.468358993647},"point_estimate":19112.93756067753,"standard_error":2509.226120362806},"slope":null,"std_dev":{"confidence_interval":{"confidence_level":0.95,"lower_bound":26409.005191350472,"upper_bound":93313.58220547163},"point_estimate":61671.881698618396,"standard_error":18275.2168851751}}