{"mean":{"confidence_interval":{"confidence_level":0.95,"lower_bound":4070469.0094999997,"upper_bound":4098189.2943333336},"point_estimate":4081703.0266666664,"standard_error":7278.293180948218},"median":{"confidence_interval":{"confidence_level":0.95,"lower_bound":4064205.1666666665,"upper_bound":4072340.3333333335},"point_estimate":4066685.0,"standard_error":1968.4046773485893},"median_abs_dev":{"confidence_interval":{"confidence_level":0.95,"lower_bound":11917.138588428843,"upper_bound":20691.412332654116},"point_estimate":16128.710913658257,"standard_error":2314.252255334793},"slope":null,"std_dev":{"confidence_interval":{"confidence_level":0.95,"lower_bound":20527.267683742815,"upper_bound":118692.4021699802},"point_estimate":73263.44770869976,"standard_error":29634.987464911563}}