{"mean":{"confidence_interval":{"confidence_level":0.95,"lower_bound":4427916.2793333335,"upper_bound":4432669.510583333},"point_estimate":4430247.596666668,"standard_error":1212.4076426380725},"median":{"confidence_interval":{"confidence_level":0.95,"lower_bound":4424931.0,"upper_bound":4432287.666666667},"point_estimate":4429502.666666666,"standard_error":1539.7093656707673},"median_abs_dev":{"confidence_interval":{"confidence_level":0.95,"lower_bound":9021.126639842756,"upper_bound":14168.021868467786},"point_estimate":11848.444789649207,"standard_error":1268.5634312109528},"slope":null,"std_dev":{"confidence_interval":{"confidence_level":0.95,"lower_bound":10013.19894599372,"upper_bound":14298.008464688732},"point_estimate":12191.430527646338,"standard_error":1099.2368945559022}}