{"mean":{"confidence_interval":{"confidence_level":0.95,"lower_bound":3998835.092666668,"upper_bound":4013291.4553333316},"point_estimate":4005124.026666665,"standard_error":3734.1977706467037},"median":{"confidence_interval":{"confidence_level":0.95,"lower_bound":3995433.6666666665,"upper_bound":4001064.0},"point_estimate":3997006.6666666665,"standard_error":1362.920207944828},"median_abs_dev":{"confidence_interval":{"confidence_level":0.95,"lower_bound":8528.656348585737,"upper_bound":14210.288322717373},"point_estimate":12053.78488600231,"standard_error":1412.8212540452857},"slope":null,"std_dev":{"confidence_interval":{"confidence_level":0.95,"lower_bound":13917.887963392335,"upper_bound":55335.24587311735},"point_estimate":37334.450901162505,"standard_error":10965.322070739347}}