{"mean":{"confidence_interval":{"confidence_level":0.95,"lower_bound":6329456.742,"upper_bound":6337109.9315},"point_estimate":6333119.75,"standard_error":1949.5022529750518},"median":{"confidence_interval":{"confidence_level":0.95,"lower_bound":6326391.25,"upper_bound":6335114.75},"point_estimate":6330970.0,"standard_error":2227.448015413039},"median_abs_dev":{"confidence_interval":{"confidence_level":0.95,"lower_bound":12113.58308494091,"upper_bound":19343.48185658455},"point_estimate":15975.014716386795,"standard_error":1842.8274065080175},"slope":null,"std_dev":{"confidence_interval":{"confidence_level":0.95,"lower_bound":14540.56484929837,"upper_bound":24430.964583935118},"point_estimate":19581.471765743918,"standard_error":2549.3643916645356}}