{"mean":{"confidence_interval":{"confidence_level":0.95,"lower_bound":4333674.538083334,"upper_bound":4341733.258749997},"point_estimate":4337123.050000002,"standard_error":2079.771983838662},"median":{"confidence_interval":{"confidence_level":0.95,"lower_bound":4331604.666666667,"upper_bound":4335983.0},"point_estimate":4333546.333333334,"standard_error":1082.6581083952833},"median_abs_dev":{"confidence_interval":{"confidence_level":0.95,"lower_bound":8100.679156185117,"upper_bound":15173.422330618136},"point_estimate":11746.392491460767,"standard_error":1851.2184499620746},"slope":null,"std_dev":{"confidence_interval":{"confidence_level":0.95,"lower_bound":10206.83678572958,"upper_bound":32504.794830079896},"point_estimate":20946.149627897856,"standard_error":7207.538721578645}}