{"mean":{"confidence_interval":{"confidence_level":0.95,"lower_bound":3768868.4630000005,"upper_bound":3780146.3176666684},"point_estimate":3773775.7166666663,"standard_error":2905.2463083347648},"median":{"confidence_interval":{"confidence_level":0.95,"lower_bound":3766969.0,"upper_bound":3773427.6666666665},"point_estimate":3770777.833333333,"standard_error":1827.6351337087624},"median_abs_dev":{"confidence_interval":{"confidence_level":0.95,"lower_bound":10362.762243523995,"upper_bound":17898.688182234764},"point_estimate":14487.472742796059,"standard_error":1946.9076561193},"slope":null,"std_dev":{"confidence_interval":{"confidence_level":0.95,"lower_bound":13157.104852028004,"upper_bound":44770.80928269844},"point_estimate":29297.05971945149,"standard_error":9013.222851653303}}