{"mean":{"confidence_interval":{"confidence_level":0.95,"lower_bound":4113218.5133333355,"upper_bound":4130861.241833334},"point_estimate":4121143.483333333,"standard_error":4518.317190000541},"median":{"confidence_interval":{"confidence_level":0.95,"lower_bound":4108186.333333333,"upper_bound":4115434.6666666665},"point_estimate":4110113.3333333335,"standard_error":1738.0413109152505},"median_abs_dev":{"confidence_interval":{"confidence_level":0.95,"lower_bound":9947.010323405726,"upper_bound":16906.08749985695},"point_estimate":13091.110667586212,"standard_error":1625.3680056464848},"slope":null,"std_dev":{"confidence_interval":{"confidence_level":0.95,"lower_bound":21901.240149466186,"upper_bound":63705.43269043076},"point_estimate":45570.74112378449,"standard_error":10402.623940884076}}