{"mean":{"confidence_interval":{"confidence_level":0.95,"lower_bound":3784844.0695000007,"upper_bound":3796188.9260833324},"point_estimate":3789293.629999998,"standard_error":2995.2916943319365},"median":{"confidence_interval":{"confidence_level":0.95,"lower_bound":3782303.833333333,"upper_bound":3787409.0},"point_estimate":3784671.3333333335,"standard_error":1294.7451822856258},"median_abs_dev":{"confidence_interval":{"confidence_level":0.95,"lower_bound":7476.751667261124,"upper_bound":13373.79306256771},"point_estimate":10148.39681982994,"standard_error":1523.879459125844},"slope":null,"std_dev":{"confidence_interval":{"confidence_level":0.95,"lower_bound":10084.876694699731,"upper_bound":49005.55438212404},"point_estimate":29956.910347847785,"standard_error":13132.554439643673}}