{"mean":{"confidence_interval":{"confidence_level":0.95,"lower_bound":3787735.8051666664,"upper_bound":3798948.7060833345},"point_estimate":3792675.6866666656,"standard_error":2890.3808951837377},"median":{"confidence_interval":{"confidence_level":0.95,"lower_bound":3783109.6666666665,"upper_bound":3790346.6666666665},"point_estimate":3785761.5,"standard_error":1549.8430323977127},"median_abs_dev":{"confidence_interval":{"confidence_level":0.95,"lower_bound":8713.981345296252,"upper_bound":16061.99391484272},"point_estimate":11954.697787761574,"standard_error":1794.343924654608},"slope":null,"std_dev":{"confidence_interval":{"confidence_level":0.95,"lower_bound":11998.686493049514,"upper_bound":43305.0424843643},"point_estimate":29036.4714067099,"standard_error":8373.248594031948}}