{"mean":{"confidence_interval":{"confidence_level":0.95,"lower_bound":2827555.9514375003,"upper_bound":2832826.097},"point_estimate":2830062.6175,"standard_error":1346.7956905686397},"median":{"confidence_interval":{"confidence_level":0.95,"lower_bound":2824676.0,"upper_bound":2829618.5},"point_estimate":2827287.25,"standard_error":1254.2764966254595},"median_abs_dev":{"confidence_interval":{"confidence_level":0.95,"lower_bound":7424.119368195534,"upper_bound":13731.28498122096},"point_estimate":10353.180941194296,"standard_error":1605.9098198412066},"slope":null,"std_dev":{"confidence_interval":{"confidence_level":0.95,"lower_bound":9700.933800985204,"upper_bound":17270.739546131124},"point_estimate":13507.06170586629,"standard_error":1970.6995479896123}}