{"mean":{"confidence_interval":{"confidence_level":0.95,"lower_bound":4826134.751666665,"upper_bound":4832509.646916666},"point_estimate":4828913.17,"standard_error":1640.1329992950168},"median":{"confidence_interval":{"confidence_level":0.95,"lower_bound":4824850.0,"upper_bound":4828391.5},"point_estimate":4827229.333333334,"standard_error":1054.9830035444113},"median_abs_dev":{"confidence_interval":{"confidence_level":0.95,"lower_bound":6161.932590604289,"upper_bound":10647.538810967479},"point_estimate":8135.026055574417,"standard_error":1140.7445972822345},"slope":null,"std_dev":{"confidence_interval":{"confidence_level":0.95,"lower_bound":7574.55114408388,"upper_bound":24858.011485300816},"point_estimate":16448.12893943542,"standard_error":4811.26543066878}}