{"mean":{"confidence_interval":{"confidence_level":0.95,"lower_bound":6187641.052875,"upper_bound":6209020.3445},"point_estimate":6197268.765,"standard_error":5499.937038867951},"median":{"confidence_interval":{"confidence_level":0.95,"lower_bound":6180118.0,"upper_bound":6197500.5},"point_estimate":6189001.75,"standard_error":4583.989046409469},"median_abs_dev":{"confidence_interval":{"confidence_level":0.95,"lower_bound":24939.926107227802,"upper_bound":38259.604270756245},"point_estimate":34412.627989053726,"standard_error":3548.1120711150365},"slope":null,"std_dev":{"confidence_interval":{"confidence_level":0.95,"lower_bound":27860.044934976086,"upper_bound":79602.06591489591},"point_estimate":55401.369598104095,"standard_error":13777.32776335241}}