{"mean":{"confidence_interval":{"confidence_level":0.95,"lower_bound":3997145.199749999,"upper_bound":4010164.6031666673},"point_estimate":4002686.6933333324,"standard_error":3368.1293647073453},"median":{"confidence_interval":{"confidence_level":0.95,"lower_bound":3993719.3333333335,"upper_bound":3998993.8333333335},"point_estimate":3995661.0,"standard_error":1159.7742313106846},"median_abs_dev":{"confidence_interval":{"confidence_level":0.95,"lower_bound":8310.71415245533,"upper_bound":14296.767143681649},"point_estimate":11506.458395719528,"standard_error":1542.5128886976086},"slope":null,"std_dev":{"confidence_interval":{"confidence_level":0.95,"lower_bound":12083.493015201992,"upper_bound":52668.50433362034},"point_estimate":33818.105514098395,"standard_error":11241.302459734452}}