{"mean":{"confidence_interval":{"confidence_level":0.95,"lower_bound":4099433.668916668,"upper_bound":4105958.467416665},"point_estimate":4102384.4733333313,"standard_error":1672.400931971884},"median":{"confidence_interval":{"confidence_level":0.95,"lower_bound":4096951.0,"upper_bound":4102434.6666666665},"point_estimate":4099616.333333333,"standard_error":1380.0121009012823},"median_abs_dev":{"confidence_interval":{"confidence_level":0.95,"lower_bound":7136.989173292998,"upper_bound":12023.885786533356},"point_estimate":8993.945640325432,"standard_error":1213.8417963183224},"slope":null,"std_dev":{"confidence_interval":{"confidence_level":0.95,"lower_bound":8420.06949794137,"upper_bound":23955.430601904012},"point_estimate":16811.34296202156,"standard_error":4009.9872565780056}}