{"mean":{"confidence_interval":{"confidence_level":0.95,"lower_bound":4413772.875749998,"upper_bound":4487963.014499998},"point_estimate":4450812.59,"standard_error":18915.902253165114},"median":{"confidence_interval":{"confidence_level":0.95,"lower_bound":4286230.666666667,"upper_bound":4600129.666666666},"point_estimate":4492071.5,"standard_error":116388.90202500815},"median_abs_dev":{"confidence_interval":{"confidence_level":0.95,"lower_bound":58899.74335432076,"upper_bound":296295.30053220625},"point_estimate":284888.009542227,"standard_error":68473.54557318072},"slope":null,"std_dev":{"confidence_interval":{"confidence_level":0.95,"lower_bound":179106.56126602064,"upper_bound":199184.3394420701},"point_estimate":189690.24592684963,"standard_error":5117.280650051677}}