{"mean":{"confidence_interval":{"confidence_level":0.95,"lower_bound":6396002.328749999,"upper_bound":6404769.81025},"point_estimate":6400124.73,"standard_error":2236.0635218800066},"median":{"confidence_interval":{"confidence_level":0.95,"lower_bound":6392224.5,"upper_bound":6398679.0},"point_estimate":6394003.0,"standard_error":1931.9681045290224},"median_abs_dev":{"confidence_interval":{"confidence_level":0.95,"lower_bound":9102.422538399696,"upper_bound":16302.298660576344},"point_estimate":13271.864314377308,"standard_error":1853.8501270066602},"slope":null,"std_dev":{"confidence_interval":{"confidence_level":0.95,"lower_bound":14935.347087855227,"upper_bound":29104.234934740496},"point_estimate":22437.60062799753,"standard_error":3621.8232638233562}}