{"mean":{"confidence_interval":{"confidence_level":0.95,"lower_bound":3754558.6473333323,"upper_bound":3772723.2398333335},"point_estimate":3761191.9466666644,"standard_error":5168.8579472109905},"median":{"confidence_interval":{"confidence_level":0.95,"lower_bound":3753692.166666667,"upper_bound":3755635.5},"point_estimate":3754777.5,"standard_error":455.7155688308659},"median_abs_dev":{"confidence_interval":{"confidence_level":0.95,"lower_bound":4644.24441754818,"upper_bound":8345.308151841395},"point_estimate":6728.532880544547,"standard_error":939.6818754919183},"slope":null,"std_dev":{"confidence_interval":{"confidence_level":0.95,"lower_bound":7190.558846125352,"upper_bound":87930.74970915899},"point_estimate":51948.273751722365,"standard_error":27508.984265485036}}