{"mean":{"confidence_interval":{"confidence_level":0.95,"lower_bound":4384850.839333332,"upper_bound":4395167.340083336},"point_estimate":4389441.633333332,"standard_error":2645.56278004849},"median":{"confidence_interval":{"confidence_level":0.95,"lower_bound":4381370.833333333,"upper_bound":4387103.0},"point_estimate":4383821.833333334,"standard_error":1503.894333019079},"median_abs_dev":{"confidence_interval":{"confidence_level":0.95,"lower_bound":8847.613022923912,"upper_bound":14796.594837307699},"point_estimate":11858.3287894735,"standard_error":1590.4071270980737},"slope":null,"std_dev":{"confidence_interval":{"confidence_level":0.95,"lower_bound":12381.937011002847,"upper_bound":38500.58295708079},"point_estimate":26571.470672599713,"standard_error":6749.314816882804}}