{"mean":{"confidence_interval":{"confidence_level":0.95,"lower_bound":3792405.6269166656,"upper_bound":3804396.2929166676},"point_estimate":3797620.553333334,"standard_error":3088.037669796662},"median":{"confidence_interval":{"confidence_level":0.95,"lower_bound":3789076.0,"upper_bound":3797378.166666667},"point_estimate":3793242.166666667,"standard_error":2446.7504792006816},"median_abs_dev":{"confidence_interval":{"confidence_level":0.95,"lower_bound":12328.807181119688,"upper_bound":20337.31803894066},"point_estimate":16279.689010977745,"standard_error":2068.3322831584487},"slope":null,"std_dev":{"confidence_interval":{"confidence_level":0.95,"lower_bound":14745.65317353325,"upper_bound":47150.125337843},"point_estimate":30998.119394903544,"standard_error":9345.594841946302}}