{"mean":{"confidence_interval":{"confidence_level":0.95,"lower_bound":4.553753369022789,"upper_bound":4.56382644823106},"point_estimate":4.558260476621388,"standard_error":0.002589726485686225},"median":{"confidence_interval":{"confidence_level":0.95,"lower_bound":4.550766886717437,"upper_bound":4.552632217519495},"point_estimate":4.551693444321813,"standard_error":0.0004438577800320717},"median_abs_dev":{"confidence_interval":{"confidence_level":0.95,"lower_bound":0.002869371468131224,"upper_bound":0.004740448229460369},"point_estimate":0.003897652716826418,"standard_error":0.00044561083781145583},"slope":{"confidence_interval":{"confidence_level":0.95,"lower_bound":4.554341085680383,"upper_bound":4.56522661521872},"point_estimate":4.559172740267039,"standard_error":0.0027953876846589358},"std_dev":{"confidence_interval":{"confidence_level":0.95,"lower_bound":0.012163239927015975,"upper_bound":0.03638058570249576},"point_estimate":0.026025749765292674,"standard_error":0.006120055296735589}}