{"mean":{"confidence_interval":{"confidence_level":0.95,"lower_bound":5.044734703892504,"upper_bound":5.081273583788953},"point_estimate":5.062013433926204,"standard_error":0.009321410790755684},"median":{"confidence_interval":{"confidence_level":0.95,"lower_bound":5.022360418471827,"upper_bound":5.061327539248934},"point_estimate":5.045425976998947,"standard_error":0.011414164979011715},"median_abs_dev":{"confidence_interval":{"confidence_level":0.95,"lower_bound":0.060171811397362454,"upper_bound":0.10426006537126167},"point_estimate":0.08809545901582327,"standard_error":0.01222597329939719},"slope":{"confidence_interval":{"confidence_level":0.95,"lower_bound":5.04685028390223,"upper_bound":5.08031598824361},"point_estimate":5.063019497051594,"standard_error":0.008550282911524782},"std_dev":{"confidence_interval":{"confidence_level":0.95,"lower_bound":0.0673607847029945,"upper_bound":0.12252647219815746},"point_estimate":0.09362343113952891,"standard_error":0.014779013654535393}}