{"mean":{"confidence_interval":{"confidence_level":0.95,"lower_bound":30748481.876,"upper_bound":30808776.31725},"point_estimate":30776840.06,"standard_error":15453.08587934607},"median":{"confidence_interval":{"confidence_level":0.95,"lower_bound":30720424.0,"upper_bound":30779562.25},"point_estimate":30741718.0,"standard_error":16355.511707066617},"median_abs_dev":{"confidence_interval":{"confidence_level":0.95,"lower_bound":77342.66309939326,"upper_bound":118889.69188928604},"point_estimate":98628.48064899445,"standard_error":10554.378052949794},"slope":null,"std_dev":{"confidence_interval":{"confidence_level":0.95,"lower_bound":104879.49709457344,"upper_bound":199747.213347039},"point_estimate":155612.08316881367,"standard_error":24156.4636083283}}