{"mean":{"confidence_interval":{"confidence_level":0.95,"lower_bound":41121013.1255,"upper_bound":41147085.9125},"point_estimate":41133429.63,"standard_error":6643.284877805158},"median":{"confidence_interval":{"confidence_level":0.95,"lower_bound":41112081.0,"upper_bound":41132644.0},"point_estimate":41122580.5,"standard_error":6290.1722718416895},"median_abs_dev":{"confidence_interval":{"confidence_level":0.95,"lower_bound":34743.24778318405,"upper_bound":58346.980664134026},"point_estimate":48527.72103846073,"standard_error":6146.532074567272},"slope":null,"std_dev":{"confidence_interval":{"confidence_level":0.95,"lower_bound":48517.57304375641,"upper_bound":82890.63105891188},"point_estimate":66875.09706314564,"standard_error":8809.130704530684}}