{"mean":{"confidence_interval":{"confidence_level":0.95,"lower_bound":32648959.974,"upper_bound":32744039.304750003},"point_estimate":32689413.97,"standard_error":24640.000355257453},"median":{"confidence_interval":{"confidence_level":0.95,"lower_bound":32627071.0,"upper_bound":32661099.0},"point_estimate":32649362.0,"standard_error":8698.301589274208},"median_abs_dev":{"confidence_interval":{"confidence_level":0.95,"lower_bound":51757.56508111954,"upper_bound":83923.31281006336},"point_estimate":70525.05684792995,"standard_error":8387.905320544003},"slope":null,"std_dev":{"confidence_interval":{"confidence_level":0.95,"lower_bound":70382.59753962142,"upper_bound":381181.800593387},"point_estimate":248560.5487357299,"standard_error":83578.15947272955}}