{"mean":{"confidence_interval":{"confidence_level":0.95,"lower_bound":42783439.873,"upper_bound":42841087.2755},"point_estimate":42811413.49,"standard_error":14686.362054660323},"median":{"confidence_interval":{"confidence_level":0.95,"lower_bound":42757819.0,"upper_bound":42802132.0},"point_estimate":42773178.0,"standard_error":11104.902425676792},"median_abs_dev":{"confidence_interval":{"confidence_level":0.95,"lower_bound":75820.16265392303,"upper_bound":128387.96862065792},"point_estimate":98443.15565228462,"standard_error":12923.538146705143},"slope":null,"std_dev":{"confidence_interval":{"confidence_level":0.95,"lower_bound":115072.4225812071,"upper_bound":178344.74251409236},"point_estimate":147864.5976833894,"standard_error":16211.598126569128}}