{"mean":{"confidence_interval":{"confidence_level":0.95,"lower_bound":34713608.77725,"upper_bound":34752565.47325},"point_estimate":34731885.48,"standard_error":9952.304385217816},"median":{"confidence_interval":{"confidence_level":0.95,"lower_bound":34701351.0,"upper_bound":34741306.0},"point_estimate":34719164.5,"standard_error":10046.319832099416},"median_abs_dev":{"confidence_interval":{"confidence_level":0.95,"lower_bound":59927.4322360754,"upper_bound":92681.19764707978},"point_estimate":78866.1642998457,"standard_error":8559.162891499138},"slope":null,"std_dev":{"confidence_interval":{"confidence_level":0.95,"lower_bound":68342.32877982836,"upper_bound":133938.1115600853},"point_estimate":100139.76837476264,"standard_error":17532.488043524376}}