{"mean":{"confidence_interval":{"confidence_level":0.95,"lower_bound":22559841.5525,"upper_bound":22623066.4205},"point_estimate":22585221.02,"standard_error":16661.389730367817},"median":{"confidence_interval":{"confidence_level":0.95,"lower_bound":22541827.0,"upper_bound":22564460.0},"point_estimate":22554198.5,"standard_error":5610.848289347223},"median_abs_dev":{"confidence_interval":{"confidence_level":0.95,"lower_bound":35711.31143599749,"upper_bound":59043.06135177612},"point_estimate":46722.65557050705,"standard_error":5821.791637915614},"slope":null,"std_dev":{"confidence_interval":{"confidence_level":0.95,"lower_bound":54613.87126598553,"upper_bound":271975.3102636796},"point_estimate":167445.35506290107,"standard_error":70495.72114448632}}