{"mean":{"confidence_interval":{"confidence_level":0.95,"lower_bound":31620187.4935,"upper_bound":31654879.34625},"point_estimate":31636750.39,"standard_error":8854.104978551246},"median":{"confidence_interval":{"confidence_level":0.95,"lower_bound":31608937.5,"upper_bound":31644479.0},"point_estimate":31628404.0,"standard_error":8761.54990366959},"median_abs_dev":{"confidence_interval":{"confidence_level":0.95,"lower_bound":54273.92641894522,"upper_bound":90043.48550140858},"point_estimate":69375.30056834221,"standard_error":9190.808534119833},"slope":null,"std_dev":{"confidence_interval":{"confidence_level":0.95,"lower_bound":65465.103982176326,"upper_bound":115136.76672688575},"point_estimate":88524.88887072177,"standard_error":13492.043616313684}}