{"mean":{"confidence_interval":{"confidence_level":0.95,"lower_bound":43341798.1855,"upper_bound":43453203.9965},"point_estimate":43392495.95,"standard_error":28390.672581604747},"median":{"confidence_interval":{"confidence_level":0.95,"lower_bound":43380215.0,"upper_bound":43415210.0},"point_estimate":43398955.0,"standard_error":9452.123187935043},"median_abs_dev":{"confidence_interval":{"confidence_level":0.95,"lower_bound":64285.53485870361,"upper_bound":114164.29365567854},"point_estimate":85541.57068133354,"standard_error":12594.906006203677},"slope":null,"std_dev":{"confidence_interval":{"confidence_level":0.95,"lower_bound":164242.9670047692,"upper_bound":412378.6345710438},"point_estimate":284577.04456864006,"standard_error":70012.66462936714}}