{"mean":{"confidence_interval":{"confidence_level":0.95,"lower_bound":44500025.445999995,"upper_bound":44763618.712000005},"point_estimate":44612495.94,"standard_error":68228.06138104148},"median":{"confidence_interval":{"confidence_level":0.95,"lower_bound":44422481.5,"upper_bound":44529904.0},"point_estimate":44477319.0,"standard_error":23554.875589333864},"median_abs_dev":{"confidence_interval":{"confidence_level":0.95,"lower_bound":141239.88649249077,"upper_bound":248313.9978915453},"point_estimate":170866.68176651,"standard_error":26866.04042344215},"slope":null,"std_dev":{"confidence_interval":{"confidence_level":0.95,"lower_bound":230158.50491677545,"upper_bound":1070599.1459156894},"point_estimate":687600.2531278265,"standard_error":230311.11201847543}}