{"mean":{"confidence_interval":{"confidence_level":0.95,"lower_bound":31230093.8205,"upper_bound":31399585.37125},"point_estimate":31301985.84,"standard_error":43641.005485262474},"median":{"confidence_interval":{"confidence_level":0.95,"lower_bound":31185908.0,"upper_bound":31229475.0},"point_estimate":31201061.5,"standard_error":11865.351937429019},"median_abs_dev":{"confidence_interval":{"confidence_level":0.95,"lower_bound":60655.38882315159,"upper_bound":107696.80338799953},"point_estimate":84005.59710860252,"standard_error":12673.866080523934},"slope":null,"std_dev":{"confidence_interval":{"confidence_level":0.95,"lower_bound":131819.24065631122,"upper_bound":666932.6379137463},"point_estimate":437319.52748519374,"standard_error":142514.71046031945}}