{"mean":{"confidence_interval":{"confidence_level":0.95,"lower_bound":36969477.675,"upper_bound":37004414.32525},"point_estimate":36987163.66,"standard_error":8914.375390274832},"median":{"confidence_interval":{"confidence_level":0.95,"lower_bound":36969333.0,"upper_bound":37009934.0},"point_estimate":36986945.5,"standard_error":10737.665938513244},"median_abs_dev":{"confidence_interval":{"confidence_level":0.95,"lower_bound":59363.3029460907,"upper_bound":101056.97940587997},"point_estimate":82548.94263446331,"standard_error":10682.689073877282},"slope":null,"std_dev":{"confidence_interval":{"confidence_level":0.95,"lower_bound":73559.24717668777,"upper_bound":104705.4294658239},"point_estimate":89501.34468785227,"standard_error":7975.811681063139}}