{"mean":{"confidence_interval":{"confidence_level":0.95,"lower_bound":39699315.740499996,"upper_bound":39745537.699499995},"point_estimate":39721395.71,"standard_error":11788.999578911336},"median":{"confidence_interval":{"confidence_level":0.95,"lower_bound":39675033.5,"upper_bound":39715995.5},"point_estimate":39696989.5,"standard_error":11437.57024741885},"median_abs_dev":{"confidence_interval":{"confidence_level":0.95,"lower_bound":65788.44645202164,"upper_bound":112513.02940249443},"point_estimate":85736.53257787228,"standard_error":12187.392092016196},"slope":null,"std_dev":{"confidence_interval":{"confidence_level":0.95,"lower_bound":87207.91531969658,"upper_bound":150898.13234543838},"point_estimate":118226.206932654,"standard_error":16662.956414418462}}