{"mean":{"confidence_interval":{"confidence_level":0.95,"lower_bound":35645844.478999995,"upper_bound":35804869.49725},"point_estimate":35705663.33,"standard_error":43700.89846914264},"median":{"confidence_interval":{"confidence_level":0.95,"lower_bound":35637609.0,"upper_bound":35678595.0},"point_estimate":35652356.5,"standard_error":10852.212041827672},"median_abs_dev":{"confidence_interval":{"confidence_level":0.95,"lower_bound":69091.38267338276,"upper_bound":106410.68497583269},"point_estimate":94765.56641757488,"standard_error":9820.55787784428},"slope":null,"std_dev":{"confidence_interval":{"confidence_level":0.95,"lower_bound":93167.2332812171,"upper_bound":738828.1821269727},"point_estimate":440004.706757104,"standard_error":219312.00584309152}}