{"mean":{"confidence_interval":{"confidence_level":0.95,"lower_bound":35154287.81675,"upper_bound":35234491.98825},"point_estimate":35191640.36,"standard_error":20610.489057843184},"median":{"confidence_interval":{"confidence_level":0.95,"lower_bound":35116551.0,"upper_bound":35167796.0},"point_estimate":35135591.5,"standard_error":13604.468026457238},"median_abs_dev":{"confidence_interval":{"confidence_level":0.95,"lower_bound":65550.17410375178,"upper_bound":103142.99756884575},"point_estimate":82928.48822772503,"standard_error":9632.553155513831},"slope":null,"std_dev":{"confidence_interval":{"confidence_level":0.95,"lower_bound":129300.30083495272,"upper_bound":274623.325362299},"point_estimate":207445.28213665882,"standard_error":37142.272173680154}}