{"mean":{"confidence_interval":{"confidence_level":0.95,"lower_bound":33951043.221499994,"upper_bound":34020753.674499996},"point_estimate":33984146.5,"standard_error":17773.541112652638},"median":{"confidence_interval":{"confidence_level":0.95,"lower_bound":33923900.5,"upper_bound":33976645.0},"point_estimate":33946908.0,"standard_error":13846.64877354163},"median_abs_dev":{"confidence_interval":{"confidence_level":0.95,"lower_bound":84998.49431097512,"upper_bound":140447.43680655956},"point_estimate":111848.82461428642,"standard_error":14157.717169701731},"slope":null,"std_dev":{"confidence_interval":{"confidence_level":0.95,"lower_bound":126089.53575626962,"upper_bound":223743.11528350477},"point_estimate":179137.3256987358,"standard_error":24954.446603129036}}