{"mean":{"confidence_interval":{"confidence_level":0.95,"lower_bound":30735738.31675,"upper_bound":30982071.6505},"point_estimate":30841653.14,"standard_error":63508.774147854776},"median":{"confidence_interval":{"confidence_level":0.95,"lower_bound":30676017.5,"upper_bound":30720069.5},"point_estimate":30694492.5,"standard_error":12017.069966437339},"median_abs_dev":{"confidence_interval":{"confidence_level":0.95,"lower_bound":75786.04432202883,"upper_bound":127112.93264329433},"point_estimate":104497.35264480114,"standard_error":12860.233571089128},"slope":null,"std_dev":{"confidence_interval":{"confidence_level":0.95,"lower_bound":210628.33542158458,"upper_bound":989805.039373004},"point_estimate":640301.0096900532,"standard_error":204681.5056420276}}