{"mean":{"confidence_interval":{"confidence_level":0.95,"lower_bound":43797632.695,"upper_bound":44029113.71025},"point_estimate":43890130.56,"standard_error":61102.229586760644},"median":{"confidence_interval":{"confidence_level":0.95,"lower_bound":43750449.0,"upper_bound":43802016.5},"point_estimate":43769821.0,"standard_error":13440.83754981537},"median_abs_dev":{"confidence_interval":{"confidence_level":0.95,"lower_bound":63320.36227583885,"upper_bound":108249.07187819481},"point_estimate":82994.46392655373,"standard_error":11713.303469003413},"slope":null,"std_dev":{"confidence_interval":{"confidence_level":0.95,"lower_bound":125295.60555929833,"upper_bound":1007722.7769081078},"point_estimate":616786.346121594,"standard_error":260142.67809294068}}