{"mean":{"confidence_interval":{"confidence_level":0.95,"lower_bound":1.555957954746767,"upper_bound":1.5630523711309927},"point_estimate":1.5589405950252884,"standard_error":0.001837917010752348},"median":{"confidence_interval":{"confidence_level":0.95,"lower_bound":1.5533569920261119,"upper_bound":1.5551529870249183},"point_estimate":1.5539648992192754,"standard_error":0.000491992625766455},"median_abs_dev":{"confidence_interval":{"confidence_level":0.95,"lower_bound":0.0011729833364139911,"upper_bound":0.003321300613104442},"point_estimate":0.001949728409621593,"standard_error":0.0005327566776217142},"slope":{"confidence_interval":{"confidence_level":0.95,"lower_bound":1.556148397126608,"upper_bound":1.5602524429686893},"point_estimate":1.5580541525762053,"standard_error":0.0010545303517201388},"std_dev":{"confidence_interval":{"confidence_level":0.95,"lower_bound":0.006572195901667547,"upper_bound":0.02902261421170438},"point_estimate":0.018502111823872753,"standard_error":0.006459993173434562}}