{"mean":{"confidence_interval":{"confidence_level":0.95,"lower_bound":1763.751775765406,"upper_bound":1768.0409266875479},"point_estimate":1765.7307971763737,"standard_error":1.098634455162135},"median":{"confidence_interval":{"confidence_level":0.95,"lower_bound":1764.0829831932774,"upper_bound":1766.2634185139573},"point_estimate":1765.025211038961,"standard_error":0.4992582539364093},"median_abs_dev":{"confidence_interval":{"confidence_level":0.95,"lower_bound":3.2801972855149084,"upper_bound":5.32478428046623},"point_estimate":4.363545111314503,"standard_error":0.49187472719282416},"slope":{"confidence_interval":{"confidence_level":0.95,"lower_bound":1764.8286012311,"upper_bound":1769.3480191604115},"point_estimate":1766.712543092529,"standard_error":1.1798565903413514},"std_dev":{"confidence_interval":{"confidence_level":0.95,"lower_bound":6.361432923173971,"upper_bound":15.731713237237978},"point_estimate":11.07763645645959,"standard_error":2.4969652895544168}}