{"mean":{"confidence_interval":{"confidence_level":0.95,"lower_bound":1.2521473796543592,"upper_bound":1.2626855545587299},"point_estimate":1.2563787967738065,"standard_error":0.0027688305268164194},"median":{"confidence_interval":{"confidence_level":0.95,"lower_bound":1.250308453610884,"upper_bound":1.2510994637879385},"point_estimate":1.2506217400256614,"standard_error":0.00024735670008403047},"median_abs_dev":{"confidence_interval":{"confidence_level":0.95,"lower_bound":0.001214444724838603,"upper_bound":0.002751803364544625},"point_estimate":0.002003416960050943,"standard_error":0.0004093746177872115},"slope":{"confidence_interval":{"confidence_level":0.95,"lower_bound":1.2513169170188785,"upper_bound":1.2544394575866877},"point_estimate":1.2527161185626272,"standard_error":0.0008012771586569939},"std_dev":{"confidence_interval":{"confidence_level":0.95,"lower_bound":0.0050470424229550484,"upper_bound":0.04549866608156248},"point_estimate":0.027937564549768684,"standard_error":0.011531921101638544}}