{"mean":{"confidence_interval":{"confidence_level":0.95,"lower_bound":1.2505017850679792,"upper_bound":1.2529212380273214},"point_estimate":1.2515704234266591,"standard_error":0.0006185146354748863},"median":{"confidence_interval":{"confidence_level":0.95,"lower_bound":1.24936191614911,"upper_bound":1.2500569348863972},"point_estimate":1.2497202025151246,"standard_error":0.00018924410010685865},"median_abs_dev":{"confidence_interval":{"confidence_level":0.95,"lower_bound":0.0008117901094738088,"upper_bound":0.0015988221848623006},"point_estimate":0.0011130480045861563,"standard_error":0.00020617947555598738},"slope":{"confidence_interval":{"confidence_level":0.95,"lower_bound":1.250810416196184,"upper_bound":1.2533977521961794},"point_estimate":1.2520010282255283,"standard_error":0.0006621516246508345},"std_dev":{"confidence_interval":{"confidence_level":0.95,"lower_bound":0.002923523508100365,"upper_bound":0.00917865206958845},"point_estimate":0.0062283304753592015,"standard_error":0.001642868136031138}}