{"mean":{"confidence_interval":{"confidence_level":0.95,"lower_bound":547.2959629898029,"upper_bound":550.714496012618},"point_estimate":548.7759978132275,"standard_error":0.8807601297871169},"median":{"confidence_interval":{"confidence_level":0.95,"lower_bound":546.8069262736648,"upper_bound":547.648600249066},"point_estimate":547.2776943724547,"standard_error":0.22530102840497468},"median_abs_dev":{"confidence_interval":{"confidence_level":0.95,"lower_bound":1.4740132650327036,"upper_bound":2.890917733951654},"point_estimate":2.2699305965595906,"standard_error":0.3778888407237248},"slope":{"confidence_interval":{"confidence_level":0.95,"lower_bound":547.0204337203484,"upper_bound":548.6931982715041},"point_estimate":547.731106493843,"standard_error":0.4303691194056005},"std_dev":{"confidence_interval":{"confidence_level":0.95,"lower_bound":3.4499733501950307,"upper_bound":13.32648497157197},"point_estimate":8.84166526940441,"standard_error":2.62178431743854}}