{"mean":{"confidence_interval":{"confidence_level":0.95,"lower_bound":640.5295637581233,"upper_bound":643.0244585232618},"point_estimate":641.5377301543369,"standard_error":0.6550076913040339},"median":{"confidence_interval":{"confidence_level":0.95,"lower_bound":639.7168733738922,"upper_bound":640.9582463101622},"point_estimate":640.2048795239969,"standard_error":0.33807227346557117},"median_abs_dev":{"confidence_interval":{"confidence_level":0.95,"lower_bound":1.6483023236779784,"upper_bound":2.867411437243251},"point_estimate":2.4174057514455956,"standard_error":0.3314813318168743},"slope":{"confidence_interval":{"confidence_level":0.95,"lower_bound":640.0199069369354,"upper_bound":642.1610065521113},"point_estimate":640.8748549650343,"standard_error":0.560217874540003},"std_dev":{"confidence_interval":{"confidence_level":0.95,"lower_bound":2.058154650237577,"upper_bound":10.64218475606321},"point_estimate":6.566639083010105,"standard_error":2.665244299864968}}