{"mean":{"confidence_interval":{"confidence_level":0.95,"lower_bound":675.2844340081258,"upper_bound":679.0242273251632},"point_estimate":676.868835886456,"standard_error":0.9694826068210216},"median":{"confidence_interval":{"confidence_level":0.95,"lower_bound":674.5990588016028,"upper_bound":675.329223356009},"point_estimate":674.9913397736143,"standard_error":0.19537891285480272},"median_abs_dev":{"confidence_interval":{"confidence_level":0.95,"lower_bound":1.3629446824355744,"upper_bound":2.434213140764459},"point_estimate":1.7036548132915221,"standard_error":0.2712690317795326},"slope":{"confidence_interval":{"confidence_level":0.95,"lower_bound":675.7435876050902,"upper_bound":680.4369457241131},"point_estimate":677.7775648027794,"standard_error":1.2154122258068845},"std_dev":{"confidence_interval":{"confidence_level":0.95,"lower_bound":3.434680387807813,"upper_bound":15.18211525408667},"point_estimate":9.719679424376501,"standard_error":3.2829393766816994}}