{"mean":{"confidence_interval":{"confidence_level":0.95,"lower_bound":683.0024039870981,"upper_bound":696.0359247705397},"point_estimate":688.005319555038,"standard_error":3.4634684315895217},"median":{"confidence_interval":{"confidence_level":0.95,"lower_bound":681.4126743480897,"upper_bound":683.8475434197084},"point_estimate":682.6803951890034,"standard_error":0.6531467634978062},"median_abs_dev":{"confidence_interval":{"confidence_level":0.95,"lower_bound":3.5929304963664404,"upper_bound":5.572166953678064},"point_estimate":4.592143835061721,"standard_error":0.5236645311361621},"slope":{"confidence_interval":{"confidence_level":0.95,"lower_bound":682.2884927294824,"upper_bound":696.7322779061394},"point_estimate":687.6054795736536,"standard_error":3.8979160095615204},"std_dev":{"confidence_interval":{"confidence_level":0.95,"lower_bound":7.8412062082320775,"upper_bound":57.28877568466401},"point_estimate":34.681424239153216,"standard_error":15.710780996497322}}