{"mean":{"confidence_interval":{"confidence_level":0.95,"lower_bound":966.3565237942304,"upper_bound":969.4545971677553},"point_estimate":967.7711024812884,"standard_error":0.7908543125154425},"median":{"confidence_interval":{"confidence_level":0.95,"lower_bound":965.640227673561,"upper_bound":966.7229741019215},"point_estimate":966.1026011050353,"standard_error":0.3004005483779882},"median_abs_dev":{"confidence_interval":{"confidence_level":0.95,"lower_bound":2.6300536071533576,"upper_bound":4.651108441564257},"point_estimate":3.508699894856975,"standard_error":0.5029295161282336},"slope":{"confidence_interval":{"confidence_level":0.95,"lower_bound":965.5775782961887,"upper_bound":968.9861233121252},"point_estimate":966.9898111563822,"standard_error":0.8897429740920852},"std_dev":{"confidence_interval":{"confidence_level":0.95,"lower_bound":4.586410172179707,"upper_bound":10.904471790545228},"point_estimate":7.9894976646934275,"standard_error":1.6168861703207051}}