{"mean":{"confidence_interval":{"confidence_level":0.95,"lower_bound":2576.6505800096143,"upper_bound":2661.6716699778},"point_estimate":2607.5756253593836,"standard_error":24.14876435028891},"median":{"confidence_interval":{"confidence_level":0.95,"lower_bound":2574.2660443722943,"upper_bound":2575.290744828294},"point_estimate":2574.6924542761863,"standard_error":0.2587131525571115},"median_abs_dev":{"confidence_interval":{"confidence_level":0.95,"lower_bound":1.7544647582094355,"upper_bound":2.867599057397799},"point_estimate":2.3354374090916448,"standard_error":0.2806948471766654},"slope":{"confidence_interval":{"confidence_level":0.95,"lower_bound":2578.7094830976193,"upper_bound":2725.621796466074},"point_estimate":2631.171864491353,"standard_error":40.771764148442365},"std_dev":{"confidence_interval":{"confidence_level":0.95,"lower_bound":9.823462254997652,"upper_bound":409.5752525054312},"point_estimate":241.9826548851902,"standard_error":128.5043787157527}}