{"mean":{"confidence_interval":{"confidence_level":0.95,"lower_bound":178062178.5015,"upper_bound":178650564.491},"point_estimate":178328046.56,"standard_error":150393.3371578563},"median":{"confidence_interval":{"confidence_level":0.95,"lower_bound":177796709.0,"upper_bound":178062236.5},"point_estimate":177928650.0,"standard_error":78877.69744579012},"median_abs_dev":{"confidence_interval":{"confidence_level":0.95,"lower_bound":477887.1908158066,"upper_bound":785989.2565459013},"point_estimate":635736.6448134184,"standard_error":74656.72454330263},"slope":null,"std_dev":{"confidence_interval":{"confidence_level":0.95,"lower_bound":867576.4371583663,"upper_bound":2162389.7147042756},"point_estimate":1509653.2849988518,"standard_error":352741.3866895262}}