{"mean":{"confidence_interval":{"confidence_level":0.95,"lower_bound":124279469.1525,"upper_bound":124368299.758},"point_estimate":124322825.68,"standard_error":22659.451078809012},"median":{"confidence_interval":{"confidence_level":0.95,"lower_bound":124228401.0,"upper_bound":124358408.0},"point_estimate":124279430.5,"standard_error":31536.501506347067},"median_abs_dev":{"confidence_interval":{"confidence_level":0.95,"lower_bound":173629.78480495515,"upper_bound":293943.2359814644},"point_estimate":234677.04333364964,"standard_error":30802.897919735864},"slope":null,"std_dev":{"confidence_interval":{"confidence_level":0.95,"lower_bound":190915.5552905296,"upper_bound":261526.94413889237},"point_estimate":227397.03198221567,"standard_error":18064.5916557115}}