{"mean":{"confidence_interval":{"confidence_level":0.95,"lower_bound":118175796.01075,"upper_bound":118347411.094},"point_estimate":118258592.76,"standard_error":43796.45322825195},"median":{"confidence_interval":{"confidence_level":0.95,"lower_bound":118044989.0,"upper_bound":118303311.5},"point_estimate":118205179.5,"standard_error":75429.45903265441},"median_abs_dev":{"confidence_interval":{"confidence_level":0.95,"lower_bound":317975.14373481274,"upper_bound":502852.69177258015},"point_estimate":412083.4735840559,"standard_error":48143.02311908437},"slope":null,"std_dev":{"confidence_interval":{"confidence_level":0.95,"lower_bound":351401.4725122979,"upper_bound":524304.3596867749},"point_estimate":440451.598432839,"standard_error":44322.22624842849}}