{"mean":{"confidence_interval":{"confidence_level":0.95,"lower_bound":138905701.77775,"upper_bound":139002781.57525},"point_estimate":138951817.19,"standard_error":24733.017757959933},"median":{"confidence_interval":{"confidence_level":0.95,"lower_bound":138869635.5,"upper_bound":138978090.0},"point_estimate":138929564.5,"standard_error":25223.9217239955},"median_abs_dev":{"confidence_interval":{"confidence_level":0.95,"lower_bound":132320.56505084038,"upper_bound":205217.04055666924},"point_estimate":168657.6078057289,"standard_error":18761.132033206326},"slope":null,"std_dev":{"confidence_interval":{"confidence_level":0.95,"lower_bound":172896.22334484127,"upper_bound":327379.11162455764},"point_estimate":250243.7027848425,"standard_error":40213.922532509}}