{"mean":{"confidence_interval":{"confidence_level":0.95,"lower_bound":126442737.116,"upper_bound":126606535.80975},"point_estimate":126522759.21,"standard_error":41763.570189664344},"median":{"confidence_interval":{"confidence_level":0.95,"lower_bound":126328913.0,"upper_bound":126521866.0},"point_estimate":126439292.5,"standard_error":43046.64493692439},"median_abs_dev":{"confidence_interval":{"confidence_level":0.95,"lower_bound":271987.41297125816,"upper_bound":481339.424854517},"point_estimate":373242.31947362423,"standard_error":53196.160770767456},"slope":null,"std_dev":{"confidence_interval":{"confidence_level":0.95,"lower_bound":345861.8404380158,"upper_bound":491469.325072922},"point_estimate":419941.05706089287,"standard_error":37340.95415803789}}