{"mean":{"confidence_interval":{"confidence_level":0.95,"lower_bound":137046251.15825,"upper_bound":137111465.8535},"point_estimate":137078719.05,"standard_error":16610.770351535706},"median":{"confidence_interval":{"confidence_level":0.95,"lower_bound":137052142.5,"upper_bound":137098303.0},"point_estimate":137080630.0,"standard_error":11927.020223042166},"median_abs_dev":{"confidence_interval":{"confidence_level":0.95,"lower_bound":104930.27183711529,"upper_bound":175556.88678324223},"point_estimate":137919.60385143757,"standard_error":17607.671574230495},"slope":null,"std_dev":{"confidence_interval":{"confidence_level":0.95,"lower_bound":140624.5252493356,"upper_bound":190936.33155939516},"point_estimate":167057.7457804938,"standard_error":12859.536515884261}}