{"mean":{"confidence_interval":{"confidence_level":0.95,"lower_bound":168255714.6095,"upper_bound":168386477.21600002},"point_estimate":168313465.43,"standard_error":33418.463377668},"median":{"confidence_interval":{"confidence_level":0.95,"lower_bound":168214240.0,"upper_bound":168303456.0},"point_estimate":168242429.0,"standard_error":23090.217296980798},"median_abs_dev":{"confidence_interval":{"confidence_level":0.95,"lower_bound":142224.33287501335,"upper_bound":218295.05492448807},"point_estimate":171739.19185101986,"standard_error":20099.770681874845},"slope":null,"std_dev":{"confidence_interval":{"confidence_level":0.95,"lower_bound":182806.64271051597,"upper_bound":502026.8300066424},"point_estimate":335946.6977805883,"standard_error":98000.21646042333}}