{"mean":{"confidence_interval":{"confidence_level":0.95,"lower_bound":206516813.50525,"upper_bound":206685340.52825},"point_estimate":206594972.2,"standard_error":43239.35872057888},"median":{"confidence_interval":{"confidence_level":0.95,"lower_bound":206425850.0,"upper_bound":206523989.0},"point_estimate":206472170.0,"standard_error":26704.01147571268},"median_abs_dev":{"confidence_interval":{"confidence_level":0.95,"lower_bound":131920.26305794716,"upper_bound":235417.6020205021},"point_estimate":173035.72552800179,"standard_error":26247.770343687112},"slope":null,"std_dev":{"confidence_interval":{"confidence_level":0.95,"lower_bound":286753.30940624874,"upper_bound":556077.2754440045},"point_estimate":435576.8565329096,"standard_error":69105.50102155344}}