{"mean":{"confidence_interval":{"confidence_level":0.95,"lower_bound":127153614.1805,"upper_bound":127373541.60875},"point_estimate":127256898.57,"standard_error":56223.04782366346},"median":{"confidence_interval":{"confidence_level":0.95,"lower_bound":127070022.5,"upper_bound":127213643.0},"point_estimate":127156364.5,"standard_error":34459.22011589457},"median_abs_dev":{"confidence_interval":{"confidence_level":0.95,"lower_bound":252542.37301647663,"upper_bound":378897.6970732212},"point_estimate":312068.761959672,"standard_error":30396.29465541611},"slope":null,"std_dev":{"confidence_interval":{"confidence_level":0.95,"lower_bound":364886.2348766155,"upper_bound":751182.7666212549},"point_estimate":567034.0567155539,"standard_error":99738.45299684878}}