{"mean":{"confidence_interval":{"confidence_level":0.95,"lower_bound":118627439.14625,"upper_bound":119205253.06750001},"point_estimate":118846210.46,"standard_error":156086.37841310154},"median":{"confidence_interval":{"confidence_level":0.95,"lower_bound":118539554.0,"upper_bound":118656145.5},"point_estimate":118591370.5,"standard_error":30818.108423923113},"median_abs_dev":{"confidence_interval":{"confidence_level":0.95,"lower_bound":172943.06302964687,"upper_bound":276144.6232974529},"point_estimate":217676.06943547726,"standard_error":24530.98164945379},"slope":null,"std_dev":{"confidence_interval":{"confidence_level":0.95,"lower_bound":324555.91662478447,"upper_bound":2620725.445362465},"point_estimate":1573008.2116235562,"standard_error":750195.1392251402}}