{"mean":{"confidence_interval":{"confidence_level":0.95,"lower_bound":130769854.21275,"upper_bound":130903961.03925},"point_estimate":130834694.8,"standard_error":34379.1844712228},"median":{"confidence_interval":{"confidence_level":0.95,"lower_bound":130684939.5,"upper_bound":130808557.5},"point_estimate":130731141.5,"standard_error":31210.989101341856},"median_abs_dev":{"confidence_interval":{"confidence_level":0.95,"lower_bound":191785.42609512806,"upper_bound":337434.86142933345},"point_estimate":270046.6896057129,"standard_error":38450.25171855976},"slope":null,"std_dev":{"confidence_interval":{"confidence_level":0.95,"lower_bound":267824.26360165514,"upper_bound":416192.1795953323},"point_estimate":344424.7702107198,"standard_error":38110.07954822349}}