{"mean":{"confidence_interval":{"confidence_level":0.95,"lower_bound":123118030.41525,"upper_bound":123289615.42575},"point_estimate":123198630.74,"standard_error":43820.27814412564},"median":{"confidence_interval":{"confidence_level":0.95,"lower_bound":123054947.0,"upper_bound":123120466.5},"point_estimate":123072985.5,"standard_error":16971.5156438886},"median_abs_dev":{"confidence_interval":{"confidence_level":0.95,"lower_bound":161613.77533078194,"upper_bound":333080.9100866318},"point_estimate":247339.18840885162,"standard_error":45383.77020391418},"slope":null,"std_dev":{"confidence_interval":{"confidence_level":0.95,"lower_bound":301829.4484180675,"upper_bound":571412.1757445337},"point_estimate":441201.9859407857,"standard_error":69371.20298222677}}