{"mean":{"confidence_interval":{"confidence_level":0.95,"lower_bound":138039619.14650002,"upper_bound":138281815.371},"point_estimate":138144166.38,"standard_error":62436.65441647004},"median":{"confidence_interval":{"confidence_level":0.95,"lower_bound":137930808.0,"upper_bound":138084218.0},"point_estimate":138025164.5,"standard_error":43708.26068113388},"median_abs_dev":{"confidence_interval":{"confidence_level":0.95,"lower_bound":238498.4447658062,"upper_bound":404464.39231932163},"point_estimate":336510.9051257372,"standard_error":44773.25901113123},"slope":null,"std_dev":{"confidence_interval":{"confidence_level":0.95,"lower_bound":299889.94037650124,"upper_bound":958729.6715941615},"point_estimate":627071.2821652731,"standard_error":198527.59575423622}}