{"mean":{"confidence_interval":{"confidence_level":0.95,"lower_bound":94849742.88675,"upper_bound":94971020.6285},"point_estimate":94905690.23,"standard_error":30937.775344966838},"median":{"confidence_interval":{"confidence_level":0.95,"lower_bound":94785331.5,"upper_bound":94832622.0},"point_estimate":94811108.0,"standard_error":12821.390039242448},"median_abs_dev":{"confidence_interval":{"confidence_level":0.95,"lower_bound":59987.477535009384,"upper_bound":117917.84760653973},"point_estimate":88921.15732133389,"standard_error":15151.896055969115},"slope":null,"std_dev":{"confidence_interval":{"confidence_level":0.95,"lower_bound":201670.9572453298,"upper_bound":409865.63147301},"point_estimate":310608.72339388815,"standard_error":53472.04589324218}}