{"mean":{"confidence_interval":{"confidence_level":0.95,"lower_bound":141114226.74600002,"upper_bound":141252900.06},"point_estimate":141176573.79,"standard_error":35568.49615559596},"median":{"confidence_interval":{"confidence_level":0.95,"lower_bound":141053726.0,"upper_bound":141131044.5},"point_estimate":141103466.5,"standard_error":20306.889082102974},"median_abs_dev":{"confidence_interval":{"confidence_level":0.95,"lower_bound":117202.4931192398,"upper_bound":202684.7598016262},"point_estimate":170252.14407742023,"standard_error":22106.62172882536},"slope":null,"std_dev":{"confidence_interval":{"confidence_level":0.95,"lower_bound":180981.50711529612,"upper_bound":519550.83490876446},"point_estimate":357382.71148844657,"standard_error":89016.1865494679}}