{"mean":{"confidence_interval":{"confidence_level":0.95,"lower_bound":170897397.89824998,"upper_bound":171057671.27225},"point_estimate":170975137.84,"standard_error":40997.892712476},"median":{"confidence_interval":{"confidence_level":0.95,"lower_bound":170780282.5,"upper_bound":171011635.0},"point_estimate":170885708.5,"standard_error":61410.0483429245},"median_abs_dev":{"confidence_interval":{"confidence_level":0.95,"lower_bound":269747.2044110298,"upper_bound":451694.09708082676},"point_estimate":360710.64319610596,"standard_error":48923.53363008676},"slope":null,"std_dev":{"confidence_interval":{"confidence_level":0.95,"lower_bound":320569.6376974196,"upper_bound":512926.44253635383},"point_estimate":411283.1691293301,"standard_error":50824.651360160824}}