{"mean":{"confidence_interval":{"confidence_level":0.95,"lower_bound":5.165775695017291,"upper_bound":5.176493514673007},"point_estimate":5.170356988424158,"standard_error":0.002755318541257615},"median":{"confidence_interval":{"confidence_level":0.95,"lower_bound":5.162221905346758,"upper_bound":5.166169091046385},"point_estimate":5.163979300017358,"standard_error":0.0009279481834811772},"median_abs_dev":{"confidence_interval":{"confidence_level":0.95,"lower_bound":0.005459439515400545,"upper_bound":0.010200429508509473},"point_estimate":0.008282393636269699,"standard_error":0.001234454844307359},"slope":{"confidence_interval":{"confidence_level":0.95,"lower_bound":5.165028226449312,"upper_bound":5.172777348818591},"point_estimate":5.16855771418809,"standard_error":0.0019804682147960117},"std_dev":{"confidence_interval":{"confidence_level":0.95,"lower_bound":0.011631281637257155,"upper_bound":0.042533831385096844},"point_estimate":0.02762268486923538,"standard_error":0.008762275476100537}}