{"mean":{"confidence_interval":{"confidence_level":0.95,"lower_bound":13526070.227500001,"upper_bound":13539111.516999999},"point_estimate":13531999.62,"standard_error":3348.6792500280876},"median":{"confidence_interval":{"confidence_level":0.95,"lower_bound":13519850.0,"upper_bound":13525180.0},"point_estimate":13522260.0,"standard_error":1346.3408484768922},"median_abs_dev":{"confidence_interval":{"confidence_level":0.95,"lower_bound":7501.21456682682,"upper_bound":16984.665298461914},"point_estimate":10561.300912499428,"standard_error":2466.442170166448},"slope":null,"std_dev":{"confidence_interval":{"confidence_level":0.95,"lower_bound":18244.27945283607,"upper_bound":47443.00820936378},"point_estimate":33670.12543552579,"standard_error":7718.51668389926}}