{"mean":{"confidence_interval":{"confidence_level":0.95,"lower_bound":11088716.7725,"upper_bound":11122370.60625},"point_estimate":11103240.77,"standard_error":8679.899870284587},"median":{"confidence_interval":{"confidence_level":0.95,"lower_bound":11077733.0,"upper_bound":11081249.0},"point_estimate":11079747.0,"standard_error":1128.7266260471686},"median_abs_dev":{"confidence_interval":{"confidence_level":0.95,"lower_bound":9350.01673400402,"upper_bound":17297.493892908096},"point_estimate":13146.213966608047,"standard_error":2059.8944868883386},"slope":null,"std_dev":{"confidence_interval":{"confidence_level":0.95,"lower_bound":33794.364370373136,"upper_bound":134125.48029941763},"point_estimate":87138.49555143104,"standard_error":27136.79496351876}}