{"mean":{"confidence_interval":{"confidence_level":0.95,"lower_bound":0.9972042565403456,"upper_bound":1.0007353105059054},"point_estimate":0.9987732575490449,"standard_error":0.0009097542577780305},"median":{"confidence_interval":{"confidence_level":0.95,"lower_bound":0.9963071203355747,"upper_bound":0.9965295300831978},"point_estimate":0.9964003847078855,"standard_error":0.0000624250653955671},"median_abs_dev":{"confidence_interval":{"confidence_level":0.95,"lower_bound":0.000561589306423121,"upper_bound":0.0009556607764712745},"point_estimate":0.0007717138717193183,"standard_error":0.00010127463877133592},"slope":{"confidence_interval":{"confidence_level":0.95,"lower_bound":0.9966601124332032,"upper_bound":0.9983982400936517},"point_estimate":0.9974396376043533,"standard_error":0.00044637106743021987},"std_dev":{"confidence_interval":{"confidence_level":0.95,"lower_bound":0.0041217925499999405,"upper_bound":0.013293457677249884},"point_estimate":0.009181254766973694,"standard_error":0.0023656497232696153}}