{"mean":{"confidence_interval":{"confidence_level":0.95,"lower_bound":1.0283226535500098,"upper_bound":1.0346308515563205},"point_estimate":1.0308434444461403,"standard_error":0.001656457942218723},"median":{"confidence_interval":{"confidence_level":0.95,"lower_bound":1.0266275926536959,"upper_bound":1.0273048726049134},"point_estimate":1.0268948736723615,"standard_error":0.00017938384075133325},"median_abs_dev":{"confidence_interval":{"confidence_level":0.95,"lower_bound":0.0007352735342864945,"upper_bound":0.0015534332620648445},"point_estimate":0.0010780957920037545,"standard_error":0.00020523184743723654},"slope":{"confidence_interval":{"confidence_level":0.95,"lower_bound":1.028026484752274,"upper_bound":1.0305238467562412},"point_estimate":1.0291623098680027,"standard_error":0.0006410824281683651},"std_dev":{"confidence_interval":{"confidence_level":0.95,"lower_bound":0.004874097609792801,"upper_bound":0.026954176512971856},"point_estimate":0.01662754645812254,"standard_error":0.006842470273001209}}