{"mean":{"confidence_interval":{"confidence_level":0.95,"lower_bound":109.13521461039154,"upper_bound":109.31971590526129},"point_estimate":109.22432084999743,"standard_error":0.04717459057399595},"median":{"confidence_interval":{"confidence_level":0.95,"lower_bound":109.05134362663321,"upper_bound":109.25198474164088},"point_estimate":109.18570634642063,"standard_error":0.06605159803092564},"median_abs_dev":{"confidence_interval":{"confidence_level":0.95,"lower_bound":0.3016903637167881,"upper_bound":0.5192408415554911},"point_estimate":0.3868513273383557,"standard_error":0.0539022888014137},"slope":{"confidence_interval":{"confidence_level":0.95,"lower_bound":109.1038379020875,"upper_bound":109.32011489991237},"point_estimate":109.210649952631,"standard_error":0.05525191224335046},"std_dev":{"confidence_interval":{"confidence_level":0.95,"lower_bound":0.3668861228031074,"upper_bound":0.5763466784152788},"point_estimate":0.47270803923589216,"standard_error":0.053910369008537434}}