{"mean":{"confidence_interval":{"confidence_level":0.95,"lower_bound":1.5581826726769663,"upper_bound":1.56339954170486},"point_estimate":1.5605340886989978,"standard_error":0.0013421216783113163},"median":{"confidence_interval":{"confidence_level":0.95,"lower_bound":1.5559669509138507,"upper_bound":1.5573745806336885},"point_estimate":1.5567631561498754,"standard_error":0.00038535082024250756},"median_abs_dev":{"confidence_interval":{"confidence_level":0.95,"lower_bound":0.0018086047198261506,"upper_bound":0.0032106867679641787},"point_estimate":0.002431433544304576,"standard_error":0.00037306022396690154},"slope":{"confidence_interval":{"confidence_level":0.95,"lower_bound":1.5574454854781297,"upper_bound":1.560921278159797},"point_estimate":1.5590348858470526,"standard_error":0.0008926441841991042},"std_dev":{"confidence_interval":{"confidence_level":0.95,"lower_bound":0.006498740338189519,"upper_bound":0.018888057043788643},"point_estimate":0.013525446738739635,"standard_error":0.003121176963377714}}