{"mean":{"confidence_interval":{"confidence_level":0.95,"lower_bound":3.111424783580912,"upper_bound":3.129063806632782},"point_estimate":3.118842483858328,"standard_error":0.004592234281286069},"median":{"confidence_interval":{"confidence_level":0.95,"lower_bound":3.1080352234503215,"upper_bound":3.109708736924142},"point_estimate":3.108657547492198,"standard_error":0.0004366180998256606},"median_abs_dev":{"confidence_interval":{"confidence_level":0.95,"lower_bound":0.0031521943295113697,"upper_bound":0.005096513996706984},"point_estimate":0.004090507513599469,"standard_error":0.0004731351359128484},"slope":{"confidence_interval":{"confidence_level":0.95,"lower_bound":3.1118075041373987,"upper_bound":3.147070439525125},"point_estimate":3.1271007055816744,"standard_error":0.009064432776816823},"std_dev":{"confidence_interval":{"confidence_level":0.95,"lower_bound":0.012397791807513553,"upper_bound":0.07267091171670463},"point_estimate":0.04602081757293411,"standard_error":0.01629493320455445}}