{"mean":{"confidence_interval":{"confidence_level":0.95,"lower_bound":3.116291621907811,"upper_bound":3.1484673153023515},"point_estimate":3.1293299880836605,"standard_error":0.008433651298328317},"median":{"confidence_interval":{"confidence_level":0.95,"lower_bound":3.110710094909405,"upper_bound":3.1138505674653216},"point_estimate":3.1124108011687595,"standard_error":0.0008790869548242817},"median_abs_dev":{"confidence_interval":{"confidence_level":0.95,"lower_bound":0.0033379049238680056,"upper_bound":0.006351963124869863},"point_estimate":0.004664321905007337,"standard_error":0.0007798624772897639},"slope":{"confidence_interval":{"confidence_level":0.95,"lower_bound":3.115682251541009,"upper_bound":3.174601262085955},"point_estimate":3.136507902650855,"standard_error":0.016484738712114116},"std_dev":{"confidence_interval":{"confidence_level":0.95,"lower_bound":0.015218022408897313,"upper_bound":0.13649115119517594},"point_estimate":0.08476606372073901,"standard_error":0.03368687416457934}}