{"mean":{"confidence_interval":{"confidence_level":0.95,"lower_bound":4.120498220257408,"upper_bound":4.12995231137524},"point_estimate":4.124902660929794,"standard_error":0.0024244326038168887},"median":{"confidence_interval":{"confidence_level":0.95,"lower_bound":4.117578769184568,"upper_bound":4.124435740438677},"point_estimate":4.119552527212189,"standard_error":0.001916877758274097},"median_abs_dev":{"confidence_interval":{"confidence_level":0.95,"lower_bound":0.008821730125926007,"upper_bound":0.014545626654537621},"point_estimate":0.011398980107197374,"standard_error":0.0014821725315112256},"slope":{"confidence_interval":{"confidence_level":0.95,"lower_bound":4.121588911681921,"upper_bound":4.1308054021800285},"point_estimate":4.125890659160936,"standard_error":0.002356404934068138},"std_dev":{"confidence_interval":{"confidence_level":0.95,"lower_bound":0.015543336936427534,"upper_bound":0.032509222955293904},"point_estimate":0.024399531243772175,"standard_error":0.004388959539207252}}