{"mean":{"confidence_interval":{"confidence_level":0.95,"lower_bound":4.112536827027863,"upper_bound":4.126845657239026},"point_estimate":4.119331660434305,"standard_error":0.003652353463071838},"median":{"confidence_interval":{"confidence_level":0.95,"lower_bound":4.101579444223393,"upper_bound":4.110735862101425},"point_estimate":4.104833515010994,"standard_error":0.002419863187016159},"median_abs_dev":{"confidence_interval":{"confidence_level":0.95,"lower_bound":0.009803449814468517,"upper_bound":0.019043762038352532},"point_estimate":0.013010562910550322,"standard_error":0.0023805600070317826},"slope":{"confidence_interval":{"confidence_level":0.95,"lower_bound":4.1043658609807245,"upper_bound":4.1107459842359875},"point_estimate":4.107389076831005,"standard_error":0.0016280685954531923},"std_dev":{"confidence_interval":{"confidence_level":0.95,"lower_bound":0.02728863002764163,"upper_bound":0.04402411143772315},"point_estimate":0.03662508953028589,"standard_error":0.0042726481878395915}}