{"mean":{"confidence_interval":{"confidence_level":0.95,"lower_bound":2.4901764793807546,"upper_bound":2.5007734365732155},"point_estimate":2.4947479273795725,"standard_error":0.0027436794640990267},"median":{"confidence_interval":{"confidence_level":0.95,"lower_bound":2.4869052246036945,"upper_bound":2.4886709114766417},"point_estimate":2.4877957619391338,"standard_error":0.0004414493781218944},"median_abs_dev":{"confidence_interval":{"confidence_level":0.95,"lower_bound":0.0022969129808383653,"upper_bound":0.00433962987457642},"point_estimate":0.003253890735387285,"standard_error":0.0004888312295510467},"slope":{"confidence_interval":{"confidence_level":0.95,"lower_bound":2.4896977272630543,"upper_bound":2.4957180511222785},"point_estimate":2.492411772985442,"standard_error":0.0015383694560994747},"std_dev":{"confidence_interval":{"confidence_level":0.95,"lower_bound":0.009084631836060394,"upper_bound":0.041233305628357766},"point_estimate":0.027568428000188414,"standard_error":0.008528288533373021}}