{"mean":{"confidence_interval":{"confidence_level":0.95,"lower_bound":2.4890930840382506,"upper_bound":2.493728584529436},"point_estimate":2.49118477806434,"standard_error":0.0011925572620298738},"median":{"confidence_interval":{"confidence_level":0.95,"lower_bound":2.486580372120311,"upper_bound":2.489241143934798},"point_estimate":2.4877414992868774,"standard_error":0.0005152217385438231},"median_abs_dev":{"confidence_interval":{"confidence_level":0.95,"lower_bound":0.0027123282072973962,"upper_bound":0.005176558066394647},"point_estimate":0.003863630134061334,"standard_error":0.0005592512161951258},"slope":{"confidence_interval":{"confidence_level":0.95,"lower_bound":2.4890964463037704,"upper_bound":2.494261911969715},"point_estimate":2.4914194211929033,"standard_error":0.0013233173744198487},"std_dev":{"confidence_interval":{"confidence_level":0.95,"lower_bound":0.006461961137267698,"upper_bound":0.017215816361916634},"point_estimate":0.012034404590504534,"standard_error":0.002860345938306447}}