{"mean":{"confidence_interval":{"confidence_level":0.95,"lower_bound":1088.2148548051719,"upper_bound":1098.3873650581584},"point_estimate":1093.1167329044124,"standard_error":2.5924862155771984},"median":{"confidence_interval":{"confidence_level":0.95,"lower_bound":1084.8753968253968,"upper_bound":1105.2372839720247},"point_estimate":1096.6463016299708,"standard_error":6.431988794762942},"median_abs_dev":{"confidence_interval":{"confidence_level":0.95,"lower_bound":11.932842324835283,"upper_bound":31.41199632863043},"point_estimate":20.6463060635807,"standard_error":5.309056907301886},"slope":{"confidence_interval":{"confidence_level":0.95,"lower_bound":1096.212741000277,"upper_bound":1104.2905343843502},"point_estimate":1100.2573654663975,"standard_error":2.060246446623677},"std_dev":{"confidence_interval":{"confidence_level":0.95,"lower_bound":19.245800904194976,"upper_bound":34.229607910007495},"point_estimate":26.022247558984848,"standard_error":4.176891391758832}}