{"mean":{"confidence_interval":{"confidence_level":0.95,"lower_bound":886.1966287561655,"upper_bound":891.2396927786947},"point_estimate":888.2920149149733,"standard_error":1.311706420677072},"median":{"confidence_interval":{"confidence_level":0.95,"lower_bound":885.5753189918802,"upper_bound":887.144255861366},"point_estimate":886.444319541647,"standard_error":0.40612843758912415},"median_abs_dev":{"confidence_interval":{"confidence_level":0.95,"lower_bound":2.3829115565137626,"upper_bound":4.055609567698269},"point_estimate":3.1212230073139007,"standard_error":0.44535634737763313},"slope":{"confidence_interval":{"confidence_level":0.95,"lower_bound":886.5021853474013,"upper_bound":890.1192628240582},"point_estimate":888.0086204231816,"standard_error":0.9374689187735676},"std_dev":{"confidence_interval":{"confidence_level":0.95,"lower_bound":3.893322544753204,"upper_bound":20.833203301971203},"point_estimate":13.128083560076243,"standard_error":4.798572468498819}}