{"mean":{"confidence_interval":{"confidence_level":0.95,"lower_bound":963.9371214263832,"upper_bound":966.6507251934653},"point_estimate":965.3137211082666,"standard_error":0.6910224917591224},"median":{"confidence_interval":{"confidence_level":0.95,"lower_bound":965.9288712422008,"upper_bound":966.9579031781227},"point_estimate":966.5066782810686,"standard_error":0.28555199935379294},"median_abs_dev":{"confidence_interval":{"confidence_level":0.95,"lower_bound":2.3092343061988716,"upper_bound":4.221444620602736},"point_estimate":3.1793958908320867,"standard_error":0.4924999686204156},"slope":{"confidence_interval":{"confidence_level":0.95,"lower_bound":967.1050356466072,"upper_bound":968.9584198155258},"point_estimate":967.9767821746135,"standard_error":0.4719638259660282},"std_dev":{"confidence_interval":{"confidence_level":0.95,"lower_bound":5.589272735640454,"upper_bound":8.217794242009242},"point_estimate":6.98231331411627,"standard_error":0.6703672384175844}}