{"mean":{"confidence_interval":{"confidence_level":0.95,"lower_bound":2.490216005966807,"upper_bound":2.5021471956938686},"point_estimate":2.495480476363463,"standard_error":0.0030686397114163474},"median":{"confidence_interval":{"confidence_level":0.95,"lower_bound":2.4864342798789556,"upper_bound":2.487879771020356},"point_estimate":2.4871646127989537,"standard_error":0.0003339991427781833},"median_abs_dev":{"confidence_interval":{"confidence_level":0.95,"lower_bound":0.002316763403834548,"upper_bound":0.00420886480582656},"point_estimate":0.0034189978565252657,"standard_error":0.0005310332190446078},"slope":{"confidence_interval":{"confidence_level":0.95,"lower_bound":2.489944220764344,"upper_bound":2.5015828366770387},"point_estimate":2.494981092676336,"standard_error":0.002997503520516268},"std_dev":{"confidence_interval":{"confidence_level":0.95,"lower_bound":0.014568717113835273,"upper_bound":0.044858111257141085},"point_estimate":0.03074186192375196,"standard_error":0.007931632852698028}}