{"mean":{"confidence_interval":{"confidence_level":0.95,"lower_bound":2.491892734887154,"upper_bound":2.5011148634861162},"point_estimate":2.4957795487439838,"standard_error":0.00238252282236036},"median":{"confidence_interval":{"confidence_level":0.95,"lower_bound":2.4882443308903848,"upper_bound":2.490268658420276},"point_estimate":2.488999203402691,"standard_error":0.0005576207825368222},"median_abs_dev":{"confidence_interval":{"confidence_level":0.95,"lower_bound":0.0016812754139076535,"upper_bound":0.004351496448376535},"point_estimate":0.00281196834847845,"standard_error":0.0007341074554921383},"slope":{"confidence_interval":{"confidence_level":0.95,"lower_bound":2.492334304373258,"upper_bound":2.5005643676554947},"point_estimate":2.4959672753622093,"standard_error":0.0021310318367609377},"std_dev":{"confidence_interval":{"confidence_level":0.95,"lower_bound":0.009202018059629528,"upper_bound":0.03725149784425203},"point_estimate":0.023859827064686364,"standard_error":0.008133125598690122}}