{"mean":{"confidence_interval":{"confidence_level":0.95,"lower_bound":2.4877475552476778,"upper_bound":2.50535937259073},"point_estimate":2.4942174398864876,"standard_error":0.004978653672738716},"median":{"confidence_interval":{"confidence_level":0.95,"lower_bound":2.484958313275662,"upper_bound":2.486324881576661},"point_estimate":2.4856056182367667,"standard_error":0.00030773007556145877},"median_abs_dev":{"confidence_interval":{"confidence_level":0.95,"lower_bound":0.0018698721040091664,"upper_bound":0.0034747319273749164},"point_estimate":0.002473966092901931,"standard_error":0.00039299702167572086},"slope":{"confidence_interval":{"confidence_level":0.95,"lower_bound":2.488081407370857,"upper_bound":2.522517956758361},"point_estimate":2.499826116688899,"standard_error":0.009753532557428416},"std_dev":{"confidence_interval":{"confidence_level":0.95,"lower_bound":0.008020298291832338,"upper_bound":0.08486220390285142},"point_estimate":0.05024331745605275,"standard_error":0.026348441431110273}}