{"mean":{"confidence_interval":{"confidence_level":0.95,"lower_bound":2892301.6590625,"upper_bound":2894640.574},"point_estimate":2893361.96,"standard_error":599.3766750904083},"median":{"confidence_interval":{"confidence_level":0.95,"lower_bound":2891299.0,"upper_bound":2892070.5},"point_estimate":2891638.375,"standard_error":194.9328851266822},"median_abs_dev":{"confidence_interval":{"confidence_level":0.95,"lower_bound":1714.0708945691586,"upper_bound":2886.992798745632},"point_estimate":2261.5209348499775,"standard_error":284.09736326661056},"slope":null,"std_dev":{"confidence_interval":{"confidence_level":0.95,"lower_bound":3453.025028290267,"upper_bound":8421.204499878835},"point_estimate":5998.130004333758,"standard_error":1303.368706687661}}