{"mean":{"confidence_interval":{"confidence_level":0.95,"lower_bound":5.170885836231147,"upper_bound":5.188333386231246},"point_estimate":5.178357412577627,"standard_error":0.004510144589429932},"median":{"confidence_interval":{"confidence_level":0.95,"lower_bound":5.163772564014092,"upper_bound":5.173828033547555},"point_estimate":5.168670645085964,"standard_error":0.002654748716588242},"median_abs_dev":{"confidence_interval":{"confidence_level":0.95,"lower_bound":0.011835263853609454,"upper_bound":0.020685039386394277},"point_estimate":0.01709392182913061,"standard_error":0.002459971435359281},"slope":{"confidence_interval":{"confidence_level":0.95,"lower_bound":5.170734336427101,"upper_bound":5.196537765884086},"point_estimate":5.181219352707623,"standard_error":0.006741629858728612},"std_dev":{"confidence_interval":{"confidence_level":0.95,"lower_bound":0.018847541649997527,"upper_bound":0.07067376715724234},"point_estimate":0.04545960073147392,"standard_error":0.015208081826124658}}