{"mean":{"confidence_interval":{"confidence_level":0.95,"lower_bound":5472596.412875,"upper_bound":5478261.884},"point_estimate":5475273.235,"standard_error":1450.9291454382528},"median":{"confidence_interval":{"confidence_level":0.95,"lower_bound":5470630.5,"upper_bound":5473916.5},"point_estimate":5471892.5,"standard_error":894.131417192879},"median_abs_dev":{"confidence_interval":{"confidence_level":0.95,"lower_bound":7894.474209845066,"upper_bound":13026.966597475088},"point_estimate":10817.049407958984,"standard_error":1329.8508403930907},"slope":null,"std_dev":{"confidence_interval":{"confidence_level":0.95,"lower_bound":10438.5832550067,"upper_bound":18779.404150638904},"point_estimate":14578.603030658673,"standard_error":2181.353598843762}}