{"mean":{"confidence_interval":{"confidence_level":0.95,"lower_bound":6761850.80775,"upper_bound":6768182.097124999},"point_estimate":6764514.945,"standard_error":1642.384112143956},"median":{"confidence_interval":{"confidence_level":0.95,"lower_bound":6759545.0,"upper_bound":6762110.0},"point_estimate":6760418.75,"standard_error":588.5147836008172},"median_abs_dev":{"confidence_interval":{"confidence_level":0.95,"lower_bound":3134.216344356537,"upper_bound":5581.247600913048},"point_estimate":4374.040572345257,"standard_error":636.8035527192023},"slope":null,"std_dev":{"confidence_interval":{"confidence_level":0.95,"lower_bound":6718.743286336358,"upper_bound":25979.705031635844},"point_estimate":16570.120806435716,"standard_error":5888.613803162109}}