{"mean":{"confidence_interval":{"confidence_level":0.95,"lower_bound":5538521.283125,"upper_bound":5542808.37275},"point_estimate":5540516.76,"standard_error":1100.404695369922},"median":{"confidence_interval":{"confidence_level":0.95,"lower_bound":5535856.5,"upper_bound":5538145.75},"point_estimate":5536896.25,"standard_error":615.1834434271673},"median_abs_dev":{"confidence_interval":{"confidence_level":0.95,"lower_bound":2413.2928409054884,"upper_bound":4630.159717798233},"point_estimate":3309.53379124403,"standard_error":573.4007943191691},"slope":null,"std_dev":{"confidence_interval":{"confidence_level":0.95,"lower_bound":6988.613319504019,"upper_bound":14421.043964929315},"point_estimate":11084.025130489978,"standard_error":1900.9331365615346}}