{"mean":{"confidence_interval":{"confidence_level":0.95,"lower_bound":6843879.901375,"upper_bound":6847443.665125},"point_estimate":6845584.975,"standard_error":909.722662044799},"median":{"confidence_interval":{"confidence_level":0.95,"lower_bound":6841595.5,"upper_bound":6843934.5},"point_estimate":6842815.0,"standard_error":720.5348568865162},"median_abs_dev":{"confidence_interval":{"confidence_level":0.95,"lower_bound":3642.748135328293,"upper_bound":6809.961595349012},"point_estimate":5094.584159553051,"standard_error":903.7955799943529},"slope":null,"std_dev":{"confidence_interval":{"confidence_level":0.95,"lower_bound":7006.781973938687,"upper_bound":11177.009399746965},"point_estimate":9166.101119847397,"standard_error":1068.09040569248}}