{"mean":{"confidence_interval":{"confidence_level":0.95,"lower_bound":2.641536594877588,"upper_bound":2.6432117352858904},"point_estimate":2.642331122112593,"standard_error":0.0004270327355690086},"median":{"confidence_interval":{"confidence_level":0.95,"lower_bound":2.6405666294896273,"upper_bound":2.64174182992872},"point_estimate":2.641008077223379,"standard_error":0.00024647147582946633},"median_abs_dev":{"confidence_interval":{"confidence_level":0.95,"lower_bound":0.0015757247415844075,"upper_bound":0.002579063118406746},"point_estimate":0.0020097812227524996,"standard_error":0.00025783967962356147},"slope":{"confidence_interval":{"confidence_level":0.95,"lower_bound":2.641237455491131,"upper_bound":2.642889920821019},"point_estimate":2.6419799321050794,"standard_error":0.00042428332880082204},"std_dev":{"confidence_interval":{"confidence_level":0.95,"lower_bound":0.003092281627566047,"upper_bound":0.005361267745513667},"point_estimate":0.004297297749265494,"standard_error":0.0005814985866724906}}