{"mean":{"confidence_interval":{"confidence_level":0.95,"lower_bound":2.8915640927521524,"upper_bound":2.952157327172754},"point_estimate":2.9214359659868667,"standard_error":0.015509604249623398},"median":{"confidence_interval":{"confidence_level":0.95,"lower_bound":2.79981970104593,"upper_bound":2.836511633280143},"point_estimate":2.803071423302365,"standard_error":0.021075185711515988},"median_abs_dev":{"confidence_interval":{"confidence_level":0.95,"lower_bound":0.0054333779039109275,"upper_bound":0.06145802235847309},"point_estimate":0.011006966212480753,"standard_error":0.019763166833749443},"slope":{"confidence_interval":{"confidence_level":0.95,"lower_bound":2.811630579174733,"upper_bound":2.829185493114148},"point_estimate":2.819164224226642,"standard_error":0.004484920788733372},"std_dev":{"confidence_interval":{"confidence_level":0.95,"lower_bound":0.14339209302721317,"upper_bound":0.16412752635500993},"point_estimate":0.15602215493960925,"standard_error":0.005255501979366095}}