{"mean":{"confidence_interval":{"confidence_level":0.95,"lower_bound":2.9707427834265703,"upper_bound":2.984420432400257},"point_estimate":2.97697898744138,"standard_error":0.0034989398987088503},"median":{"confidence_interval":{"confidence_level":0.95,"lower_bound":2.9627534003548197,"upper_bound":2.9728409244541885},"point_estimate":2.9670330551484554,"standard_error":0.002743028970777279},"median_abs_dev":{"confidence_interval":{"confidence_level":0.95,"lower_bound":0.01206635859534317,"upper_bound":0.02177000474610344},"point_estimate":0.016384643445069517,"standard_error":0.002617542023260449},"slope":{"confidence_interval":{"confidence_level":0.95,"lower_bound":2.9714487697455545,"upper_bound":2.9963117860299375},"point_estimate":2.982066984831101,"standard_error":0.006441403071758986},"std_dev":{"confidence_interval":{"confidence_level":0.95,"lower_bound":0.018723476143296336,"upper_bound":0.05027885544837195},"point_estimate":0.035266300811305815,"standard_error":0.00822458101125126}}