{"mean":{"confidence_interval":{"confidence_level":0.95,"lower_bound":2.6467211684414496,"upper_bound":2.651456118480145},"point_estimate":2.6489025234445105,"standard_error":0.0012145471002575458},"median":{"confidence_interval":{"confidence_level":0.95,"lower_bound":2.6438363233605218,"upper_bound":2.645730627595913},"point_estimate":2.6444801962816826,"standard_error":0.0005557346975518286},"median_abs_dev":{"confidence_interval":{"confidence_level":0.95,"lower_bound":0.0023334134422050754,"upper_bound":0.004720619826130176},"point_estimate":0.0031001770599212186,"standard_error":0.0006153984811072571},"slope":{"confidence_interval":{"confidence_level":0.95,"lower_bound":2.646607895366912,"upper_bound":2.651381332295868},"point_estimate":2.6488325991046047,"standard_error":0.001228761799134346},"std_dev":{"confidence_interval":{"confidence_level":0.95,"lower_bound":0.007250373751650154,"upper_bound":0.01644355813940937},"point_estimate":0.012219991987168,"standard_error":0.0023476406043140673}}