{"mean":{"confidence_interval":{"confidence_level":0.95,"lower_bound":2982.9509756085035,"upper_bound":2998.935242788693},"point_estimate":2989.5689422337077,"standard_error":4.160681110712507},"median":{"confidence_interval":{"confidence_level":0.95,"lower_bound":2981.4789687924017,"upper_bound":2984.300316598824},"point_estimate":2982.924659504553,"standard_error":0.72021818705931},"median_abs_dev":{"confidence_interval":{"confidence_level":0.95,"lower_bound":5.364298775091473,"upper_bound":9.254448044656442},"point_estimate":6.8363374713004115,"standard_error":0.9662946970409545},"slope":{"confidence_interval":{"confidence_level":0.95,"lower_bound":2982.5553361200687,"upper_bound":2987.137381592874},"point_estimate":2984.647470097422,"standard_error":1.167993466020462},"std_dev":{"confidence_interval":{"confidence_level":0.95,"lower_bound":12.093296453283696,"upper_bound":66.77677032987867},"point_estimate":41.78179604361669,"standard_error":15.783239852234768}}