{"mean":{"confidence_interval":{"confidence_level":0.95,"lower_bound":2440.0697461838727,"upper_bound":2468.90895498111},"point_estimate":2451.7775938138207,"standard_error":7.585708386903845},"median":{"confidence_interval":{"confidence_level":0.95,"lower_bound":2437.8749742468185,"upper_bound":2441.4798711755234},"point_estimate":2439.3649069095977,"standard_error":0.9688541276807185},"median_abs_dev":{"confidence_interval":{"confidence_level":0.95,"lower_bound":5.531367062756747,"upper_bound":10.039755257403352},"point_estimate":7.2386621897876315,"standard_error":1.1159342824541452},"slope":{"confidence_interval":{"confidence_level":0.95,"lower_bound":2439.436135582646,"upper_bound":2446.080797020865},"point_estimate":2442.368616944613,"standard_error":1.7182010263813694},"std_dev":{"confidence_interval":{"confidence_level":0.95,"lower_bound":10.411717997669863,"upper_bound":122.53165590944809},"point_estimate":76.52828706302361,"standard_error":30.500999283812355}}