{"mean":{"confidence_interval":{"confidence_level":0.95,"lower_bound":2996.3568192619946,"upper_bound":3020.8932261817718},"point_estimate":3006.258416372821,"standard_error":6.415337061224663},"median":{"confidence_interval":{"confidence_level":0.95,"lower_bound":2992.796849736609,"upper_bound":2997.968031968032},"point_estimate":2996.404632891302,"standard_error":1.5746453939885754},"median_abs_dev":{"confidence_interval":{"confidence_level":0.95,"lower_bound":10.115949715941682,"upper_bound":17.01082496429697},"point_estimate":14.1914335354203,"standard_error":1.8246097885454142},"slope":{"confidence_interval":{"confidence_level":0.95,"lower_bound":2997.715374859711,"upper_bound":3015.1516220034596},"point_estimate":3004.988642789652,"standard_error":4.544182404545204},"std_dev":{"confidence_interval":{"confidence_level":0.95,"lower_bound":20.031416100327487,"upper_bound":104.18398239431161},"point_estimate":64.4579393749588,"standard_error":25.856478730384342}}