{"mean":{"confidence_interval":{"confidence_level":0.95,"lower_bound":3029.2730112964937,"upper_bound":3037.883296349877},"point_estimate":3033.1641721963624,"standard_error":2.204269515034913},"median":{"confidence_interval":{"confidence_level":0.95,"lower_bound":3025.4723707664884,"upper_bound":3028.883116883117},"point_estimate":3026.939195230999,"standard_error":0.8975054323844052},"median_abs_dev":{"confidence_interval":{"confidence_level":0.95,"lower_bound":4.635806590066713,"upper_bound":9.529680137249548},"point_estimate":6.557446494041514,"standard_error":1.2872559318042647},"slope":{"confidence_interval":{"confidence_level":0.95,"lower_bound":3025.7727174947413,"upper_bound":3029.8203632104996},"point_estimate":3027.6860611434277,"standard_error":1.0310394094629163},"std_dev":{"confidence_interval":{"confidence_level":0.95,"lower_bound":11.362614797506051,"upper_bound":31.387827095655766},"point_estimate":22.152227398000292,"standard_error":5.123400716509219}}