{"mean":{"confidence_interval":{"confidence_level":0.95,"lower_bound":575.156776739846,"upper_bound":579.2648602429421},"point_estimate":576.9335935249878,"standard_error":1.062284503339206},"median":{"confidence_interval":{"confidence_level":0.95,"lower_bound":574.6729182295574,"upper_bound":576.0145348837209},"point_estimate":575.3046424667064,"standard_error":0.3647790620061099},"median_abs_dev":{"confidence_interval":{"confidence_level":0.95,"lower_bound":2.385234264667875,"upper_bound":3.6882514100830504},"point_estimate":3.0561408093960547,"standard_error":0.3323774950349349},"slope":{"confidence_interval":{"confidence_level":0.95,"lower_bound":574.3676330588773,"upper_bound":576.3266242156809},"point_estimate":575.2764435478605,"standard_error":0.499637521444473},"std_dev":{"confidence_interval":{"confidence_level":0.95,"lower_bound":3.614176464258142,"upper_bound":16.00458374739924},"point_estimate":10.65678449107681,"standard_error":3.245274852622297}}