{"mean":{"confidence_interval":{"confidence_level":0.95,"lower_bound":645.0220530644239,"upper_bound":646.1516790790762},"point_estimate":645.5467364545979,"standard_error":0.28883340906879984},"median":{"confidence_interval":{"confidence_level":0.95,"lower_bound":644.7191458559537,"upper_bound":645.349411175144},"point_estimate":644.8928397866976,"standard_error":0.16679161860698852},"median_abs_dev":{"confidence_interval":{"confidence_level":0.95,"lower_bound":0.9846347885601394,"upper_bound":1.612248530635131},"point_estimate":1.2167154027401745,"standard_error":0.15607728766866594},"slope":{"confidence_interval":{"confidence_level":0.95,"lower_bound":644.9731768623301,"upper_bound":646.605583370331},"point_estimate":645.6466129410354,"standard_error":0.4251128987244128},"std_dev":{"confidence_interval":{"confidence_level":0.95,"lower_bound":1.7761624021871962,"upper_bound":4.0092921128342205},"point_estimate":2.9108028850848826,"standard_error":0.5864240386509748}}