{"mean":{"confidence_interval":{"confidence_level":0.95,"lower_bound":526.0851339742138,"upper_bound":527.6607750466221},"point_estimate":526.7828619971218,"standard_error":0.4041861588534831},"median":{"confidence_interval":{"confidence_level":0.95,"lower_bound":526.0217699528191,"upper_bound":526.7491474043198},"point_estimate":526.4253086984359,"standard_error":0.1615686299438717},"median_abs_dev":{"confidence_interval":{"confidence_level":0.95,"lower_bound":1.067845443007045,"upper_bound":2.058758168962328},"point_estimate":1.688707172483896,"standard_error":0.2704521619871617},"slope":{"confidence_interval":{"confidence_level":0.95,"lower_bound":526.3505042238296,"upper_bound":527.2015373504571},"point_estimate":526.7433336299306,"standard_error":0.2169430575418982},"std_dev":{"confidence_interval":{"confidence_level":0.95,"lower_bound":2.0039661287719106,"upper_bound":6.110127986607306},"point_estimate":4.065793233167081,"standard_error":1.1597605625130951}}