{"mean":{"confidence_interval":{"confidence_level":0.95,"lower_bound":522.5355652176382,"upper_bound":525.3928725358512},"point_estimate":523.809386256188,"standard_error":0.7329139704533819},"median":{"confidence_interval":{"confidence_level":0.95,"lower_bound":521.8869534305012,"upper_bound":523.0021424199143},"point_estimate":522.5556896551724,"standard_error":0.276899637916767},"median_abs_dev":{"confidence_interval":{"confidence_level":0.95,"lower_bound":1.6100341660562973,"upper_bound":2.5986200103382657},"point_estimate":2.0423173978242293,"standard_error":0.2491109112831751},"slope":{"confidence_interval":{"confidence_level":0.95,"lower_bound":522.6517127492202,"upper_bound":526.371045571491},"point_estimate":524.2585674511075,"standard_error":0.9546921063154018},"std_dev":{"confidence_interval":{"confidence_level":0.95,"lower_bound":3.2111597175037483,"upper_bound":10.584204047924745},"point_estimate":7.370416108328414,"standard_error":1.8444806232380206}}