{"mean":{"confidence_interval":{"confidence_level":0.95,"lower_bound":551.3450990706548,"upper_bound":553.1669546508914},"point_estimate":552.2294517968305,"standard_error":0.46505317691379305},"median":{"confidence_interval":{"confidence_level":0.95,"lower_bound":551.4084781331319,"upper_bound":552.5531826169839},"point_estimate":551.9748295333475,"standard_error":0.2965879263956112},"median_abs_dev":{"confidence_interval":{"confidence_level":0.95,"lower_bound":1.9438463547467144,"upper_bound":3.0375400769859264},"point_estimate":2.4818647508065452,"standard_error":0.2785510447900504},"slope":{"confidence_interval":{"confidence_level":0.95,"lower_bound":551.7567495763963,"upper_bound":553.2087650062147},"point_estimate":552.4362095667954,"standard_error":0.36995544572559874},"std_dev":{"confidence_interval":{"confidence_level":0.95,"lower_bound":3.1442956511030093,"upper_bound":6.042901112027529},"point_estimate":4.677087510158452,"standard_error":0.7446401154445214}}