{"mean":{"confidence_interval":{"confidence_level":0.95,"lower_bound":524.4031871112563,"upper_bound":525.0078033758671},"point_estimate":524.7009149540683,"standard_error":0.1539103535716521},"median":{"confidence_interval":{"confidence_level":0.95,"lower_bound":524.2076481006253,"upper_bound":524.9487372785526},"point_estimate":524.5249850792909,"standard_error":0.1716945952257831},"median_abs_dev":{"confidence_interval":{"confidence_level":0.95,"lower_bound":0.986409296362339,"upper_bound":1.6159798069103406},"point_estimate":1.228432379940749,"standard_error":0.16231026125654033},"slope":{"confidence_interval":{"confidence_level":0.95,"lower_bound":524.5304410102985,"upper_bound":525.2656383428156},"point_estimate":524.8886573870635,"standard_error":0.18761782771043045},"std_dev":{"confidence_interval":{"confidence_level":0.95,"lower_bound":1.2467755112321246,"upper_bound":1.8244676122368628},"point_estimate":1.54771305438865,"standard_error":0.14786931564302994}}