{"mean":{"confidence_interval":{"confidence_level":0.95,"lower_bound":3.1163619115213956,"upper_bound":3.1329074898492575},"point_estimate":3.1234424840732165,"standard_error":0.004283711850569404},"median":{"confidence_interval":{"confidence_level":0.95,"lower_bound":3.1115262413175113,"upper_bound":3.114607382209473},"point_estimate":3.112501956317145,"standard_error":0.0006929809838917617},"median_abs_dev":{"confidence_interval":{"confidence_level":0.95,"lower_bound":0.003031728528951233,"upper_bound":0.005708931116027077},"point_estimate":0.0042205932212426535,"standard_error":0.0006207759745914347},"slope":{"confidence_interval":{"confidence_level":0.95,"lower_bound":3.1185141979567392,"upper_bound":3.1407179310089637},"point_estimate":3.1277978863899145,"standard_error":0.005744958310177261},"std_dev":{"confidence_interval":{"confidence_level":0.95,"lower_bound":0.012379580490543931,"upper_bound":0.06704759725594495},"point_estimate":0.04310092710256075,"standard_error":0.014333065143585613}}