{"mean":{"confidence_interval":{"confidence_level":0.95,"lower_bound":13190125.26975,"upper_bound":13234023.31475},"point_estimate":13209446.15,"standard_error":11291.204842177876},"median":{"confidence_interval":{"confidence_level":0.95,"lower_bound":13188209.0,"upper_bound":13192817.5},"point_estimate":13190137.5,"standard_error":1105.2207975475924},"median_abs_dev":{"confidence_interval":{"confidence_level":0.95,"lower_bound":7590.170565247536,"upper_bound":13829.692554473877},"point_estimate":10783.690908551216,"standard_error":1524.3097876825416},"slope":null,"std_dev":{"confidence_interval":{"confidence_level":0.95,"lower_bound":37563.72395422689,"upper_bound":166730.96931344678},"point_estimate":113632.08830845672,"standard_error":32103.022381239694}}