{"mean":{"confidence_interval":{"confidence_level":0.95,"lower_bound":13539973.9175,"upper_bound":13594180.20975},"point_estimate":13564413.55,"standard_error":13867.096644414465},"median":{"confidence_interval":{"confidence_level":0.95,"lower_bound":13515807.0,"upper_bound":13522169.0},"point_estimate":13519013.5,"standard_error":1717.7446667638408},"median_abs_dev":{"confidence_interval":{"confidence_level":0.95,"lower_bound":9684.343028068542,"upper_bound":19353.8600564003},"point_estimate":12781.494373083115,"standard_error":2368.3843326503215},"slope":null,"std_dev":{"confidence_interval":{"confidence_level":0.95,"lower_bound":77700.65487715894,"upper_bound":194795.14640559338},"point_estimate":138691.04610975314,"standard_error":30608.16081331032}}