{"mean":{"confidence_interval":{"confidence_level":0.95,"lower_bound":10945021.6455,"upper_bound":10957240.855999999},"point_estimate":10950447.26,"standard_error":3137.531424991496},"median":{"confidence_interval":{"confidence_level":0.95,"lower_bound":10939610.0,"upper_bound":10948938.0},"point_estimate":10945917.0,"standard_error":2442.367954938178},"median_abs_dev":{"confidence_interval":{"confidence_level":0.95,"lower_bound":13270.752364397049,"upper_bound":23476.970583200455},"point_estimate":16301.928010582924,"standard_error":2751.944137603623},"slope":null,"std_dev":{"confidence_interval":{"confidence_level":0.95,"lower_bound":16578.119547165792,"upper_bound":47080.96885749396},"point_estimate":31678.777250922034,"standard_error":8863.53107010415}}