{"mean":{"confidence_interval":{"confidence_level":0.95,"lower_bound":5.253399157654951,"upper_bound":5.262521543811701},"point_estimate":5.257629384025566,"standard_error":0.0023199911778332095},"median":{"confidence_interval":{"confidence_level":0.95,"lower_bound":5.25086442445782,"upper_bound":5.258616008178416},"point_estimate":5.254607269669032,"standard_error":0.0019414961746822693},"median_abs_dev":{"confidence_interval":{"confidence_level":0.95,"lower_bound":0.00989335745702879,"upper_bound":0.015907780689351503},"point_estimate":0.012504537815574418,"standard_error":0.0015289661325061338},"slope":{"confidence_interval":{"confidence_level":0.95,"lower_bound":5.257572418868264,"upper_bound":5.26871463645947},"point_estimate":5.262636919958203,"standard_error":0.0028614366256321643},"std_dev":{"confidence_interval":{"confidence_level":0.95,"lower_bound":0.014325540148767947,"upper_bound":0.03197530661563306},"point_estimate":0.023381120240729168,"standard_error":0.004600072167131532}}