{"mean":{"confidence_interval":{"confidence_level":0.95,"lower_bound":5.164287996535184,"upper_bound":5.174342823396185},"point_estimate":5.1684088110765405,"standard_error":0.002628436851638301},"median":{"confidence_interval":{"confidence_level":0.95,"lower_bound":5.161835409325745,"upper_bound":5.164452389630664},"point_estimate":5.163366328740633,"standard_error":0.0006806858320383606},"median_abs_dev":{"confidence_interval":{"confidence_level":0.95,"lower_bound":0.004047764460244948,"upper_bound":0.006986433495952981},"point_estimate":0.005504520728755539,"standard_error":0.0007668595507692952},"slope":{"confidence_interval":{"confidence_level":0.95,"lower_bound":5.163778942618307,"upper_bound":5.170304913630531},"point_estimate":5.166708323802909,"standard_error":0.0016785455432336525},"std_dev":{"confidence_interval":{"confidence_level":0.95,"lower_bound":0.008862367609506702,"upper_bound":0.04240265606703126},"point_estimate":0.026465479134481693,"standard_error":0.010261711536918952}}