{"mean":{"confidence_interval":{"confidence_level":0.95,"lower_bound":5.244994204065341,"upper_bound":5.258361510073376},"point_estimate":5.25089099038671,"standard_error":0.0034391111789827265},"median":{"confidence_interval":{"confidence_level":0.95,"lower_bound":5.240603657924791,"upper_bound":5.246385169217343},"point_estimate":5.2418582328799515,"standard_error":0.0015041112850006516},"median_abs_dev":{"confidence_interval":{"confidence_level":0.95,"lower_bound":0.009846836530670621,"upper_bound":0.014147611860251132},"point_estimate":0.012775633823974803,"standard_error":0.0010580050385228619},"slope":{"confidence_interval":{"confidence_level":0.95,"lower_bound":5.246078697194086,"upper_bound":5.259066928523673},"point_estimate":5.251949360161138,"standard_error":0.0033340562706704485},"std_dev":{"confidence_interval":{"confidence_level":0.95,"lower_bound":0.01730974884346171,"upper_bound":0.051122715968703575},"point_estimate":0.034491339952048485,"standard_error":0.009419048800478466}}