{"mean":{"confidence_interval":{"confidence_level":0.95,"lower_bound":64063.0183077618,"upper_bound":64361.855950758196},"point_estimate":64188.5242031518,"standard_error":77.4118524457136},"median":{"confidence_interval":{"confidence_level":0.95,"lower_bound":63973.51125423427,"upper_bound":64109.01139937107},"point_estimate":64040.47839615932,"standard_error":36.1373539993614},"median_abs_dev":{"confidence_interval":{"confidence_level":0.95,"lower_bound":178.04574738172295,"upper_bound":347.8974399489496},"point_estimate":252.93773300945938,"standard_error":44.391779165861514},"slope":{"confidence_interval":{"confidence_level":0.95,"lower_bound":64039.88784587472,"upper_bound":64229.40604752135},"point_estimate":64125.624825624356,"standard_error":48.46279848157718},"std_dev":{"confidence_interval":{"confidence_level":0.95,"lower_bound":274.6319542670118,"upper_bound":1221.8885216316041},"point_estimate":775.8837530749117,"standard_error":273.24499465514145}}