{"mean":{"confidence_interval":{"confidence_level":0.95,"lower_bound":68333.5383249499,"upper_bound":68541.98560651751},"point_estimate":68419.59474503754,"standard_error":54.51417043119755},"median":{"confidence_interval":{"confidence_level":0.95,"lower_bound":68278.56284153006,"upper_bound":68347.9298245614},"point_estimate":68325.52804132405,"standard_error":19.766314734527796},"median_abs_dev":{"confidence_interval":{"confidence_level":0.95,"lower_bound":102.15589399974792,"upper_bound":191.43146333268282},"point_estimate":157.39009576338665,"standard_error":23.82801861902885},"slope":{"confidence_interval":{"confidence_level":0.95,"lower_bound":68295.27439547327,"upper_bound":68408.11784939705},"point_estimate":68343.66486971085,"standard_error":29.15465069273621},"std_dev":{"confidence_interval":{"confidence_level":0.95,"lower_bound":198.06004841087042,"upper_bound":879.0717592421978},"point_estimate":549.3263458960062,"standard_error":214.02313105127206}}