{"mean":{"confidence_interval":{"confidence_level":0.95,"lower_bound":81684.06472958604,"upper_bound":83218.02320409068},"point_estimate":82323.22386869474,"standard_error":400.4760854151092},"median":{"confidence_interval":{"confidence_level":0.95,"lower_bound":81463.94011882426,"upper_bound":81508.80256449088},"point_estimate":81485.26932850518,"standard_error":11.602929000808654},"median_abs_dev":{"confidence_interval":{"confidence_level":0.95,"lower_bound":81.92998708867482,"upper_bound":156.5583667645274},"point_estimate":109.81584196443367,"standard_error":18.192363489974724},"slope":{"confidence_interval":{"confidence_level":0.95,"lower_bound":81548.97392674834,"upper_bound":81724.84724711717},"point_estimate":81626.72410423133,"standard_error":44.89838974916178},"std_dev":{"confidence_interval":{"confidence_level":0.95,"lower_bound":799.0070257448102,"upper_bound":6424.4839368947505},"point_estimate":4025.0736213416158,"standard_error":1486.6184575120617}}