{"mean":{"confidence_interval":{"confidence_level":0.95,"lower_bound":81606.55879316421,"upper_bound":81927.46310514273},"point_estimate":81743.7661360114,"standard_error":82.87416374008394},"median":{"confidence_interval":{"confidence_level":0.95,"lower_bound":81492.98838383838,"upper_bound":81541.81081279342},"point_estimate":81518.45155195682,"standard_error":9.980551309201603},"median_abs_dev":{"confidence_interval":{"confidence_level":0.95,"lower_bound":62.92126704618733,"upper_bound":123.96495538538935},"point_estimate":92.00702263337516,"standard_error":15.960933712810844},"slope":{"confidence_interval":{"confidence_level":0.95,"lower_bound":81599.57904222449,"upper_bound":82091.56139629665},"point_estimate":81804.87872124526,"standard_error":127.79487119896068},"std_dev":{"confidence_interval":{"confidence_level":0.95,"lower_bound":344.7348132872285,"upper_bound":1274.4829426839574},"point_estimate":830.0556560772156,"standard_error":263.814728701239}}