{"mean":{"confidence_interval":{"confidence_level":0.95,"lower_bound":707035.0519999998,"upper_bound":708123.1683035716},"point_estimate":707566.0957142859,"standard_error":276.9287632293234},"median":{"confidence_interval":{"confidence_level":0.95,"lower_bound":706266.4285714286,"upper_bound":707693.0},"point_estimate":706831.0,"standard_error":344.63770822010105},"median_abs_dev":{"confidence_interval":{"confidence_level":0.95,"lower_bound":1623.0233711855383,"upper_bound":3174.5642436401813},"point_estimate":2412.4549071703764,"standard_error":400.28727327711925},"slope":null,"std_dev":{"confidence_interval":{"confidence_level":0.95,"lower_bound":2335.4186665019674,"upper_bound":3177.8235583973683},"point_estimate":2776.0744307798814,"standard_error":215.98979982949666}}