{"mean":{"confidence_interval":{"confidence_level":0.95,"lower_bound":1074720.686125,"upper_bound":1075910.5990749998},"point_estimate":1075289.4819999998,"standard_error":303.0994040183043},"median":{"confidence_interval":{"confidence_level":0.95,"lower_bound":1074402.65,"upper_bound":1075299.9},"point_estimate":1074854.0,"standard_error":257.6595133148806},"median_abs_dev":{"confidence_interval":{"confidence_level":0.95,"lower_bound":1654.6557006240582,"upper_bound":3161.4961838720847},"point_estimate":2430.1296168567133,"standard_error":395.3913372526723},"slope":null,"std_dev":{"confidence_interval":{"confidence_level":0.95,"lower_bound":2225.357637306054,"upper_bound":3990.211393823282},"point_estimate":3054.1019793515097,"standard_error":477.18364093575735}}