{"mean":{"confidence_interval":{"confidence_level":0.95,"lower_bound":999368.224475,"upper_bound":1003897.7565750004},"point_estimate":1001373.5320000004,"standard_error":1167.235707915041},"median":{"confidence_interval":{"confidence_level":0.95,"lower_bound":998055.0,"upper_bound":999840.3},"point_estimate":999008.3500000001,"standard_error":539.3701402615653},"median_abs_dev":{"confidence_interval":{"confidence_level":0.95,"lower_bound":2260.8166998624283,"upper_bound":3928.8899302482605},"point_estimate":3195.8183732629514,"standard_error":427.17973329263685},"slope":null,"std_dev":{"confidence_interval":{"confidence_level":0.95,"lower_bound":5351.692965844739,"upper_bound":16592.366716882567},"point_estimate":11734.623506210195,"standard_error":2894.415408951834}}