{"mean":{"confidence_interval":{"confidence_level":0.95,"lower_bound":1606040.382,"upper_bound":1612126.4516071435},"point_estimate":1608543.141428571,"standard_error":1589.7334316562033},"median":{"confidence_interval":{"confidence_level":0.95,"lower_bound":1604502.2857142857,"upper_bound":1606905.2857142857},"point_estimate":1605893.4285714286,"standard_error":552.4299388359655},"median_abs_dev":{"confidence_interval":{"confidence_level":0.95,"lower_bound":3347.393040572017,"upper_bound":6258.795788884163},"point_estimate":4586.740718569124,"standard_error":726.5823011333432},"slope":null,"std_dev":{"confidence_interval":{"confidence_level":0.95,"lower_bound":5187.206600406201,"upper_bound":25494.70917400833},"point_estimate":15929.337758133455,"standard_error":6084.372933914431}}