{"mean":{"confidence_interval":{"confidence_level":0.95,"lower_bound":953741.8749318183,"upper_bound":977170.2814545459},"point_estimate":962662.6063636364,"standard_error":6269.4419588909595},"median":{"confidence_interval":{"confidence_level":0.95,"lower_bound":951903.9545454546,"upper_bound":953713.6818181819},"point_estimate":952716.3181818181,"standard_error":467.3066575545565},"median_abs_dev":{"confidence_interval":{"confidence_level":0.95,"lower_bound":3097.6904722777435,"upper_bound":5297.464487769348},"point_estimate":3920.6682394851105,"standard_error":549.0017562877954},"slope":null,"std_dev":{"confidence_interval":{"confidence_level":0.95,"lower_bound":6620.508484140105,"upper_bound":104817.3766227275},"point_estimate":63072.32377922537,"standard_error":29491.897226529163}}