{"mean":{"confidence_interval":{"confidence_level":0.95,"lower_bound":740781.1616071431,"upper_bound":742918.9243035715},"point_estimate":741586.9928571426,"standard_error":584.5144279731153},"median":{"confidence_interval":{"confidence_level":0.95,"lower_bound":740375.25,"upper_bound":740810.9642857143},"point_estimate":740521.142857143,"standard_error":113.87259483518378},"median_abs_dev":{"confidence_interval":{"confidence_level":0.95,"lower_bound":621.782572711131,"upper_bound":1116.5036801781712},"point_estimate":853.7128348437277,"standard_error":127.99802778712935},"slope":null,"std_dev":{"confidence_interval":{"confidence_level":0.95,"lower_bound":1159.2022466049968,"upper_bound":9840.930873667365},"point_estimate":5876.165226223054,"standard_error":2877.1938208098477}}