{"mean":{"confidence_interval":{"confidence_level":0.95,"lower_bound":979810.8463863636,"upper_bound":981523.7667954542},"point_estimate":980634.1181818184,"standard_error":435.4305306748938},"median":{"confidence_interval":{"confidence_level":0.95,"lower_bound":979098.0,"upper_bound":981048.9090909091},"point_estimate":980017.4545454546,"standard_error":518.0639889659426},"median_abs_dev":{"confidence_interval":{"confidence_level":0.95,"lower_bound":3139.5082153990006,"upper_bound":4824.043359810711},"point_estimate":4017.2394104978,"standard_error":429.5463837300167},"slope":null,"std_dev":{"confidence_interval":{"confidence_level":0.95,"lower_bound":3384.9095665596833,"upper_bound":5390.547906641718},"point_estimate":4396.282372942646,"standard_error":517.9275973513671}}