{"mean":{"confidence_interval":{"confidence_level":0.95,"lower_bound":714119.4264833332,"upper_bound":716833.5351666666},"point_estimate":715280.5153333333,"standard_error":703.8457786533635},"median":{"confidence_interval":{"confidence_level":0.95,"lower_bound":713466.9,"upper_bound":714053.7333333333},"point_estimate":713630.9666666667,"standard_error":171.26081467769055},"median_abs_dev":{"confidence_interval":{"confidence_level":0.95,"lower_bound":957.8584229945907,"upper_bound":1637.5378484278888},"point_estimate":1270.1928174495754,"standard_error":177.17326104081516},"slope":null,"std_dev":{"confidence_interval":{"confidence_level":0.95,"lower_bound":2092.7453979329644,"upper_bound":10921.130839979964},"point_estimate":7054.881938281077,"standard_error":2291.5813462688475}}