{"mean":{"confidence_interval":{"confidence_level":0.95,"lower_bound":1108143.450805556,"upper_bound":1111356.354222222},"point_estimate":1109531.5400000003,"standard_error":827.4666659624178},"median":{"confidence_interval":{"confidence_level":0.95,"lower_bound":1106975.6666666667,"upper_bound":1108826.2222222222},"point_estimate":1108001.9444444445,"standard_error":514.3641316089486},"median_abs_dev":{"confidence_interval":{"confidence_level":0.95,"lower_bound":3205.875343084393,"upper_bound":5260.59417327249},"point_estimate":4488.324320316372,"standard_error":522.3815645507983},"slope":null,"std_dev":{"confidence_interval":{"confidence_level":0.95,"lower_bound":3967.0423886534977,"upper_bound":12733.670027892917},"point_estimate":8309.820036711317,"standard_error":2664.2549618785697}}