{"mean":{"confidence_interval":{"confidence_level":0.95,"lower_bound":1018845.7458250002,"upper_bound":1022735.0354749996},"point_estimate":1020352.8859999999,"standard_error":1043.7461629538823},"median":{"confidence_interval":{"confidence_level":0.95,"lower_bound":1018367.1499999999,"upper_bound":1019225.75},"point_estimate":1018849.9,"standard_error":242.32140552695557},"median_abs_dev":{"confidence_interval":{"confidence_level":0.95,"lower_bound":1832.0487874747357,"upper_bound":3481.600637689297},"point_estimate":2588.3230340481496,"standard_error":438.49814430889955},"slope":null,"std_dev":{"confidence_interval":{"confidence_level":0.95,"lower_bound":2697.758739009079,"upper_bound":17448.680718660842},"point_estimate":10529.793853134022,"standard_error":4886.694374033341}}