{"mean":{"confidence_interval":{"confidence_level":0.95,"lower_bound":1098524.3021666675,"upper_bound":1102616.6130833342},"point_estimate":1100269.8944444447,"standard_error":1060.959937516799},"median":{"confidence_interval":{"confidence_level":0.95,"lower_bound":1097813.2222222222,"upper_bound":1099589.888888889},"point_estimate":1099107.388888889,"standard_error":425.4179376828455},"median_abs_dev":{"confidence_interval":{"confidence_level":0.95,"lower_bound":2813.151083389822,"upper_bound":4783.032248417729},"point_estimate":3666.38736824185,"standard_error":495.3554378511465},"slope":null,"std_dev":{"confidence_interval":{"confidence_level":0.95,"lower_bound":3378.756541732084,"upper_bound":16252.939045324361},"point_estimate":10633.219340347314,"standard_error":3505.9616156083334}}