{"mean":{"confidence_interval":{"confidence_level":0.95,"lower_bound":1050643.0528750005,"upper_bound":1052200.7103750007},"point_estimate":1051359.38,"standard_error":398.72470828410843},"median":{"confidence_interval":{"confidence_level":0.95,"lower_bound":1050077.9,"upper_bound":1051244.1},"point_estimate":1050782.7,"standard_error":299.49317108499713},"median_abs_dev":{"confidence_interval":{"confidence_level":0.95,"lower_bound":1720.7796594500887,"upper_bound":3035.3287793622103},"point_estimate":2261.4097398520207,"standard_error":337.76769276420885},"slope":null,"std_dev":{"confidence_interval":{"confidence_level":0.95,"lower_bound":2402.9664878652575,"upper_bound":5678.1421969557805},"point_estimate":4007.5789029328316,"standard_error":882.870109775677}}