{"mean":{"confidence_interval":{"confidence_level":0.95,"lower_bound":950362.915,"upper_bound":953555.2736136363},"point_estimate":951750.287272727,"standard_error":822.6429273824402},"median":{"confidence_interval":{"confidence_level":0.95,"lower_bound":949319.0454545454,"upper_bound":951311.3636363636},"point_estimate":950136.4090909091,"standard_error":487.3757852434146},"median_abs_dev":{"confidence_interval":{"confidence_level":0.95,"lower_bound":2475.2006560563177,"upper_bound":4456.02161179883},"point_estimate":3397.512621500236,"standard_error":495.8668116044597},"slope":null,"std_dev":{"confidence_interval":{"confidence_level":0.95,"lower_bound":3441.5753612552016,"upper_bound":12594.807497633285},"point_estimate":8276.08646070435,"standard_error":2490.8375885090823}}