{"mean":{"confidence_interval":{"confidence_level":0.95,"lower_bound":1070513.2652,"upper_bound":1072293.1239749999},"point_estimate":1071346.0899999996,"standard_error":455.5426350894701},"median":{"confidence_interval":{"confidence_level":0.95,"lower_bound":1069626.7,"upper_bound":1071834.9},"point_estimate":1071036.35,"standard_error":546.3727159524451},"median_abs_dev":{"confidence_interval":{"confidence_level":0.95,"lower_bound":3108.1967148184085,"upper_bound":4798.583074808259},"point_estimate":4132.450906634227,"standard_error":433.9129782315457},"slope":null,"std_dev":{"confidence_interval":{"confidence_level":0.95,"lower_bound":3142.896249827554,"upper_bound":6257.244966178362},"point_estimate":4578.357306762306,"standard_error":898.4770479377802}}