{"mean":{"confidence_interval":{"confidence_level":0.95,"lower_bound":915989.3026818181,"upper_bound":919134.8110454543},"point_estimate":917369.6999999998,"standard_error":807.4900878884315},"median":{"confidence_interval":{"confidence_level":0.95,"lower_bound":914984.9090909091,"upper_bound":916820.3636363636},"point_estimate":915857.1363636364,"standard_error":464.6498647960591},"median_abs_dev":{"confidence_interval":{"confidence_level":0.95,"lower_bound":3752.5953151961717,"upper_bound":6230.289434844766},"point_estimate":4854.841004718371,"standard_error":643.6769710331924},"slope":null,"std_dev":{"confidence_interval":{"confidence_level":0.95,"lower_bound":4223.085553241377,"upper_bound":12192.731045804681},"point_estimate":8081.56157667393,"standard_error":2432.527374890504}}