{"mean":{"confidence_interval":{"confidence_level":0.95,"lower_bound":949271.1614318183,"upper_bound":952837.4169090915},"point_estimate":950778.6718181822,"standard_error":926.461886722157},"median":{"confidence_interval":{"confidence_level":0.95,"lower_bound":947900.8181818182,"upper_bound":950429.0909090909},"point_estimate":949079.3181818181,"standard_error":725.0816282479361},"median_abs_dev":{"confidence_interval":{"confidence_level":0.95,"lower_bound":2875.570039857455,"upper_bound":5169.773880263595},"point_estimate":4061.7848006160757,"standard_error":570.257142998498},"slope":null,"std_dev":{"confidence_interval":{"confidence_level":0.95,"lower_bound":4023.5106176967715,"upper_bound":14587.06729971593},"point_estimate":9334.52863491844,"standard_error":3266.9922362820275}}