{"mean":{"confidence_interval":{"confidence_level":0.95,"lower_bound":1015127.9581500001,"upper_bound":1023769.3284000002},"point_estimate":1018488.3850000001,"standard_error":2295.5030403137616},"median":{"confidence_interval":{"confidence_level":0.95,"lower_bound":1013423.35,"upper_bound":1015931.5},"point_estimate":1014553.0,"standard_error":624.516275569381},"median_abs_dev":{"confidence_interval":{"confidence_level":0.95,"lower_bound":3349.563990533352,"upper_bound":5649.669589698176},"point_estimate":4461.291580796207,"standard_error":563.2466581656811},"slope":null,"std_dev":{"confidence_interval":{"confidence_level":0.95,"lower_bound":4895.244152477837,"upper_bound":38153.88079523866},"point_estimate":23084.832434714855,"standard_error":10362.14232554308}}