{"mean":{"confidence_interval":{"confidence_level":0.95,"lower_bound":1240623.723388889,"upper_bound":1245222.4111388896},"point_estimate":1242553.7622222223,"standard_error":1193.7164233084375},"median":{"confidence_interval":{"confidence_level":0.95,"lower_bound":1239625.5555555555,"upper_bound":1241194.111111111},"point_estimate":1240378.1666666665,"standard_error":417.30145995536213},"median_abs_dev":{"confidence_interval":{"confidence_level":0.95,"lower_bound":2539.842014908641,"upper_bound":4249.067690397371},"point_estimate":3208.2639763755114,"standard_error":412.678363269553},"slope":null,"std_dev":{"confidence_interval":{"confidence_level":0.95,"lower_bound":3970.726430131193,"upper_bound":18815.202090802693},"point_estimate":11955.11019598876,"standard_error":4220.55229664106}}