{"mean":{"confidence_interval":{"confidence_level":0.95,"lower_bound":29802.42893657907,"upper_bound":29923.590844772585},"point_estimate":29854.338897162743,"standard_error":31.209167953265986},"median":{"confidence_interval":{"confidence_level":0.95,"lower_bound":29774.97167718493,"upper_bound":29815.796390977444},"point_estimate":29789.307160581353,"standard_error":11.363737148840334},"median_abs_dev":{"confidence_interval":{"confidence_level":0.95,"lower_bound":64.73160608762424,"upper_bound":123.08911466866549},"point_estimate":95.16074779402848,"standard_error":14.267583858686908},"slope":{"confidence_interval":{"confidence_level":0.95,"lower_bound":29808.533337352925,"upper_bound":29906.617102527987},"point_estimate":29848.57959087167,"standard_error":25.61114973464338},"std_dev":{"confidence_interval":{"confidence_level":0.95,"lower_bound":131.51498630573442,"upper_bound":483.0969182988759},"point_estimate":312.64517780457857,"standard_error":100.00228382785082}}