{"mean":{"confidence_interval":{"confidence_level":0.95,"lower_bound":26797.503148587686,"upper_bound":26871.77993901176},"point_estimate":26830.83358886783,"standard_error":19.066875895285435},"median":{"confidence_interval":{"confidence_level":0.95,"lower_bound":26766.921160130718,"upper_bound":26792.908536585364},"point_estimate":26774.638257575756,"standard_error":6.475534098231281},"median_abs_dev":{"confidence_interval":{"confidence_level":0.95,"lower_bound":31.837623670807684,"upper_bound":64.22223169781348},"point_estimate":40.64010260093019,"standard_error":8.446971071069196},"slope":{"confidence_interval":{"confidence_level":0.95,"lower_bound":26794.83510396905,"upper_bound":26890.677575682814},"point_estimate":26832.864601374316,"standard_error":25.31197469038569},"std_dev":{"confidence_interval":{"confidence_level":0.95,"lower_bound":94.03869024833956,"upper_bound":270.5414559621185},"point_estimate":191.00249379045113,"standard_error":45.253467507272866}}