{"mean":{"confidence_interval":{"confidence_level":0.95,"lower_bound":2.4873420734785614,"upper_bound":2.508594156008728},"point_estimate":2.494977173172243,"standard_error":0.006273686806969516},"median":{"confidence_interval":{"confidence_level":0.95,"lower_bound":2.4855723678383295,"upper_bound":2.4867182806422203},"point_estimate":2.4859592985516463,"standard_error":0.00024857296000686693},"median_abs_dev":{"confidence_interval":{"confidence_level":0.95,"lower_bound":0.0016161707633677704,"upper_bound":0.002855357373826333},"point_estimate":0.002192306744219407,"standard_error":0.00031647189649259915},"slope":{"confidence_interval":{"confidence_level":0.95,"lower_bound":2.4877103165537386,"upper_bound":2.4927174516454946},"point_estimate":2.4900024286997056,"standard_error":0.001281547988694168},"std_dev":{"confidence_interval":{"confidence_level":0.95,"lower_bound":0.006214822528308942,"upper_bound":0.10766467808144357},"point_estimate":0.06323815694090397,"standard_error":0.035267009090759714}}