{"mean":{"confidence_interval":{"confidence_level":0.95,"lower_bound":1.7714437671321235,"upper_bound":1.7967451630853108},"point_estimate":1.782480116760043,"standard_error":0.006518694720614352},"median":{"confidence_interval":{"confidence_level":0.95,"lower_bound":1.7638861403229071,"upper_bound":1.7664799956158168},"point_estimate":1.76518406519147,"standard_error":0.0006325488014583724},"median_abs_dev":{"confidence_interval":{"confidence_level":0.95,"lower_bound":0.003113328909137878,"upper_bound":0.0060449421918370595},"point_estimate":0.004684881526842209,"standard_error":0.0007167705809005835},"slope":{"confidence_interval":{"confidence_level":0.95,"lower_bound":1.768986916718206,"upper_bound":1.7930867077857153},"point_estimate":1.7786936114697343,"standard_error":0.006357291392906723},"std_dev":{"confidence_interval":{"confidence_level":0.95,"lower_bound":0.022197007201078707,"upper_bound":0.09774784313120946},"point_estimate":0.06565930817340714,"standard_error":0.019161746829832235}}