{"mean":{"confidence_interval":{"confidence_level":0.95,"lower_bound":1.7684627387824021,"upper_bound":1.7835211833510023},"point_estimate":1.774585913136028,"standard_error":0.003922372233121829},"median":{"confidence_interval":{"confidence_level":0.95,"lower_bound":1.7656478250133139,"upper_bound":1.767747698715012},"point_estimate":1.7663387563663395,"standard_error":0.0005828897884482162},"median_abs_dev":{"confidence_interval":{"confidence_level":0.95,"lower_bound":0.00370533800527128,"upper_bound":0.005981239609187533},"point_estimate":0.004564024410444087,"standard_error":0.0006076316262823385},"slope":{"confidence_interval":{"confidence_level":0.95,"lower_bound":1.768440946396875,"upper_bound":1.7837414961123537},"point_estimate":1.7749756011053979,"standard_error":0.003961653300343833},"std_dev":{"confidence_interval":{"confidence_level":0.95,"lower_bound":0.010635194252652665,"upper_bound":0.06334571235450294},"point_estimate":0.03932172266680881,"standard_error":0.015423132680131402}}