{"mean":{"confidence_interval":{"confidence_level":0.95,"lower_bound":1.7622495040912305,"upper_bound":1.764185494028417},"point_estimate":1.7631400053984232,"standard_error":0.0004954308720988295},"median":{"confidence_interval":{"confidence_level":0.95,"lower_bound":1.7613169611808122,"upper_bound":1.7625446437408079},"point_estimate":1.7618759771094352,"standard_error":0.0003662912795736725},"median_abs_dev":{"confidence_interval":{"confidence_level":0.95,"lower_bound":0.0018046739303477725,"upper_bound":0.0029137922084504905},"point_estimate":0.002475413818579323,"standard_error":0.0002903930849741052},"slope":{"confidence_interval":{"confidence_level":0.95,"lower_bound":1.7622189640686006,"upper_bound":1.763918729958074},"point_estimate":1.7629904686439442,"standard_error":0.0004349017775629317},"std_dev":{"confidence_interval":{"confidence_level":0.95,"lower_bound":0.002940147491628035,"upper_bound":0.006659167962613063},"point_estimate":0.004989998623234915,"standard_error":0.0009447676919494312}}