{"mean":{"confidence_interval":{"confidence_level":0.95,"lower_bound":4.098280350563376,"upper_bound":4.103982333452441},"point_estimate":4.100761706846524,"standard_error":0.0014679797993634783},"median":{"confidence_interval":{"confidence_level":0.95,"lower_bound":4.097006047551984,"upper_bound":4.100506127036655},"point_estimate":4.098730272893556,"standard_error":0.000812581353055933},"median_abs_dev":{"confidence_interval":{"confidence_level":0.95,"lower_bound":0.005107821660630067,"upper_bound":0.008125884095896489},"point_estimate":0.006262542423691495,"standard_error":0.0007650216710219768},"slope":{"confidence_interval":{"confidence_level":0.95,"lower_bound":4.098558278537961,"upper_bound":4.102505650391852},"point_estimate":4.100349999988371,"standard_error":0.0010107358432685034},"std_dev":{"confidence_interval":{"confidence_level":0.95,"lower_bound":0.00702406373576792,"upper_bound":0.022632615770684098},"point_estimate":0.014802379355050967,"standard_error":0.004621666466136727}}