{"mean":{"confidence_interval":{"confidence_level":0.95,"lower_bound":154.91395470733178,"upper_bound":155.37498056439716},"point_estimate":155.12504003896774,"standard_error":0.11861970999759368},"median":{"confidence_interval":{"confidence_level":0.95,"lower_bound":154.78135585403226,"upper_bound":154.98335669412822},"point_estimate":154.87610711680733,"standard_error":0.04959811799195777},"median_abs_dev":{"confidence_interval":{"confidence_level":0.95,"lower_bound":0.302558571021862,"upper_bound":0.45937923998681757},"point_estimate":0.37684622522227956,"standard_error":0.0400854501235406},"slope":{"confidence_interval":{"confidence_level":0.95,"lower_bound":154.96391737261018,"upper_bound":155.69041449010098},"point_estimate":155.2952064006259,"standard_error":0.18638853300739996},"std_dev":{"confidence_interval":{"confidence_level":0.95,"lower_bound":0.6534420686836295,"upper_bound":1.642873349524431},"point_estimate":1.1957727784211805,"standard_error":0.2524774146226446}}