{"mean":{"confidence_interval":{"confidence_level":0.95,"lower_bound":114.65773935284994,"upper_bound":114.9064275722304},"point_estimate":114.76972358636517,"standard_error":0.06365420524846355},"median":{"confidence_interval":{"confidence_level":0.95,"lower_bound":114.5503388047138,"upper_bound":114.64764835858585},"point_estimate":114.58263628726039,"standard_error":0.02499680086664378},"median_abs_dev":{"confidence_interval":{"confidence_level":0.95,"lower_bound":0.1329766127986634,"upper_bound":0.24305612651457262},"point_estimate":0.19182860931531584,"standard_error":0.029672258810144615},"slope":{"confidence_interval":{"confidence_level":0.95,"lower_bound":114.58478406838522,"upper_bound":114.99703252578766},"point_estimate":114.75897246441062,"standard_error":0.10811646680950997},"std_dev":{"confidence_interval":{"confidence_level":0.95,"lower_bound":0.31048021282231936,"upper_bound":0.9005227564973685},"point_estimate":0.6396458888576686,"standard_error":0.14920837340211374}}