{"mean":{"confidence_interval":{"confidence_level":0.95,"lower_bound":126.27534607125799,"upper_bound":126.60298785750312},"point_estimate":126.41324268176513,"standard_error":0.0854472329155259},"median":{"confidence_interval":{"confidence_level":0.95,"lower_bound":126.24015281348186,"upper_bound":126.29699246561549},"point_estimate":126.26370322227211,"standard_error":0.014692019479922332},"median_abs_dev":{"confidence_interval":{"confidence_level":0.95,"lower_bound":0.14378000787952253,"upper_bound":0.26153087240694883},"point_estimate":0.19285594345143023,"standard_error":0.027549157231185485},"slope":{"confidence_interval":{"confidence_level":0.95,"lower_bound":126.28575912995827,"upper_bound":126.73031213365064},"point_estimate":126.46423364634741,"standard_error":0.11693059422948486},"std_dev":{"confidence_interval":{"confidence_level":0.95,"lower_bound":0.24712854430342468,"upper_bound":1.3480613852255572},"point_estimate":0.8549755784352254,"standard_error":0.29828138987206315}}