{"mean":{"confidence_interval":{"confidence_level":0.95,"lower_bound":155.30964706533817,"upper_bound":155.7242010862965},"point_estimate":155.5073425721716,"standard_error":0.10634779886383307},"median":{"confidence_interval":{"confidence_level":0.95,"lower_bound":155.2079754470923,"upper_bound":155.5121121338159},"point_estimate":155.3434942282101,"standard_error":0.08746649302281849},"median_abs_dev":{"confidence_interval":{"confidence_level":0.95,"lower_bound":0.4670509864373802,"upper_bound":0.889834705953659},"point_estimate":0.6973502864767743,"standard_error":0.10536336524078181},"slope":{"confidence_interval":{"confidence_level":0.95,"lower_bound":155.31358700946654,"upper_bound":155.75192241728084},"point_estimate":155.5052484142708,"standard_error":0.11348782581668754},"std_dev":{"confidence_interval":{"confidence_level":0.95,"lower_bound":0.7847625288727292,"upper_bound":1.3391088812831435},"point_estimate":1.0675302810849925,"standard_error":0.1428618383947482}}