{"mean":{"confidence_interval":{"confidence_level":0.95,"lower_bound":142.18001937145607,"upper_bound":142.4230477972534},"point_estimate":142.28762237144568,"standard_error":0.0625740316368125},"median":{"confidence_interval":{"confidence_level":0.95,"lower_bound":142.12188356117238,"upper_bound":142.23350177264496},"point_estimate":142.17821005245116,"standard_error":0.02795053656214607},"median_abs_dev":{"confidence_interval":{"confidence_level":0.95,"lower_bound":0.18613858526019753,"upper_bound":0.31095460805802727},"point_estimate":0.25823972713909404,"standard_error":0.03154611413632209},"slope":{"confidence_interval":{"confidence_level":0.95,"lower_bound":142.23240573553858,"upper_bound":142.547503417722},"point_estimate":142.36814787833393,"standard_error":0.08103164029016958},"std_dev":{"confidence_interval":{"confidence_level":0.95,"lower_bound":0.2686185872109489,"upper_bound":0.9156211009632219},"point_estimate":0.6278702869033637,"standard_error":0.17187223228860699}}