{"mean":{"confidence_interval":{"confidence_level":0.95,"lower_bound":1.2441614592546593,"upper_bound":1.2501678218687469},"point_estimate":1.2465553417287558,"standard_error":0.0015862134142500238},"median":{"confidence_interval":{"confidence_level":0.95,"lower_bound":1.2429985953545797,"upper_bound":1.2437087846630706},"point_estimate":1.2433155726720122,"standard_error":0.00018466733628177232},"median_abs_dev":{"confidence_interval":{"confidence_level":0.95,"lower_bound":0.0008278213191757247,"upper_bound":0.0015995702762524385},"point_estimate":0.0010702998662387216,"standard_error":0.0002024806264840485},"slope":{"confidence_interval":{"confidence_level":0.95,"lower_bound":1.2439706162488209,"upper_bound":1.2574392626513045},"point_estimate":1.2485779149902037,"standard_error":0.0038782573018563233},"std_dev":{"confidence_interval":{"confidence_level":0.95,"lower_bound":0.0031320623273530168,"upper_bound":0.02602096972566068},"point_estimate":0.01593488291853428,"standard_error":0.006697628325151243}}