{"mean":{"confidence_interval":{"confidence_level":0.95,"lower_bound":1.2137216074883275,"upper_bound":1.2175616409432166},"point_estimate":1.21545628659151,"standard_error":0.0009908676521986372},"median":{"confidence_interval":{"confidence_level":0.95,"lower_bound":1.2122018825564598,"upper_bound":1.213139434857374},"point_estimate":1.212696190816831,"standard_error":0.00025441839737745664},"median_abs_dev":{"confidence_interval":{"confidence_level":0.95,"lower_bound":0.00131916533040425,"upper_bound":0.002241417011686173},"point_estimate":0.0016328940208163456,"standard_error":0.00024476649076429416},"slope":{"confidence_interval":{"confidence_level":0.95,"lower_bound":1.2134819749781558,"upper_bound":1.2168768683827182},"point_estimate":1.2150249283890722,"standard_error":0.0008715177210431405},"std_dev":{"confidence_interval":{"confidence_level":0.95,"lower_bound":0.0049575387774622405,"upper_bound":0.013846199066044342},"point_estimate":0.009944537820478197,"standard_error":0.0022586689595698738}}