{"mean":{"confidence_interval":{"confidence_level":0.95,"lower_bound":4.601506508104422,"upper_bound":4.60870631504986},"point_estimate":4.604834957922947,"standard_error":0.0018398224968286378},"median":{"confidence_interval":{"confidence_level":0.95,"lower_bound":4.597329888778799,"upper_bound":4.600247930371224},"point_estimate":4.599081791307908,"standard_error":0.0007957385817236582},"median_abs_dev":{"confidence_interval":{"confidence_level":0.95,"lower_bound":0.004134959634908524,"upper_bound":0.008190590827353541},"point_estimate":0.005925927314149331,"standard_error":0.0010961323739784462},"slope":{"confidence_interval":{"confidence_level":0.95,"lower_bound":4.601832201455407,"upper_bound":4.613648510620223},"point_estimate":4.606947297757842,"standard_error":0.0030538300927811283},"std_dev":{"confidence_interval":{"confidence_level":0.95,"lower_bound":0.01149990533684686,"upper_bound":0.024615005810146293},"point_estimate":0.01850881554162994,"standard_error":0.003352217150149215}}