{"mean":{"confidence_interval":{"confidence_level":0.95,"lower_bound":4.146603607484425,"upper_bound":4.1564709535172915},"point_estimate":4.150964411560428,"standard_error":0.002544563955500746},"median":{"confidence_interval":{"confidence_level":0.95,"lower_bound":4.142763554721769,"upper_bound":4.145796941623137},"point_estimate":4.144149609114064,"standard_error":0.0007243286178623951},"median_abs_dev":{"confidence_interval":{"confidence_level":0.95,"lower_bound":0.0035707916059837257,"upper_bound":0.006528620302985961},"point_estimate":0.004575806933659176,"standard_error":0.0007538000199981504},"slope":{"confidence_interval":{"confidence_level":0.95,"lower_bound":4.1471373176223665,"upper_bound":4.165455729821544},"point_estimate":4.155131692865689,"standard_error":0.004727620702082716},"std_dev":{"confidence_interval":{"confidence_level":0.95,"lower_bound":0.010541977158408135,"upper_bound":0.03669695444927921},"point_estimate":0.02551580625195572,"standard_error":0.006641973534016625}}