{"mean":{"confidence_interval":{"confidence_level":0.95,"lower_bound":4.710051784235446,"upper_bound":4.716944789472855},"point_estimate":4.713227320772236,"standard_error":0.0017611008311149267},"median":{"confidence_interval":{"confidence_level":0.95,"lower_bound":4.707252194339952,"upper_bound":4.710818795350499},"point_estimate":4.708627999340577,"standard_error":0.0009899677417472377},"median_abs_dev":{"confidence_interval":{"confidence_level":0.95,"lower_bound":0.005037918729758992,"upper_bound":0.008672348802600389},"point_estimate":0.006548302812802172,"standard_error":0.0009651400694483526},"slope":{"confidence_interval":{"confidence_level":0.95,"lower_bound":4.711065752863767,"upper_bound":4.718352991170989},"point_estimate":4.714501645558379,"standard_error":0.0018654458037274712},"std_dev":{"confidence_interval":{"confidence_level":0.95,"lower_bound":0.010589261370258708,"upper_bound":0.02366446468466549},"point_estimate":0.017713245597253777,"standard_error":0.0033329574537267347}}