{"mean":{"confidence_interval":{"confidence_level":0.95,"lower_bound":2.4880034684745027,"upper_bound":2.4941916617452837},"point_estimate":2.49064486807876,"standard_error":0.0016010169877280242},"median":{"confidence_interval":{"confidence_level":0.95,"lower_bound":2.4853320425457013,"upper_bound":2.487582416203793},"point_estimate":2.486284250990962,"standard_error":0.0005365985816854026},"median_abs_dev":{"confidence_interval":{"confidence_level":0.95,"lower_bound":0.0018958071296043526,"upper_bound":0.0041424963394343295},"point_estimate":0.0031606037196156476,"standard_error":0.0005399069547139247},"slope":{"confidence_interval":{"confidence_level":0.95,"lower_bound":2.4875538198371325,"upper_bound":2.491555625803042},"point_estimate":2.4893945981073076,"standard_error":0.0010260662355020748},"std_dev":{"confidence_interval":{"confidence_level":0.95,"lower_bound":0.006617902158846214,"upper_bound":0.02501335155121107},"point_estimate":0.016138604983618587,"standard_error":0.00537621011682629}}