{"mean":{"confidence_interval":{"confidence_level":0.95,"lower_bound":2.4884475262034647,"upper_bound":2.4931239706718973},"point_estimate":2.4905785688647537,"standard_error":0.0011972757116472433},"median":{"confidence_interval":{"confidence_level":0.95,"lower_bound":2.486092920570673,"upper_bound":2.487677758739018},"point_estimate":2.4866822998080247,"standard_error":0.00037083394627126365},"median_abs_dev":{"confidence_interval":{"confidence_level":0.95,"lower_bound":0.0025748921061192528,"upper_bound":0.00458593902585287},"point_estimate":0.003651488121833772,"standard_error":0.0005049698473553036},"slope":{"confidence_interval":{"confidence_level":0.95,"lower_bound":2.4887000671754245,"upper_bound":2.495562114991574},"point_estimate":2.4917648153959795,"standard_error":0.0017717316972095626},"std_dev":{"confidence_interval":{"confidence_level":0.95,"lower_bound":0.006873148673476085,"upper_bound":0.01633043535740729},"point_estimate":0.012015927516747366,"standard_error":0.002404547768324392}}