{"mean":{"confidence_interval":{"confidence_level":0.95,"lower_bound":1.2429902490450213,"upper_bound":1.2442409571939785},"point_estimate":1.2435309762758144,"standard_error":0.00032232182697881505},"median":{"confidence_interval":{"confidence_level":0.95,"lower_bound":1.2424650834485016,"upper_bound":1.2429911054446146},"point_estimate":1.2426545671606137,"standard_error":0.0001311842981749629},"median_abs_dev":{"confidence_interval":{"confidence_level":0.95,"lower_bound":0.0006064899237791342,"upper_bound":0.0010885840872915436},"point_estimate":0.0009279957966629911,"standard_error":0.00012268778144548548},"slope":{"confidence_interval":{"confidence_level":0.95,"lower_bound":1.243013285284709,"upper_bound":1.2457439957615954},"point_estimate":1.2440250111249123,"standard_error":0.0007492054671256563},"std_dev":{"confidence_interval":{"confidence_level":0.95,"lower_bound":0.001405168312609778,"upper_bound":0.004918584945368326},"point_estimate":0.0032213875955360506,"standard_error":0.0009980297323401105}}