{"mean":{"confidence_interval":{"confidence_level":0.95,"lower_bound":1.2435218786778395,"upper_bound":1.2451283744286779},"point_estimate":1.2442498440128633,"standard_error":0.0004121511121478199},"median":{"confidence_interval":{"confidence_level":0.95,"lower_bound":1.2427133920245423,"upper_bound":1.2434203169057967},"point_estimate":1.243108486930727,"standard_error":0.00021422271844915634},"median_abs_dev":{"confidence_interval":{"confidence_level":0.95,"lower_bound":0.0009869675520407107,"upper_bound":0.0017159052454377096},"point_estimate":0.0013953729202924924,"standard_error":0.00019632638980555654},"slope":{"confidence_interval":{"confidence_level":0.95,"lower_bound":1.2435425870116057,"upper_bound":1.245332790982111},"point_estimate":1.244366892909957,"standard_error":0.0004595101048204543},"std_dev":{"confidence_interval":{"confidence_level":0.95,"lower_bound":0.002251183020133608,"upper_bound":0.005685649434177943},"point_estimate":0.004139222107738101,"standard_error":0.0008748158464331975}}