{"mean":{"confidence_interval":{"confidence_level":0.95,"lower_bound":5.10269586274582,"upper_bound":5.163311552983974},"point_estimate":5.131522031861377,"standard_error":0.015469449068801659},"median":{"confidence_interval":{"confidence_level":0.95,"lower_bound":5.082623153348695,"upper_bound":5.120090402674033},"point_estimate":5.103321867424726,"standard_error":0.009299223740818515},"median_abs_dev":{"confidence_interval":{"confidence_level":0.95,"lower_bound":0.09745149897535928,"upper_bound":0.15544468263840844},"point_estimate":0.1245214009480902,"standard_error":0.01418850354539174},"slope":{"confidence_interval":{"confidence_level":0.95,"lower_bound":5.100392110088116,"upper_bound":5.136809761599047},"point_estimate":5.118168867574427,"standard_error":0.009269447427435027},"std_dev":{"confidence_interval":{"confidence_level":0.95,"lower_bound":0.10899358089341633,"upper_bound":0.20330947913693342},"point_estimate":0.155500879155,"standard_error":0.02466458214545958}}