{"mean":{"confidence_interval":{"confidence_level":0.95,"lower_bound":26389.791162109777,"upper_bound":26414.93018935326},"point_estimate":26401.58776529273,"standard_error":6.4089279727109325},"median":{"confidence_interval":{"confidence_level":0.95,"lower_bound":26388.064814814814,"upper_bound":26411.20877853327},"point_estimate":26397.215093085106,"standard_error":6.740453638795189},"median_abs_dev":{"confidence_interval":{"confidence_level":0.95,"lower_bound":35.40892061203709,"upper_bound":55.188581423622324},"point_estimate":44.977269949199076,"standard_error":5.190228204844562},"slope":{"confidence_interval":{"confidence_level":0.95,"lower_bound":26389.040512126187,"upper_bound":26405.68051754491},"point_estimate":26397.08265183981,"standard_error":4.250966287146284},"std_dev":{"confidence_interval":{"confidence_level":0.95,"lower_bound":38.354189049649456,"upper_bound":92.74121160486797},"point_estimate":64.24356790169077,"standard_error":15.138380518840444}}