{"mean":{"confidence_interval":{"confidence_level":0.95,"lower_bound":5.448465292204006,"upper_bound":5.474262439343545},"point_estimate":5.4613015104488,"standard_error":0.006591052846645109},"median":{"confidence_interval":{"confidence_level":0.95,"lower_bound":5.430844152264612,"upper_bound":5.493078579974135},"point_estimate":5.471759134207248,"standard_error":0.017175553989189712},"median_abs_dev":{"confidence_interval":{"confidence_level":0.95,"lower_bound":0.06451543977924723,"upper_bound":0.1020707325250594},"point_estimate":0.08720148696053967,"standard_error":0.009457283358224579},"slope":{"confidence_interval":{"confidence_level":0.95,"lower_bound":5.456923887623322,"upper_bound":5.489154567953774},"point_estimate":5.473352644005361,"standard_error":0.008205362950071442},"std_dev":{"confidence_interval":{"confidence_level":0.95,"lower_bound":0.06059479311333389,"upper_bound":0.07086010947061397},"point_estimate":0.06615315070155113,"standard_error":0.002623915813690194}}