{"mean":{"confidence_interval":{"confidence_level":0.95,"lower_bound":5.241420007375327,"upper_bound":5.251915134604247},"point_estimate":5.246590064347175,"standard_error":0.0026628048943124934},"median":{"confidence_interval":{"confidence_level":0.95,"lower_bound":5.242463572616618,"upper_bound":5.250416433880705},"point_estimate":5.24581157221056,"standard_error":0.0020664568347525487},"median_abs_dev":{"confidence_interval":{"confidence_level":0.95,"lower_bound":0.009581352756493647,"upper_bound":0.013988859238247341},"point_estimate":0.012232909280533605,"standard_error":0.0011129976694874226},"slope":{"confidence_interval":{"confidence_level":0.95,"lower_bound":5.234693369721845,"upper_bound":5.24926333388742},"point_estimate":5.242732155034115,"standard_error":0.0037369336318908097},"std_dev":{"confidence_interval":{"confidence_level":0.95,"lower_bound":0.015910048681980225,"upper_bound":0.03598804077315835},"point_estimate":0.026706625872521973,"standard_error":0.005112419247621112}}