{"mean":{"confidence_interval":{"confidence_level":0.95,"lower_bound":5.251423712837601,"upper_bound":5.258497654602977},"point_estimate":5.2546546247714,"standard_error":0.0018072738795971838},"median":{"confidence_interval":{"confidence_level":0.95,"lower_bound":5.250880927991904,"upper_bound":5.257121434154239},"point_estimate":5.255465685109402,"standard_error":0.0017059347002110472},"median_abs_dev":{"confidence_interval":{"confidence_level":0.95,"lower_bound":0.005961028351741348,"upper_bound":0.01302007417753274},"point_estimate":0.009755098373303307,"standard_error":0.0018435591405728635},"slope":{"confidence_interval":{"confidence_level":0.95,"lower_bound":5.253483235983624,"upper_bound":5.259830100152653},"point_estimate":5.2565315071533885,"standard_error":0.0016176911831459278},"std_dev":{"confidence_interval":{"confidence_level":0.95,"lower_bound":0.010832809942487517,"upper_bound":0.025865318753645283},"point_estimate":0.01819121668884407,"standard_error":0.004149268131074824}}