{"mean":{"confidence_interval":{"confidence_level":0.95,"lower_bound":3721.339845405404,"upper_bound":3728.64102147903},"point_estimate":3724.531845606986,"standard_error":1.8738291357010346},"median":{"confidence_interval":{"confidence_level":0.95,"lower_bound":3718.733333333333,"upper_bound":3722.3572968372155},"point_estimate":3720.518711004912,"standard_error":0.9260251225852048},"median_abs_dev":{"confidence_interval":{"confidence_level":0.95,"lower_bound":5.464232606898429,"upper_bound":10.329079331774194},"point_estimate":7.922754222605854,"standard_error":1.2556220547335009},"slope":{"confidence_interval":{"confidence_level":0.95,"lower_bound":3718.8856749107176,"upper_bound":3723.0274136660155},"point_estimate":3720.850750318813,"standard_error":1.0594992279143773},"std_dev":{"confidence_interval":{"confidence_level":0.95,"lower_bound":9.461208277139276,"upper_bound":28.314260172312075},"point_estimate":18.774399131496416,"standard_error":5.580161052437816}}