{"mean":{"confidence_interval":{"confidence_level":0.95,"lower_bound":3227.5722895193267,"upper_bound":3234.864829203372},"point_estimate":3230.8964551636022,"standard_error":1.871024994172543},"median":{"confidence_interval":{"confidence_level":0.95,"lower_bound":3225.3967741935485,"upper_bound":3228.541425420458},"point_estimate":3226.480073924731,"standard_error":0.8224085046995528},"median_abs_dev":{"confidence_interval":{"confidence_level":0.95,"lower_bound":5.589300943471333,"upper_bound":9.325143999254752},"point_estimate":7.613965458845366,"standard_error":0.9444070613485129},"slope":{"confidence_interval":{"confidence_level":0.95,"lower_bound":3227.011189283123,"upper_bound":3232.680849266892},"point_estimate":3229.589394547543,"standard_error":1.457116988257615},"std_dev":{"confidence_interval":{"confidence_level":0.95,"lower_bound":10.327397323440113,"upper_bound":25.911157720735275},"point_estimate":18.801524541459248,"standard_error":4.004754993517539}}