{"mean":{"confidence_interval":{"confidence_level":0.95,"lower_bound":3561.6768050087767,"upper_bound":3580.3060171022976},"point_estimate":3568.706068087749,"standard_error":5.105610446938432},"median":{"confidence_interval":{"confidence_level":0.95,"lower_bound":3559.1502435691355,"upper_bound":3562.058479532164},"point_estimate":3560.27234950584,"standard_error":0.7768358026713796},"median_abs_dev":{"confidence_interval":{"confidence_level":0.95,"lower_bound":3.628947621901322,"upper_bound":7.041878607134006},"point_estimate":4.760598157629175,"standard_error":0.9210828649144281},"slope":{"confidence_interval":{"confidence_level":0.95,"lower_bound":3560.8682535540333,"upper_bound":3587.6801927338643},"point_estimate":3569.5341694342255,"standard_error":7.825960970573721},"std_dev":{"confidence_interval":{"confidence_level":0.95,"lower_bound":9.594195760420275,"upper_bound":86.15073938463402},"point_estimate":51.466674165929035,"standard_error":25.185266756730666}}