{"mean":{"confidence_interval":{"confidence_level":0.95,"lower_bound":3140.8953849682,"upper_bound":3148.422251198888},"point_estimate":3144.3019980273366,"standard_error":1.924892666450784},"median":{"confidence_interval":{"confidence_level":0.95,"lower_bound":3141.232167119565,"upper_bound":3144.278515625},"point_estimate":3142.962189503205,"standard_error":0.6810271603380305},"median_abs_dev":{"confidence_interval":{"confidence_level":0.95,"lower_bound":4.2882495119940565,"upper_bound":7.438786093749747},"point_estimate":5.70878208614888,"standard_error":0.8237029501552556},"slope":{"confidence_interval":{"confidence_level":0.95,"lower_bound":3141.5217442339926,"upper_bound":3155.0814912682245},"point_estimate":3146.4871228941925,"standard_error":3.7483933654987975},"std_dev":{"confidence_interval":{"confidence_level":0.95,"lower_bound":9.869165490014446,"upper_bound":28.853824463244557},"point_estimate":19.321108001406504,"standard_error":5.268155155342756}}