{"mean":{"confidence_interval":{"confidence_level":0.95,"lower_bound":2861.612786810799,"upper_bound":2877.856377979136},"point_estimate":2868.2080035599683,"standard_error":4.24727549217473},"median":{"confidence_interval":{"confidence_level":0.95,"lower_bound":2858.6609577922077,"upper_bound":2861.647485473853},"point_estimate":2859.920634920635,"standard_error":0.7340995201303154},"median_abs_dev":{"confidence_interval":{"confidence_level":0.95,"lower_bound":3.867156826870438,"upper_bound":6.998816747823304},"point_estimate":5.471461048061137,"standard_error":0.7821157207127529},"slope":{"confidence_interval":{"confidence_level":0.95,"lower_bound":2861.363241843128,"upper_bound":2874.4976552049884},"point_estimate":2866.1036659840825,"standard_error":3.565301832973655},"std_dev":{"confidence_interval":{"confidence_level":0.95,"lower_bound":9.395611230159034,"upper_bound":69.36056988888194},"point_estimate":42.83392613060762,"standard_error":17.05476966924963}}