{"mean":{"confidence_interval":{"confidence_level":0.95,"lower_bound":4285.617471390343,"upper_bound":4292.80367036788},"point_estimate":4288.969487482552,"standard_error":1.8390086246363948},"median":{"confidence_interval":{"confidence_level":0.95,"lower_bound":4284.196265740338,"upper_bound":4288.045106382979},"point_estimate":4286.149619423211,"standard_error":1.0467546340511156},"median_abs_dev":{"confidence_interval":{"confidence_level":0.95,"lower_bound":6.704192332850322,"upper_bound":12.074646768486309},"point_estimate":9.468688753644265,"standard_error":1.337308503300562},"slope":{"confidence_interval":{"confidence_level":0.95,"lower_bound":4288.70210232074,"upper_bound":4295.681643270285},"point_estimate":4291.852205414889,"standard_error":1.7889239100610312},"std_dev":{"confidence_interval":{"confidence_level":0.95,"lower_bound":11.668187503964537,"upper_bound":25.87479369112891},"point_estimate":18.489113352696872,"standard_error":3.8599505775475693}}