{"mean":{"confidence_interval":{"confidence_level":0.95,"lower_bound":3067.0859370032863,"upper_bound":3085.4834337090088},"point_estimate":3074.6031296057818,"standard_error":4.814937199551676},"median":{"confidence_interval":{"confidence_level":0.95,"lower_bound":3064.7488393154563,"upper_bound":3071.477013221154},"point_estimate":3067.9772978871456,"standard_error":1.5120934228433713},"median_abs_dev":{"confidence_interval":{"confidence_level":0.95,"lower_bound":10.383609639473525,"upper_bound":15.597103451166477},"point_estimate":12.513985993672858,"standard_error":1.377407637159327},"slope":{"confidence_interval":{"confidence_level":0.95,"lower_bound":3067.283709223309,"upper_bound":3073.323693638052},"point_estimate":3070.2230768804493,"standard_error":1.5377188211183321},"std_dev":{"confidence_interval":{"confidence_level":0.95,"lower_bound":12.842740566163686,"upper_bound":77.9229416026922},"point_estimate":48.36731546697783,"standard_error":18.865004544391418}}