{"mean":{"confidence_interval":{"confidence_level":0.95,"lower_bound":2922.306711533143,"upper_bound":2940.737048800013},"point_estimate":2929.7858500833077,"standard_error":4.815939406073514},"median":{"confidence_interval":{"confidence_level":0.95,"lower_bound":2919.064681555004,"upper_bound":2924.6140324020917},"point_estimate":2922.0201591511936,"standard_error":1.4619208713892136},"median_abs_dev":{"confidence_interval":{"confidence_level":0.95,"lower_bound":7.5641395635661794,"upper_bound":12.719502944754707},"point_estimate":9.551801649958668,"standard_error":1.3405109801782797},"slope":{"confidence_interval":{"confidence_level":0.95,"lower_bound":2923.550029782394,"upper_bound":2929.9401061504827},"point_estimate":2926.4557232269726,"standard_error":1.6328085958342111},"std_dev":{"confidence_interval":{"confidence_level":0.95,"lower_bound":12.870991759626447,"upper_bound":78.29549473971524},"point_estimate":48.49220677591868,"standard_error":19.101469361493884}}