{"mean":{"confidence_interval":{"confidence_level":0.95,"lower_bound":3478.311867556173,"upper_bound":3497.3936445597324},"point_estimate":3485.909355018036,"standard_error":5.004648099256793},"median":{"confidence_interval":{"confidence_level":0.95,"lower_bound":3475.501077586207,"upper_bound":3481.587774294671},"point_estimate":3479.7332264100505,"standard_error":1.4444585099777925},"median_abs_dev":{"confidence_interval":{"confidence_level":0.95,"lower_bound":8.270591727709192,"upper_bound":12.964038140363236},"point_estimate":10.640459538105734,"standard_error":1.2226778620794838},"slope":{"confidence_interval":{"confidence_level":0.95,"lower_bound":3477.7293500881283,"upper_bound":3486.1796975617403},"point_estimate":3481.4374027099057,"standard_error":2.1744287567161806},"std_dev":{"confidence_interval":{"confidence_level":0.95,"lower_bound":12.091477600630656,"upper_bound":82.01922633242347},"point_estimate":50.29631309549914,"standard_error":21.09682448437864}}