{"mean":{"confidence_interval":{"confidence_level":0.95,"lower_bound":2659.3342524681498,"upper_bound":2672.5837985456687},"point_estimate":2664.8910163061537,"standard_error":3.4509974479015226},"median":{"confidence_interval":{"confidence_level":0.95,"lower_bound":2657.0340653153153,"upper_bound":2660.760859073359},"point_estimate":2659.6131668031667,"standard_error":0.9716157501167204},"median_abs_dev":{"confidence_interval":{"confidence_level":0.95,"lower_bound":5.149476791557419,"upper_bound":8.601554019307438},"point_estimate":6.845094009988198,"standard_error":0.8630021683488118},"slope":{"confidence_interval":{"confidence_level":0.95,"lower_bound":2658.6655503902084,"upper_bound":2672.569258310253},"point_estimate":2664.430330179448,"standard_error":3.6487917229594466},"std_dev":{"confidence_interval":{"confidence_level":0.95,"lower_bound":7.563014075021768,"upper_bound":54.7637691158529},"point_estimate":34.662676582115424,"standard_error":12.33944388008855}}