{"mean":{"confidence_interval":{"confidence_level":0.95,"lower_bound":2.181233583738274,"upper_bound":2.1864551932452625},"point_estimate":2.1835819666875884,"standard_error":0.0013359121976276756},"median":{"confidence_interval":{"confidence_level":0.95,"lower_bound":2.1793864708789146,"upper_bound":2.180379503837243},"point_estimate":2.1798707378151,"standard_error":0.00030326736442045103},"median_abs_dev":{"confidence_interval":{"confidence_level":0.95,"lower_bound":0.0025216524385449565,"upper_bound":0.0039356191324061785},"point_estimate":0.003335136781805295,"standard_error":0.0003489651934623122},"slope":{"confidence_interval":{"confidence_level":0.95,"lower_bound":2.18200954234886,"upper_bound":2.189952015932082},"point_estimate":2.1853195233545613,"standard_error":0.0020775639513869524},"std_dev":{"confidence_interval":{"confidence_level":0.95,"lower_bound":0.006739982083887165,"upper_bound":0.01890477218044432},"point_estimate":0.013502838761262771,"standard_error":0.0030824810901220506}}