{"mean":{"confidence_interval":{"confidence_level":0.95,"lower_bound":92341.09343141648,"upper_bound":92543.07539787312},"point_estimate":92431.58876702584,"standard_error":51.95056714464013},"median":{"confidence_interval":{"confidence_level":0.95,"lower_bound":92291.35434472933,"upper_bound":92338.47777777778},"point_estimate":92315.14015034496,"standard_error":10.654935842272284},"median_abs_dev":{"confidence_interval":{"confidence_level":0.95,"lower_bound":87.95893806532504,"upper_bound":160.74680854343364},"point_estimate":135.8151250733219,"standard_error":18.157004451090152},"slope":{"confidence_interval":{"confidence_level":0.95,"lower_bound":92292.20463933503,"upper_bound":92430.17307482097},"point_estimate":92352.89762376237,"standard_error":35.394051441196865},"std_dev":{"confidence_interval":{"confidence_level":0.95,"lower_bound":221.59802131890834,"upper_bound":735.9437629124214},"point_estimate":522.531800170156,"standard_error":126.36781010510889}}