{"mean":{"confidence_interval":{"confidence_level":0.95,"lower_bound":78000.21409341028,"upper_bound":78126.90934617839},"point_estimate":78057.66876819484,"standard_error":32.495289712721366},"median":{"confidence_interval":{"confidence_level":0.95,"lower_bound":77952.32816264176,"upper_bound":77982.07216494845},"point_estimate":77971.15228539577,"standard_error":8.469057820743169},"median_abs_dev":{"confidence_interval":{"confidence_level":0.95,"lower_bound":48.49199454852833,"upper_bound":94.14209941335218},"point_estimate":74.09131131087898,"standard_error":11.726449488582759},"slope":{"confidence_interval":{"confidence_level":0.95,"lower_bound":77978.0342967027,"upper_bound":78031.94346437158},"point_estimate":78002.60007290282,"standard_error":13.772956784691534},"std_dev":{"confidence_interval":{"confidence_level":0.95,"lower_bound":180.93928557637534,"upper_bound":449.472504459835},"point_estimate":326.0081777982828,"standard_error":68.68697860155919}}