{"mean":{"confidence_interval":{"confidence_level":0.95,"lower_bound":19385.809336903236,"upper_bound":19443.657037658137},"point_estimate":19408.64738914495,"standard_error":15.359799534840574},"median":{"confidence_interval":{"confidence_level":0.95,"lower_bound":19374.39037433155,"upper_bound":19402.326315789473},"point_estimate":19388.402581004855,"standard_error":7.160365165521084},"median_abs_dev":{"confidence_interval":{"confidence_level":0.95,"lower_bound":32.83276639355998,"upper_bound":51.18223908396364},"point_estimate":39.11958235804257,"standard_error":4.616714042201332},"slope":{"confidence_interval":{"confidence_level":0.95,"lower_bound":19386.755189060077,"upper_bound":19418.414195494766},"point_estimate":19400.301074465657,"standard_error":8.213946373032071},"std_dev":{"confidence_interval":{"confidence_level":0.95,"lower_bound":44.16365753678264,"upper_bound":254.02377335951095},"point_estimate":154.68775546545314,"standard_error":68.16507507044362}}