{"mean":{"confidence_interval":{"confidence_level":0.95,"lower_bound":20387.68974634021,"upper_bound":20412.7134540994},"point_estimate":20399.3019511635,"standard_error":6.404337103909665},"median":{"confidence_interval":{"confidence_level":0.95,"lower_bound":20381.721022727274,"upper_bound":20397.315607455646},"point_estimate":20387.878776104902,"standard_error":3.9728667405448874},"median_abs_dev":{"confidence_interval":{"confidence_level":0.95,"lower_bound":30.554255423463744,"upper_bound":53.38828818424253},"point_estimate":41.6466020665965,"standard_error":5.950651888064275},"slope":{"confidence_interval":{"confidence_level":0.95,"lower_bound":20387.28495873085,"upper_bound":20404.85713482408},"point_estimate":20395.663026156348,"standard_error":4.488252608518004},"std_dev":{"confidence_interval":{"confidence_level":0.95,"lower_bound":40.15102495675901,"upper_bound":89.18008979385567},"point_estimate":64.07229834794212,"standard_error":13.268586533266175}}