{"mean":{"confidence_interval":{"confidence_level":0.95,"lower_bound":26177.201022786565,"upper_bound":26263.54953920119},"point_estimate":26208.84691687878,"standard_error":24.95019820113961},"median":{"confidence_interval":{"confidence_level":0.95,"lower_bound":26173.74591468591,"upper_bound":26183.91131925983},"point_estimate":26176.915966386558,"standard_error":2.782235044611023},"median_abs_dev":{"confidence_interval":{"confidence_level":0.95,"lower_bound":14.800623292335118,"upper_bound":28.489268312884235},"point_estimate":18.59287066159499,"standard_error":3.4652706213754794},"slope":{"confidence_interval":{"confidence_level":0.95,"lower_bound":26181.407831959375,"upper_bound":26195.245648225653},"point_estimate":26188.050487291268,"standard_error":3.546631022377863},"std_dev":{"confidence_interval":{"confidence_level":0.95,"lower_bound":35.27511446415659,"upper_bound":427.1567202637172},"point_estimate":251.02673725244037,"standard_error":136.44305005304795}}