{"mean":{"confidence_interval":{"confidence_level":0.95,"lower_bound":2.177986873100207,"upper_bound":2.1869073323471864},"point_estimate":2.181630528677696,"standard_error":0.002330452259555422},"median":{"confidence_interval":{"confidence_level":0.95,"lower_bound":2.1748330316523035,"upper_bound":2.1759055190713865},"point_estimate":2.1753164809630476,"standard_error":0.0002736535054157074},"median_abs_dev":{"confidence_interval":{"confidence_level":0.95,"lower_bound":0.0017391182535495128,"upper_bound":0.003129146385733024},"point_estimate":0.0024754009796805767,"standard_error":0.0003704814437170281},"slope":{"confidence_interval":{"confidence_level":0.95,"lower_bound":2.1771964809277495,"upper_bound":2.1811947856676324},"point_estimate":2.1790525922548456,"standard_error":0.0010231032993894378},"std_dev":{"confidence_interval":{"confidence_level":0.95,"lower_bound":0.008014738101936538,"upper_bound":0.03759091569772152},"point_estimate":0.02343102041463442,"standard_error":0.009177634505324623}}