{"mean":{"confidence_interval":{"confidence_level":0.95,"lower_bound":2.177030750695687,"upper_bound":2.1909526018972905},"point_estimate":2.1822370156704007,"standard_error":0.003788681287560729},"median":{"confidence_interval":{"confidence_level":0.95,"lower_bound":2.1755505278184932,"upper_bound":2.1766227111124383},"point_estimate":2.175989064908989,"standard_error":0.00026749317323847337},"median_abs_dev":{"confidence_interval":{"confidence_level":0.95,"lower_bound":0.001721247405810523,"upper_bound":0.0029748864720996384},"point_estimate":0.0023300398685167463,"standard_error":0.00030835615530155864},"slope":{"confidence_interval":{"confidence_level":0.95,"lower_bound":2.1763263145966074,"upper_bound":2.17807946716316},"point_estimate":2.1770954049063276,"standard_error":0.0004480669694562451},"std_dev":{"confidence_interval":{"confidence_level":0.95,"lower_bound":0.004759951210941632,"upper_bound":0.06378939143511159},"point_estimate":0.03805641380371768,"standard_error":0.018680364771136375}}