{"mean":{"confidence_interval":{"confidence_level":0.95,"lower_bound":2.491068759158197,"upper_bound":2.5021594843031796},"point_estimate":2.4956949315153154,"standard_error":0.002889395079506224},"median":{"confidence_interval":{"confidence_level":0.95,"lower_bound":2.4867197257830074,"upper_bound":2.4895269784162593},"point_estimate":2.487760016054726,"standard_error":0.0006966985717539116},"median_abs_dev":{"confidence_interval":{"confidence_level":0.95,"lower_bound":0.0018259991297234497,"upper_bound":0.005199677573108486},"point_estimate":0.003225234704048143,"standard_error":0.0008773936245069692},"slope":{"confidence_interval":{"confidence_level":0.95,"lower_bound":2.490777714710719,"upper_bound":2.4959547349937075},"point_estimate":2.493195184668248,"standard_error":0.0013228644925814188},"std_dev":{"confidence_interval":{"confidence_level":0.95,"lower_bound":0.009469802009190686,"upper_bound":0.045927246651471944},"point_estimate":0.029030060690899768,"standard_error":0.010443332390703644}}