{"mean":{"confidence_interval":{"confidence_level":0.95,"lower_bound":1.0247232404177138,"upper_bound":1.0292550137548861},"point_estimate":1.0265411503684045,"standard_error":0.001184003232412694},"median":{"confidence_interval":{"confidence_level":0.95,"lower_bound":1.023920186856714,"upper_bound":1.024430100487443},"point_estimate":1.0241869422492866,"standard_error":0.00013320939072422057},"median_abs_dev":{"confidence_interval":{"confidence_level":0.95,"lower_bound":0.001328830927753104,"upper_bound":0.002067574210695494},"point_estimate":0.0018021922281006469,"standard_error":0.0001889824003994586},"slope":{"confidence_interval":{"confidence_level":0.95,"lower_bound":1.0251554594115715,"upper_bound":1.0358622183313109},"point_estimate":1.0289900116152437,"standard_error":0.0030359676376270355},"std_dev":{"confidence_interval":{"confidence_level":0.95,"lower_bound":0.0033332831935954477,"upper_bound":0.019366800732802992},"point_estimate":0.01194947348287773,"standard_error":0.004882526748497046}}