{"mean":{"confidence_interval":{"confidence_level":0.95,"lower_bound":1.0357252506291965,"upper_bound":1.0413194459097939},"point_estimate":1.038384464214711,"standard_error":0.0014344599753165752},"median":{"confidence_interval":{"confidence_level":0.95,"lower_bound":1.0322376222034937,"upper_bound":1.0329693861690619},"point_estimate":1.03257689794729,"standard_error":0.00015275810900918665},"median_abs_dev":{"confidence_interval":{"confidence_level":0.95,"lower_bound":0.0010306939161758807,"upper_bound":0.0023760430153884826},"point_estimate":0.0016007431352132013,"standard_error":0.0003499490951888774},"slope":{"confidence_interval":{"confidence_level":0.95,"lower_bound":1.032694331950787,"upper_bound":1.0361624615266312},"point_estimate":1.034126710598817,"standard_error":0.0009146089036162447},"std_dev":{"confidence_interval":{"confidence_level":0.95,"lower_bound":0.010727022702129147,"upper_bound":0.017245180454832882},"point_estimate":0.01441205295889295,"standard_error":0.0016696696266636473}}