{"mean":{"confidence_interval":{"confidence_level":0.95,"lower_bound":4.12069760285258,"upper_bound":4.130645786269768},"point_estimate":4.12536968449223,"standard_error":0.0025414488950402923},"median":{"confidence_interval":{"confidence_level":0.95,"lower_bound":4.119346852936424,"upper_bound":4.1236889606658185},"point_estimate":4.122062072436505,"standard_error":0.0011900896468677662},"median_abs_dev":{"confidence_interval":{"confidence_level":0.95,"lower_bound":0.008318190384486288,"upper_bound":0.013741073498628196},"point_estimate":0.011130911854824488,"standard_error":0.001405343548709717},"slope":{"confidence_interval":{"confidence_level":0.95,"lower_bound":4.123511389007574,"upper_bound":4.13317856194283},"point_estimate":4.12800098227286,"standard_error":0.0024669352612242046},"std_dev":{"confidence_interval":{"confidence_level":0.95,"lower_bound":0.016440214019000293,"upper_bound":0.03469362594755482},"point_estimate":0.02559929241773962,"standard_error":0.004788626921498703}}