{"mean":{"confidence_interval":{"confidence_level":0.95,"lower_bound":4.146366901175646,"upper_bound":4.1526741524334705},"point_estimate":4.149198572229372,"standard_error":0.0016158470525846707},"median":{"confidence_interval":{"confidence_level":0.95,"lower_bound":4.143721237131489,"upper_bound":4.145549224683547},"point_estimate":4.144593279036673,"standard_error":0.00040879404058612325},"median_abs_dev":{"confidence_interval":{"confidence_level":0.95,"lower_bound":0.002984712379168275,"upper_bound":0.005123681507484225},"point_estimate":0.003776984427407707,"standard_error":0.0005423031422852264},"slope":{"confidence_interval":{"confidence_level":0.95,"lower_bound":4.146957389695668,"upper_bound":4.153617223341594},"point_estimate":4.1500161878013,"standard_error":0.0017093268449885827},"std_dev":{"confidence_interval":{"confidence_level":0.95,"lower_bound":0.008947854952469657,"upper_bound":0.023227075499295716},"point_estimate":0.016186416694496254,"standard_error":0.0038275512203320536}}