{"mean":{"confidence_interval":{"confidence_level":0.95,"lower_bound":1.3474226179959552,"upper_bound":1.3495612504793868},"point_estimate":1.3483726607122535,"standard_error":0.000547040662517188},"median":{"confidence_interval":{"confidence_level":0.95,"lower_bound":1.3466481682446931,"upper_bound":1.347196756982341},"point_estimate":1.3469482555382308,"standard_error":0.0001495582662738228},"median_abs_dev":{"confidence_interval":{"confidence_level":0.95,"lower_bound":0.0009438179000267979,"upper_bound":0.0016126768497196403},"point_estimate":0.00133151065242891,"standard_error":0.0001718617700256447},"slope":{"confidence_interval":{"confidence_level":0.95,"lower_bound":1.3472585425484158,"upper_bound":1.3494846793693442},"point_estimate":1.3481430942635633,"standard_error":0.0005893915960708511},"std_dev":{"confidence_interval":{"confidence_level":0.95,"lower_bound":0.0025286569842321574,"upper_bound":0.007863362508538576},"point_estimate":0.005503773109118939,"standard_error":0.00135710325197751}}