{"mean":{"confidence_interval":{"confidence_level":0.95,"lower_bound":1.3476672897589195,"upper_bound":1.35176467204223},"point_estimate":1.3493805066102653,"standard_error":0.0010675595638875727},"median":{"confidence_interval":{"confidence_level":0.95,"lower_bound":1.3463789508600277,"upper_bound":1.3473070511276761},"point_estimate":1.3468669678335314,"standard_error":0.0002286236260387397},"median_abs_dev":{"confidence_interval":{"confidence_level":0.95,"lower_bound":0.0011772137422379442,"upper_bound":0.0022074352992178217},"point_estimate":0.0016316929702879983,"standard_error":0.00026360267928918175},"slope":{"confidence_interval":{"confidence_level":0.95,"lower_bound":1.3475270213902741,"upper_bound":1.3499200577698176},"point_estimate":1.3486146980295244,"standard_error":0.0006119125597970533},"std_dev":{"confidence_interval":{"confidence_level":0.95,"lower_bound":0.0036512257974887228,"upper_bound":0.01703672667752277},"point_estimate":0.010776854130955658,"standard_error":0.0038953565734307478}}