{"mean":{"confidence_interval":{"confidence_level":0.95,"lower_bound":1.387623126159399,"upper_bound":1.391482312841578},"point_estimate":1.3892996963083895,"standard_error":0.0009977983266197072},"median":{"confidence_interval":{"confidence_level":0.95,"lower_bound":1.3862404931132803,"upper_bound":1.3872670253081143},"point_estimate":1.3866174787949885,"standard_error":0.00027022620640598343},"median_abs_dev":{"confidence_interval":{"confidence_level":0.95,"lower_bound":0.0016641360752809638,"upper_bound":0.002966159984547447},"point_estimate":0.0020424673179024392,"standard_error":0.0003242275771263991},"slope":{"confidence_interval":{"confidence_level":0.95,"lower_bound":1.386931362093516,"upper_bound":1.389882673514668},"point_estimate":1.3882510883097403,"standard_error":0.0007591943243175016},"std_dev":{"confidence_interval":{"confidence_level":0.95,"lower_bound":0.004682240256441671,"upper_bound":0.015109131919806337},"point_estimate":0.010035611135052086,"standard_error":0.0029639407534412378}}