{"mean":{"confidence_interval":{"confidence_level":0.95,"lower_bound":121571.33251863894,"upper_bound":121821.81276088997},"point_estimate":121690.63697971962,"standard_error":63.69631469627174},"median":{"confidence_interval":{"confidence_level":0.95,"lower_bound":121443.95522388059,"upper_bound":121596.39206349207},"point_estimate":121493.815913371,"standard_error":36.62520936182716},"median_abs_dev":{"confidence_interval":{"confidence_level":0.95,"lower_bound":227.6663785562797,"upper_bound":411.2267394326174},"point_estimate":297.5909218912491,"standard_error":45.356819313261795},"slope":{"confidence_interval":{"confidence_level":0.95,"lower_bound":121517.42775856495,"upper_bound":121689.23266269689},"point_estimate":121596.91325254913,"standard_error":43.907410687570525},"std_dev":{"confidence_interval":{"confidence_level":0.95,"lower_bound":450.67773564695005,"upper_bound":825.4349528982927},"point_estimate":639.4737619138185,"standard_error":97.18413925346634}}