{"mean":{"confidence_interval":{"confidence_level":0.95,"lower_bound":131335.30646993878,"upper_bound":131777.61500667714},"point_estimate":131529.19986226954,"standard_error":113.7758004044277},"median":{"confidence_interval":{"confidence_level":0.95,"lower_bound":131199.4605263158,"upper_bound":131401.93125},"point_estimate":131324.56578196347,"standard_error":56.768261442238156},"median_abs_dev":{"confidence_interval":{"confidence_level":0.95,"lower_bound":282.77135097979794,"upper_bound":497.2335849223331},"point_estimate":412.94863887340915,"standard_error":55.08982450545343},"slope":{"confidence_interval":{"confidence_level":0.95,"lower_bound":131369.70540153046,"upper_bound":131724.2877292504},"point_estimate":131525.0050805379,"standard_error":90.95214972479187},"std_dev":{"confidence_interval":{"confidence_level":0.95,"lower_bound":401.96067209064034,"upper_bound":1678.2230460624814},"point_estimate":1142.2298101529382,"standard_error":318.2998659815849}}