{"mean":{"confidence_interval":{"confidence_level":0.95,"lower_bound":129104.6020002635,"upper_bound":129638.9081474898},"point_estimate":129337.07576855297,"standard_error":137.42408958210913},"median":{"confidence_interval":{"confidence_level":0.95,"lower_bound":128989.4388888889,"upper_bound":129147.55208333334},"point_estimate":129067.63402061856,"standard_error":41.270463336026},"median_abs_dev":{"confidence_interval":{"confidence_level":0.95,"lower_bound":186.444403326916,"upper_bound":322.9150497716147},"point_estimate":245.31243925676497,"standard_error":35.29879044353554},"slope":{"confidence_interval":{"confidence_level":0.95,"lower_bound":129091.53907734236,"upper_bound":129358.35662422069},"point_estimate":129211.95342101375,"standard_error":68.49161909592091},"std_dev":{"confidence_interval":{"confidence_level":0.95,"lower_bound":392.9083457224207,"upper_bound":2069.5040799664653},"point_estimate":1386.3813712447218,"standard_error":410.74253279050276}}