{"mean":{"confidence_interval":{"confidence_level":0.95,"lower_bound":3.4737325309087854,"upper_bound":3.4887261685601594},"point_estimate":3.479997902008457,"standard_error":0.003907259924932726},"median":{"confidence_interval":{"confidence_level":0.95,"lower_bound":3.4691102472214324,"upper_bound":3.471928808116129},"point_estimate":3.4700741369890578,"standard_error":0.0005837076062670263},"median_abs_dev":{"confidence_interval":{"confidence_level":0.95,"lower_bound":0.004082962259460532,"upper_bound":0.007060985758216244},"point_estimate":0.005605768217588635,"standard_error":0.0007525489895071413},"slope":{"confidence_interval":{"confidence_level":0.95,"lower_bound":3.4740412759370813,"upper_bound":3.4842855939927975},"point_estimate":3.478711053384856,"standard_error":0.0026300028722026116},"std_dev":{"confidence_interval":{"confidence_level":0.95,"lower_bound":0.01387925593737387,"upper_bound":0.062286635028936124},"point_estimate":0.0393118130055158,"standard_error":0.014391994472429767}}