{"mean":{"confidence_interval":{"confidence_level":0.95,"lower_bound":3.4721029003511847,"upper_bound":3.481674562463734},"point_estimate":3.476354108959021,"standard_error":0.002458621559752892},"median":{"confidence_interval":{"confidence_level":0.95,"lower_bound":3.4682209805482773,"upper_bound":3.470297239651043},"point_estimate":3.4694609681693116,"standard_error":0.0005247484337996901},"median_abs_dev":{"confidence_interval":{"confidence_level":0.95,"lower_bound":0.0031329382023031036,"upper_bound":0.005510675650662646},"point_estimate":0.004284620335234018,"standard_error":0.0006030582860931672},"slope":{"confidence_interval":{"confidence_level":0.95,"lower_bound":3.4709661757009584,"upper_bound":3.4779678365406905},"point_estimate":3.4741506644696805,"standard_error":0.0017997152848788565},"std_dev":{"confidence_interval":{"confidence_level":0.95,"lower_bound":0.011610973881849482,"upper_bound":0.03583124746085969},"point_estimate":0.02470006558237255,"standard_error":0.00633584041505082}}