{"mean":{"confidence_interval":{"confidence_level":0.95,"lower_bound":4.051133888501835,"upper_bound":4.063724455518435},"point_estimate":4.057090981511347,"standard_error":0.0032199677516484247},"median":{"confidence_interval":{"confidence_level":0.95,"lower_bound":4.041510818811539,"upper_bound":4.045368394255934},"point_estimate":4.042669607985495,"standard_error":0.0010346284990920673},"median_abs_dev":{"confidence_interval":{"confidence_level":0.95,"lower_bound":0.004966915084797731,"upper_bound":0.011820537651815241},"point_estimate":0.00692102029676819,"standard_error":0.0017354345705226113},"slope":{"confidence_interval":{"confidence_level":0.95,"lower_bound":4.049515869874024,"upper_bound":4.061992131683248},"point_estimate":4.0553791090724225,"standard_error":0.0031851616404875976},"std_dev":{"confidence_interval":{"confidence_level":0.95,"lower_bound":0.02310092915254913,"upper_bound":0.04013696615534659},"point_estimate":0.03244602279620621,"standard_error":0.004357622778848949}}