{"mean":{"confidence_interval":{"confidence_level":0.95,"lower_bound":3.7883601316932776,"upper_bound":3.809725942809325},"point_estimate":3.7980193928838797,"standard_error":0.005461915962134864},"median":{"confidence_interval":{"confidence_level":0.95,"lower_bound":3.782558347175307,"upper_bound":3.7912813235913796},"point_estimate":3.786509353487612,"standard_error":0.0023774293035016395},"median_abs_dev":{"confidence_interval":{"confidence_level":0.95,"lower_bound":0.0145625524564784,"upper_bound":0.027387918487803593},"point_estimate":0.018615311553663458,"standard_error":0.0032569284358872214},"slope":{"confidence_interval":{"confidence_level":0.95,"lower_bound":3.7881370873135616,"upper_bound":3.8030717353673458},"point_estimate":3.794753962507384,"standard_error":0.0038245540601510516},"std_dev":{"confidence_interval":{"confidence_level":0.95,"lower_bound":0.02990678824526082,"upper_bound":0.07813360182591278},"point_estimate":0.05496630788679831,"standard_error":0.012613840110793409}}