{"mean":{"confidence_interval":{"confidence_level":0.95,"lower_bound":4.047417084925833,"upper_bound":4.058382301279385},"point_estimate":4.052408767813716,"standard_error":0.002815961744215643},"median":{"confidence_interval":{"confidence_level":0.95,"lower_bound":4.042142820720445,"upper_bound":4.045110785730117},"point_estimate":4.043316976128015,"standard_error":0.0007088075569975258},"median_abs_dev":{"confidence_interval":{"confidence_level":0.95,"lower_bound":0.0034359808496903614,"upper_bound":0.00691087722732107},"point_estimate":0.005049793519554341,"standard_error":0.0008860715911288373},"slope":{"confidence_interval":{"confidence_level":0.95,"lower_bound":4.048221541177347,"upper_bound":4.059681259259239},"point_estimate":4.053495340387909,"standard_error":0.002939880814564169},"std_dev":{"confidence_interval":{"confidence_level":0.95,"lower_bound":0.01569390765910172,"upper_bound":0.03917352187586548},"point_estimate":0.028345560237905378,"standard_error":0.006031817314942376}}