{"mean":{"confidence_interval":{"confidence_level":0.95,"lower_bound":4.047637298791256,"upper_bound":4.060907759642371},"point_estimate":4.053637371408778,"standard_error":0.003406539627328437},"median":{"confidence_interval":{"confidence_level":0.95,"lower_bound":4.039809907092393,"upper_bound":4.045044479773907},"point_estimate":4.041909146519939,"standard_error":0.0013305998451779903},"median_abs_dev":{"confidence_interval":{"confidence_level":0.95,"lower_bound":0.005415016329514728,"upper_bound":0.011167398376118914},"point_estimate":0.0077927520888478865,"standard_error":0.0015208505982735898},"slope":{"confidence_interval":{"confidence_level":0.95,"lower_bound":4.047746904253691,"upper_bound":4.058402012392744},"point_estimate":4.052696407078896,"standard_error":0.0027228045112598037},"std_dev":{"confidence_interval":{"confidence_level":0.95,"lower_bound":0.018212424266412612,"upper_bound":0.04864010733230368},"point_estimate":0.03427606408789133,"standard_error":0.007972730219469837}}