{"mean":{"confidence_interval":{"confidence_level":0.95,"lower_bound":28.548151218086083,"upper_bound":28.663373163985813},"point_estimate":28.59391044837107,"standard_error":0.03050260480936018},"median":{"confidence_interval":{"confidence_level":0.95,"lower_bound":28.52855086722052,"upper_bound":28.563021930107816},"point_estimate":28.55136274335156,"standard_error":0.009915978575982181},"median_abs_dev":{"confidence_interval":{"confidence_level":0.95,"lower_bound":0.0649421527472357,"upper_bound":0.10569059744437888},"point_estimate":0.08232851049094414,"standard_error":0.010521532257445773},"slope":{"confidence_interval":{"confidence_level":0.95,"lower_bound":28.5383620903416,"upper_bound":28.607052298480383},"point_estimate":28.568974920881917,"standard_error":0.017645183329982207},"std_dev":{"confidence_interval":{"confidence_level":0.95,"lower_bound":0.09104753674874329,"upper_bound":0.49855363921296303},"point_estimate":0.3053538690273373,"standard_error":0.13073369290884368}}