{"mean":{"confidence_interval":{"confidence_level":0.95,"lower_bound":1.243925611639443,"upper_bound":1.2453188991036148},"point_estimate":1.2445626194033945,"standard_error":0.0003569069292540693},"median":{"confidence_interval":{"confidence_level":0.95,"lower_bound":1.2430697135767281,"upper_bound":1.2439838755865282},"point_estimate":1.2434529214141732,"standard_error":0.00024850588192347},"median_abs_dev":{"confidence_interval":{"confidence_level":0.95,"lower_bound":0.0009767485231940954,"upper_bound":0.001978639682943062},"point_estimate":0.0013878431843755822,"standard_error":0.00025424054048100937},"slope":{"confidence_interval":{"confidence_level":0.95,"lower_bound":1.2438159531866926,"upper_bound":1.2455192100214196},"point_estimate":1.2445835030880854,"standard_error":0.00043896939043881923},"std_dev":{"confidence_interval":{"confidence_level":0.95,"lower_bound":0.0020688514475450154,"upper_bound":0.004922156520282239},"point_estimate":0.003586635778257974,"standard_error":0.0007286758802854922}}