{"mean":{"confidence_interval":{"confidence_level":0.95,"lower_bound":1.1485438536608268,"upper_bound":1.152747722916538},"point_estimate":1.150568477171395,"standard_error":0.0010677494871855825},"median":{"confidence_interval":{"confidence_level":0.95,"lower_bound":1.1493148921101373,"upper_bound":1.1510262582294906},"point_estimate":1.1502834821966943,"standard_error":0.000455098625961062},"median_abs_dev":{"confidence_interval":{"confidence_level":0.95,"lower_bound":0.0029812794565985162,"upper_bound":0.005260446026386719},"point_estimate":0.003919450598080564,"standard_error":0.000569406133061447},"slope":{"confidence_interval":{"confidence_level":0.95,"lower_bound":1.1499506179344015,"upper_bound":1.1526956824777959},"point_estimate":1.1512310626955438,"standard_error":0.0007036344434619174},"std_dev":{"confidence_interval":{"confidence_level":0.95,"lower_bound":0.005593160712583579,"upper_bound":0.015429416862072104},"point_estimate":0.010768255694365505,"standard_error":0.002556162454452011}}