{"mean":{"confidence_interval":{"confidence_level":0.95,"lower_bound":1.2431190260405758,"upper_bound":1.2440572899743088},"point_estimate":1.2435537042057845,"standard_error":0.00024023051256477886},"median":{"confidence_interval":{"confidence_level":0.95,"lower_bound":1.2425559450447479,"upper_bound":1.2433575848821783},"point_estimate":1.2428634975519066,"standard_error":0.00021001870595478052},"median_abs_dev":{"confidence_interval":{"confidence_level":0.95,"lower_bound":0.0009594250167434278,"upper_bound":0.0015973439403881447},"point_estimate":0.0012189404438300426,"standard_error":0.00015566428302551748},"slope":{"confidence_interval":{"confidence_level":0.95,"lower_bound":1.2431055407828902,"upper_bound":1.2438703581361281},"point_estimate":1.2434632345388081,"standard_error":0.00019522772346966866},"std_dev":{"confidence_interval":{"confidence_level":0.95,"lower_bound":0.001533787359829663,"upper_bound":0.0031710814927888224},"point_estimate":0.002410175498077415,"standard_error":0.000418517907222525}}