{"mean":{"confidence_interval":{"confidence_level":0.95,"lower_bound":1.2420206480073357,"upper_bound":1.244625717753089},"point_estimate":1.2433488671589077,"standard_error":0.000663897206788642},"median":{"confidence_interval":{"confidence_level":0.95,"lower_bound":1.2423613347214209,"upper_bound":1.2432612079114536},"point_estimate":1.2428945373195703,"standard_error":0.0002222260720522074},"median_abs_dev":{"confidence_interval":{"confidence_level":0.95,"lower_bound":0.0009833428777682334,"upper_bound":0.0017867835716871483},"point_estimate":0.0014223253388054927,"standard_error":0.0002173573413367202},"slope":{"confidence_interval":{"confidence_level":0.95,"lower_bound":1.2417409882732493,"upper_bound":1.2447579998410185},"point_estimate":1.2433024649716264,"standard_error":0.0007677858247565421},"std_dev":{"confidence_interval":{"confidence_level":0.95,"lower_bound":0.004241944118231548,"upper_bound":0.008737927305856565},"point_estimate":0.006659417815284474,"standard_error":0.0011473153163762172}}