{"mean":{"confidence_interval":{"confidence_level":0.95,"lower_bound":127.34079182920885,"upper_bound":127.7574862756285},"point_estimate":127.52505682397458,"standard_error":0.10737222237735919},"median":{"confidence_interval":{"confidence_level":0.95,"lower_bound":127.26576246381302,"upper_bound":127.34779812666014},"point_estimate":127.31890562418909,"standard_error":0.01882313941697684},"median_abs_dev":{"confidence_interval":{"confidence_level":0.95,"lower_bound":0.1291207157280618,"upper_bound":0.2632157884673958},"point_estimate":0.18058283784425738,"standard_error":0.033074035620628044},"slope":{"confidence_interval":{"confidence_level":0.95,"lower_bound":127.32533344621163,"upper_bound":127.74363437157713},"point_estimate":127.49556988544273,"standard_error":0.10937553308847453},"std_dev":{"confidence_interval":{"confidence_level":0.95,"lower_bound":0.4564507844585025,"upper_bound":1.5508476392665904},"point_estimate":1.07693053875119,"standard_error":0.2808671454284568}}