{"mean":{"confidence_interval":{"confidence_level":0.95,"lower_bound":17194659.2425,"upper_bound":17257720.56075},"point_estimate":17221419.21,"standard_error":16335.246920003921},"median":{"confidence_interval":{"confidence_level":0.95,"lower_bound":17183038.0,"upper_bound":17199138.0},"point_estimate":17189114.0,"standard_error":4832.3559473734185},"median_abs_dev":{"confidence_interval":{"confidence_level":0.95,"lower_bound":32522.12769761683,"upper_bound":57459.64457988739},"point_estimate":42948.6973375082,"standard_error":6563.796236583327},"slope":null,"std_dev":{"confidence_interval":{"confidence_level":0.95,"lower_bound":57109.13989648707,"upper_bound":257331.75764349016},"point_estimate":164924.49926908212,"standard_error":55464.68181713978}}