{"mean":{"confidence_interval":{"confidence_level":0.95,"lower_bound":18271348.59825,"upper_bound":18293481.74925},"point_estimate":18282072.84,"standard_error":5648.117851057915},"median":{"confidence_interval":{"confidence_level":0.95,"lower_bound":18269729.0,"upper_bound":18288293.0},"point_estimate":18273932.0,"standard_error":4642.240617206239},"median_abs_dev":{"confidence_interval":{"confidence_level":0.95,"lower_bound":37348.91723692417,"upper_bound":61613.14840614796},"point_estimate":47085.151264071465,"standard_error":6214.654295067649},"slope":null,"std_dev":{"confidence_interval":{"confidence_level":0.95,"lower_bound":44620.06388279947,"upper_bound":70458.48702514908},"point_estimate":56807.24121126415,"standard_error":6828.462404341482}}