{"mean":{"confidence_interval":{"confidence_level":0.95,"lower_bound":19447500.8245,"upper_bound":19468055.64525},"point_estimate":19457266.18,"standard_error":5245.236173778095},"median":{"confidence_interval":{"confidence_level":0.95,"lower_bound":19439646.0,"upper_bound":19456718.0},"point_estimate":19447530.5,"standard_error":3866.9176997356763},"median_abs_dev":{"confidence_interval":{"confidence_level":0.95,"lower_bound":24457.71046578884,"upper_bound":40133.999819979064},"point_estimate":33740.268900990486,"standard_error":3898.4077689772525},"slope":null,"std_dev":{"confidence_interval":{"confidence_level":0.95,"lower_bound":37068.26561527928,"upper_bound":66236.03561613282},"point_estimate":52721.89964856285,"standard_error":7494.918658601636}}