{"mean":{"confidence_interval":{"confidence_level":0.95,"lower_bound":21844672.41925,"upper_bound":21899554.919999998},"point_estimate":21870450.8,"standard_error":14012.196919701515},"median":{"confidence_interval":{"confidence_level":0.95,"lower_bound":21830054.5,"upper_bound":21871327.0},"point_estimate":21848899.5,"standard_error":11684.210251937977},"median_abs_dev":{"confidence_interval":{"confidence_level":0.95,"lower_bound":72961.70990467072,"upper_bound":119930.79212330274},"point_estimate":94655.85401952267,"standard_error":11419.826942707894},"slope":null,"std_dev":{"confidence_interval":{"confidence_level":0.95,"lower_bound":95238.25844593247,"upper_bound":185016.92267512335},"point_estimate":141053.9321436014,"standard_error":23231.62581954784}}