{"mean":{"confidence_interval":{"confidence_level":0.95,"lower_bound":16329105.8225,"upper_bound":16348869.6085},"point_estimate":16338398.76,"standard_error":5042.93880077577},"median":{"confidence_interval":{"confidence_level":0.95,"lower_bound":16318669.0,"upper_bound":16341607.5},"point_estimate":16329720.0,"standard_error":5599.951354448105},"median_abs_dev":{"confidence_interval":{"confidence_level":0.95,"lower_bound":30368.836560845375,"upper_bound":49143.741327524185},"point_estimate":38693.63541305065,"standard_error":4424.87372248148},"slope":null,"std_dev":{"confidence_interval":{"confidence_level":0.95,"lower_bound":34680.85441079239,"upper_bound":67760.57598708886},"point_estimate":50698.21787139818,"standard_error":8823.939243616976}}