{"mean":{"confidence_interval":{"confidence_level":0.95,"lower_bound":16783879.991,"upper_bound":16826026.450999998},"point_estimate":16802781.15,"standard_error":10815.001807462791},"median":{"confidence_interval":{"confidence_level":0.95,"lower_bound":16777321.5,"upper_bound":16797328.5},"point_estimate":16788963.5,"standard_error":5066.177786235279},"median_abs_dev":{"confidence_interval":{"confidence_level":0.95,"lower_bound":34556.44018650055,"upper_bound":54781.49451993402},"point_estimate":49188.21932673454,"standard_error":5505.929709992351},"slope":null,"std_dev":{"confidence_interval":{"confidence_level":0.95,"lower_bound":54462.512472486465,"upper_bound":156000.77122266407},"point_estimate":108890.25415039156,"standard_error":26302.4834969647}}