{"mean":{"confidence_interval":{"confidence_level":0.95,"lower_bound":15092303.3605,"upper_bound":15286914.125500001},"point_estimate":15165348.65,"standard_error":52966.809970011884},"median":{"confidence_interval":{"confidence_level":0.95,"lower_bound":15067639.5,"upper_bound":15095642.0},"point_estimate":15081646.5,"standard_error":7212.097267737035},"median_abs_dev":{"confidence_interval":{"confidence_level":0.95,"lower_bound":41856.76245689392,"upper_bound":70972.06073999405},"point_estimate":53822.82684445381,"standard_error":7749.820216497478},"slope":null,"std_dev":{"confidence_interval":{"confidence_level":0.95,"lower_bound":96398.28073893166,"upper_bound":892067.3875911977},"point_estimate":533598.7758096935,"standard_error":259328.742244319}}