{"mean":{"confidence_interval":{"confidence_level":0.95,"lower_bound":16532447.98225,"upper_bound":16575912.4015},"point_estimate":16552590.21,"standard_error":11142.523956949028},"median":{"confidence_interval":{"confidence_level":0.95,"lower_bound":16520130.0,"upper_bound":16544315.0},"point_estimate":16531361.0,"standard_error":6017.166615421193},"median_abs_dev":{"confidence_interval":{"confidence_level":0.95,"lower_bound":36586.06395296753,"upper_bound":72182.60361850262},"point_estimate":55404.761016368866,"standard_error":8945.560645176582},"slope":null,"std_dev":{"confidence_interval":{"confidence_level":0.95,"lower_bound":62331.862051470634,"upper_bound":153454.69336933133},"point_estimate":112361.58520870033,"standard_error":23245.566008968817}}