{"mean":{"confidence_interval":{"confidence_level":0.95,"lower_bound":21400892.103749998,"upper_bound":21425571.64425},"point_estimate":21412714.13,"standard_error":6314.771144956057},"median":{"confidence_interval":{"confidence_level":0.95,"lower_bound":21393588.0,"upper_bound":21414116.0},"point_estimate":21402637.5,"standard_error":5668.2163756726195},"median_abs_dev":{"confidence_interval":{"confidence_level":0.95,"lower_bound":31236.89884543419,"upper_bound":54275.76113641262},"point_estimate":41532.07306265831,"standard_error":5932.614516878967},"slope":null,"std_dev":{"confidence_interval":{"confidence_level":0.95,"lower_bound":46700.1437201176,"upper_bound":78837.06024827532},"point_estimate":63565.65244326912,"standard_error":8234.514057950268}}