{"mean":{"confidence_interval":{"confidence_level":0.95,"lower_bound":17458942.7905,"upper_bound":17480148.767},"point_estimate":17469208.0,"standard_error":5412.917948447614},"median":{"confidence_interval":{"confidence_level":0.95,"lower_bound":17448139.0,"upper_bound":17466398.0},"point_estimate":17455918.5,"standard_error":5278.291565954697},"median_abs_dev":{"confidence_interval":{"confidence_level":0.95,"lower_bound":27301.133357808012,"upper_bound":56764.30519223213},"point_estimate":40965.71987271309,"standard_error":7357.01158549603},"slope":null,"std_dev":{"confidence_interval":{"confidence_level":0.95,"lower_bound":41914.786226718956,"upper_bound":66251.84118247931},"point_estimate":54442.32081902475,"standard_error":6265.59205751712}}