{"mean":{"confidence_interval":{"confidence_level":0.95,"lower_bound":17042589.41075,"upper_bound":17073116.26325},"point_estimate":17057274.76,"standard_error":7760.134543625768},"median":{"confidence_interval":{"confidence_level":0.95,"lower_bound":17028226.0,"upper_bound":17078259.5},"point_estimate":17066021.5,"standard_error":12876.733718623653},"median_abs_dev":{"confidence_interval":{"confidence_level":0.95,"lower_bound":53621.19324803352,"upper_bound":86403.70256602764},"point_estimate":70637.73444592953,"standard_error":8144.035289196388},"slope":null,"std_dev":{"confidence_interval":{"confidence_level":0.95,"lower_bound":58289.408308612525,"upper_bound":99867.87341362475},"point_estimate":77984.11663431695,"standard_error":11004.234524086098}}