{"mean":{"confidence_interval":{"confidence_level":0.95,"lower_bound":17336123.273000002,"upper_bound":17372021.87925},"point_estimate":17352343.61,"standard_error":9194.62682300619},"median":{"confidence_interval":{"confidence_level":0.95,"lower_bound":17323380.5,"upper_bound":17348102.0},"point_estimate":17334997.5,"standard_error":5551.643673300376},"median_abs_dev":{"confidence_interval":{"confidence_level":0.95,"lower_bound":34698.769783973694,"upper_bound":53925.86754262447},"point_estimate":44114.76221680641,"standard_error":4876.080994925781},"slope":null,"std_dev":{"confidence_interval":{"confidence_level":0.95,"lower_bound":52007.80039117164,"upper_bound":133160.7433727645},"point_estimate":92457.29305789694,"standard_error":22192.98631357536}}