{"mean":{"confidence_interval":{"confidence_level":0.95,"lower_bound":21051457.46075,"upper_bound":21100901.79},"point_estimate":21074359.23,"standard_error":12636.064648418826},"median":{"confidence_interval":{"confidence_level":0.95,"lower_bound":21021929.0,"upper_bound":21066047.0},"point_estimate":21037869.5,"standard_error":11404.196408095562},"median_abs_dev":{"confidence_interval":{"confidence_level":0.95,"lower_bound":46275.85553593938,"upper_bound":84764.11378763612},"point_estimate":60255.08683025837,"standard_error":9170.482399201303},"slope":null,"std_dev":{"confidence_interval":{"confidence_level":0.95,"lower_bound":81159.81420193826,"upper_bound":174288.65848098663},"point_estimate":127265.48375395576,"standard_error":24770.553971728605}}