{"mean":{"confidence_interval":{"confidence_level":0.95,"lower_bound":21079419.783749998,"upper_bound":21120093.98075},"point_estimate":21096161.34,"standard_error":10576.650103404789},"median":{"confidence_interval":{"confidence_level":0.95,"lower_bound":21072363.0,"upper_bound":21091309.0},"point_estimate":21080072.0,"standard_error":5206.592099928335},"median_abs_dev":{"confidence_interval":{"confidence_level":0.95,"lower_bound":29290.98637998104,"upper_bound":47353.50185930729},"point_estimate":39606.91699683666,"standard_error":4548.101149224092},"slope":null,"std_dev":{"confidence_interval":{"confidence_level":0.95,"lower_bound":38228.74552888115,"upper_bound":170244.0741358522},"point_estimate":106421.13034687929,"standard_error":41104.46241621871}}