{"mean":{"confidence_interval":{"confidence_level":0.95,"lower_bound":16260930.47925,"upper_bound":16305844.804000001},"point_estimate":16281619.92,"standard_error":11470.069440452537},"median":{"confidence_interval":{"confidence_level":0.95,"lower_bound":16241632.0,"upper_bound":16268343.0},"point_estimate":16252958.5,"standard_error":7220.04969455114},"median_abs_dev":{"confidence_interval":{"confidence_level":0.95,"lower_bound":48081.458446383476,"upper_bound":86931.50815665722},"point_estimate":61263.25481235981,"standard_error":10497.300190661843},"slope":null,"std_dev":{"confidence_interval":{"confidence_level":0.95,"lower_bound":68717.46625322406,"upper_bound":156633.9280769326},"point_estimate":115378.81061469748,"standard_error":22744.23116435094}}