{"mean":{"confidence_interval":{"confidence_level":0.95,"lower_bound":937.6766623425818,"upper_bound":941.7054097612632},"point_estimate":939.4804682872596,"standard_error":1.0330954802114996},"median":{"confidence_interval":{"confidence_level":0.95,"lower_bound":936.7792778139233,"upper_bound":941.3666659107403},"point_estimate":939.4330833235673,"standard_error":1.2091449877436853},"median_abs_dev":{"confidence_interval":{"confidence_level":0.95,"lower_bound":4.73792327757647,"upper_bound":8.158959457942746},"point_estimate":6.79421762971765,"standard_error":0.8500277953812626},"slope":{"confidence_interval":{"confidence_level":0.95,"lower_bound":933.9166467194628,"upper_bound":936.5080927626159},"point_estimate":935.1354852210087,"standard_error":0.6596100339976215},"std_dev":{"confidence_interval":{"confidence_level":0.95,"lower_bound":5.782112251884624,"upper_bound":15.394095097905687},"point_estimate":10.372871315159493,"standard_error":2.8928243384908785}}