{"mean":{"confidence_interval":{"confidence_level":0.95,"lower_bound":4.147957792227674,"upper_bound":4.163004483715627},"point_estimate":4.154217523220506,"standard_error":0.003906524365303387},"median":{"confidence_interval":{"confidence_level":0.95,"lower_bound":4.145317904651092,"upper_bound":4.148132526174471},"point_estimate":4.146067390157814,"standard_error":0.0007548121996210032},"median_abs_dev":{"confidence_interval":{"confidence_level":0.95,"lower_bound":0.004084215405134489,"upper_bound":0.006978231343206571},"point_estimate":0.005354119531260224,"standard_error":0.000755047336347369},"slope":{"confidence_interval":{"confidence_level":0.95,"lower_bound":4.148722941139921,"upper_bound":4.156705234471115},"point_estimate":4.152262849469725,"standard_error":0.0020359854247733087},"std_dev":{"confidence_interval":{"confidence_level":0.95,"lower_bound":0.010534469615279467,"upper_bound":0.06203415813122274},"point_estimate":0.03920267504327412,"standard_error":0.01419762440129682}}