{"mean":{"confidence_interval":{"confidence_level":0.95,"lower_bound":4.1550784977807815,"upper_bound":4.162778251412538},"point_estimate":4.1585640495673655,"standard_error":0.0019701331284017053},"median":{"confidence_interval":{"confidence_level":0.95,"lower_bound":4.151426199726477,"upper_bound":4.154531346710419},"point_estimate":4.153309817405563,"standard_error":0.0008687371277775522},"median_abs_dev":{"confidence_interval":{"confidence_level":0.95,"lower_bound":0.003944908009096295,"upper_bound":0.0077687872612081455},"point_estimate":0.0052228182166445146,"standard_error":0.000970041638800066},"slope":{"confidence_interval":{"confidence_level":0.95,"lower_bound":4.15674390163741,"upper_bound":4.163217072800609},"point_estimate":4.159812129206133,"standard_error":0.0016542045749809895},"std_dev":{"confidence_interval":{"confidence_level":0.95,"lower_bound":0.010677734278841333,"upper_bound":0.027648720958294834},"point_estimate":0.019859347508996057,"standard_error":0.004387041559965017}}