{"mean":{"confidence_interval":{"confidence_level":0.95,"lower_bound":4.1136798693696,"upper_bound":4.12468316184533},"point_estimate":4.1188485015441465,"standard_error":0.002806881396155322},"median":{"confidence_interval":{"confidence_level":0.95,"lower_bound":4.107180754036675,"upper_bound":4.113880050577797},"point_estimate":4.109077160826314,"standard_error":0.0016185179182618256},"median_abs_dev":{"confidence_interval":{"confidence_level":0.95,"lower_bound":0.009055571176625286,"upper_bound":0.016534285320286862},"point_estimate":0.012947588387066075,"standard_error":0.0018901637926401883},"slope":{"confidence_interval":{"confidence_level":0.95,"lower_bound":4.111991023849192,"upper_bound":4.130061510011632},"point_estimate":4.120167719226958,"standard_error":0.004644018849572957},"std_dev":{"confidence_interval":{"confidence_level":0.95,"lower_bound":0.01980812971342364,"upper_bound":0.03577362596940294},"point_estimate":0.02829290279741933,"standard_error":0.004089314059002897}}