{"mean":{"confidence_interval":{"confidence_level":0.95,"lower_bound":1.5238016038969675,"upper_bound":1.5412798101146248},"point_estimate":1.5325601208666484,"standard_error":0.004439652275720069},"median":{"confidence_interval":{"confidence_level":0.95,"lower_bound":1.5243063509281827,"upper_bound":1.5439536073400344},"point_estimate":1.5359992078488824,"standard_error":0.0053558548054792},"median_abs_dev":{"confidence_interval":{"confidence_level":0.95,"lower_bound":0.028501175269487863,"upper_bound":0.04961327153138795},"point_estimate":0.0381712273077927,"standard_error":0.005450818277391538},"slope":{"confidence_interval":{"confidence_level":0.95,"lower_bound":1.533149384644338,"upper_bound":1.54772745338634},"point_estimate":1.5404365013427141,"standard_error":0.00372127636591563},"std_dev":{"confidence_interval":{"confidence_level":0.95,"lower_bound":0.037442114235828355,"upper_bound":0.05173851236615864},"point_estimate":0.04468628575215653,"standard_error":0.0036478124603657545}}