{"mean":{"confidence_interval":{"confidence_level":0.95,"lower_bound":1.5563479284873674,"upper_bound":1.5596871586122651},"point_estimate":1.5578610257789203,"standard_error":0.0008572778784438558},"median":{"confidence_interval":{"confidence_level":0.95,"lower_bound":1.5547912391469711,"upper_bound":1.5562290546297437},"point_estimate":1.5557355579274348,"standard_error":0.0003351197787288677},"median_abs_dev":{"confidence_interval":{"confidence_level":0.95,"lower_bound":0.0022011837899215013,"upper_bound":0.0037545434648519676},"point_estimate":0.0030463983284182957,"standard_error":0.0004090491201551475},"slope":{"confidence_interval":{"confidence_level":0.95,"lower_bound":1.5566549723952119,"upper_bound":1.5613470147361654},"point_estimate":1.5587928925688836,"standard_error":0.0012025494497896678},"std_dev":{"confidence_interval":{"confidence_level":0.95,"lower_bound":0.0048189778210528545,"upper_bound":0.011779708475342529},"point_estimate":0.008609175940744939,"standard_error":0.0017830889033019226}}