{"mean":{"confidence_interval":{"confidence_level":0.95,"lower_bound":1.5595885168512769,"upper_bound":1.5667972655772908},"point_estimate":1.5627859457781839,"standard_error":0.0018542971411260034},"median":{"confidence_interval":{"confidence_level":0.95,"lower_bound":1.5562913142154216,"upper_bound":1.558388489411359},"point_estimate":1.5571796833445313,"standard_error":0.0004819300633902393},"median_abs_dev":{"confidence_interval":{"confidence_level":0.95,"lower_bound":0.0023704214154247906,"upper_bound":0.004605835952786253},"point_estimate":0.003345533921744245,"standard_error":0.0005651023351640966},"slope":{"confidence_interval":{"confidence_level":0.95,"lower_bound":1.5583697811547104,"upper_bound":1.563032706973397},"point_estimate":1.56044795532452,"standard_error":0.0012008347577431486},"std_dev":{"confidence_interval":{"confidence_level":0.95,"lower_bound":0.0083622414098834,"upper_bound":0.027421046062562324},"point_estimate":0.01867128786124285,"standard_error":0.0049663045822777845}}