{"mean":{"confidence_interval":{"confidence_level":0.95,"lower_bound":1.5612211191300724,"upper_bound":1.5753369714166416},"point_estimate":1.5674040281754724,"standard_error":0.0036344402889277303},"median":{"confidence_interval":{"confidence_level":0.95,"lower_bound":1.5571434238947428,"upper_bound":1.5586071900446736},"point_estimate":1.5578621580566492,"standard_error":0.0003488940669691868},"median_abs_dev":{"confidence_interval":{"confidence_level":0.95,"lower_bound":0.002854639964817689,"upper_bound":0.005052765504127681},"point_estimate":0.004058540015152994,"standard_error":0.0005636022206101773},"slope":{"confidence_interval":{"confidence_level":0.95,"lower_bound":1.5605332093396398,"upper_bound":1.5770502879102477},"point_estimate":1.5674554524974293,"standard_error":0.004290241575452608},"std_dev":{"confidence_interval":{"confidence_level":0.95,"lower_bound":0.011104917418012632,"upper_bound":0.05266384038782962},"point_estimate":0.03648552587930919,"standard_error":0.009908381160778941}}