{"mean":{"confidence_interval":{"confidence_level":0.95,"lower_bound":1.5574867313365985,"upper_bound":1.563817974801973},"point_estimate":1.5602652037278468,"standard_error":0.0016354157418180342},"median":{"confidence_interval":{"confidence_level":0.95,"lower_bound":1.5555529395192775,"upper_bound":1.5567754473209652},"point_estimate":1.555915564371463,"standard_error":0.0003052136147325657},"median_abs_dev":{"confidence_interval":{"confidence_level":0.95,"lower_bound":0.0018080894413338784,"upper_bound":0.0030614621078287425},"point_estimate":0.0023380071418277635,"standard_error":0.00033353482757123026},"slope":{"confidence_interval":{"confidence_level":0.95,"lower_bound":1.556799866352442,"upper_bound":1.5637900478305176},"point_estimate":1.559687035257542,"standard_error":0.0018135034862079157},"std_dev":{"confidence_interval":{"confidence_level":0.95,"lower_bound":0.006921108647522114,"upper_bound":0.02466355018728869},"point_estimate":0.016426124458779206,"standard_error":0.004710534722278983}}