{"mean":{"confidence_interval":{"confidence_level":0.95,"lower_bound":1.5555793432560447,"upper_bound":1.5593935655655693},"point_estimate":1.557277652397665,"standard_error":0.000981325823843347},"median":{"confidence_interval":{"confidence_level":0.95,"lower_bound":1.553821120883593,"upper_bound":1.5551291237652727},"point_estimate":1.5545882033443061,"standard_error":0.0003044011758863174},"median_abs_dev":{"confidence_interval":{"confidence_level":0.95,"lower_bound":0.0018745756243106005,"upper_bound":0.003263386131868642},"point_estimate":0.002634604241170506,"standard_error":0.0003497806427399312},"slope":{"confidence_interval":{"confidence_level":0.95,"lower_bound":1.5555778670570208,"upper_bound":1.55876600292569},"point_estimate":1.557022673750639,"standard_error":0.0008200253726237708},"std_dev":{"confidence_interval":{"confidence_level":0.95,"lower_bound":0.004811600433645903,"upper_bound":0.014078086338536836},"point_estimate":0.00989921819814269,"standard_error":0.0023815479811939285}}