{"mean":{"confidence_interval":{"confidence_level":0.95,"lower_bound":27110891.875,"upper_bound":27173408.83675},"point_estimate":27139658.27,"standard_error":15959.069692054325},"median":{"confidence_interval":{"confidence_level":0.95,"lower_bound":27072173.0,"upper_bound":27151244.0},"point_estimate":27102731.5,"standard_error":19491.04615862822},"median_abs_dev":{"confidence_interval":{"confidence_level":0.95,"lower_bound":71532.48353004456,"upper_bound":123341.93961024284},"point_estimate":99819.00842785835,"standard_error":12624.877307978324},"slope":null,"std_dev":{"confidence_interval":{"confidence_level":0.95,"lower_bound":93356.84567218673,"upper_bound":218411.8949537252},"point_estimate":159839.53894572178,"standard_error":32187.492590151876}}