{"mean":{"confidence_interval":{"confidence_level":0.95,"lower_bound":32921528.04775,"upper_bound":32992547.528500002},"point_estimate":32955347.12,"standard_error":18130.959456174496},"median":{"confidence_interval":{"confidence_level":0.95,"lower_bound":32883197.0,"upper_bound":32942797.5},"point_estimate":32907307.0,"standard_error":16968.905143938515},"median_abs_dev":{"confidence_interval":{"confidence_level":0.95,"lower_bound":81383.61905515194,"upper_bound":141296.22529149055},"point_estimate":110748.73543381691,"standard_error":15086.54158437622},"slope":null,"std_dev":{"confidence_interval":{"confidence_level":0.95,"lower_bound":132358.09732541384,"upper_bound":227066.52020866622},"point_estimate":183117.73322427724,"standard_error":24194.07173745334}}