{"mean":{"confidence_interval":{"confidence_level":0.95,"lower_bound":30626949.9225,"upper_bound":30769000.535},"point_estimate":30684707.57,"standard_error":37131.33948532814},"median":{"confidence_interval":{"confidence_level":0.95,"lower_bound":30599520.0,"upper_bound":30652700.0},"point_estimate":30626927.0,"standard_error":15622.46812039571},"median_abs_dev":{"confidence_interval":{"confidence_level":0.95,"lower_bound":96073.96089434624,"upper_bound":154396.47865891457},"point_estimate":128684.48861539364,"standard_error":14234.851648479313},"slope":null,"std_dev":{"confidence_interval":{"confidence_level":0.95,"lower_bound":130994.8107222073,"upper_bound":599606.3321554502},"point_estimate":372795.1141211092,"standard_error":149056.00693631373}}