{"mean":{"confidence_interval":{"confidence_level":0.95,"lower_bound":50288751.98325,"upper_bound":50341651.88875},"point_estimate":50312388.94,"standard_error":13586.048199966897},"median":{"confidence_interval":{"confidence_level":0.95,"lower_bound":50278735.5,"upper_bound":50304279.5},"point_estimate":50295137.0,"standard_error":6985.1214366026725},"median_abs_dev":{"confidence_interval":{"confidence_level":0.95,"lower_bound":50291.27370715141,"upper_bound":77937.31541633606},"point_estimate":69047.64597415924,"standard_error":7227.573422971279},"slope":null,"std_dev":{"confidence_interval":{"confidence_level":0.95,"lower_bound":68044.0606034926,"upper_bound":200931.02916492763},"point_estimate":136492.4224102961,"standard_error":35543.86909385785}}