{"mean":{"confidence_interval":{"confidence_level":0.95,"lower_bound":34623455.506500006,"upper_bound":34673873.58875},"point_estimate":34647164.41,"standard_error":12826.7043569895},"median":{"confidence_interval":{"confidence_level":0.95,"lower_bound":34610054.0,"upper_bound":34656535.5},"point_estimate":34642975.5,"standard_error":12822.362244649836},"median_abs_dev":{"confidence_interval":{"confidence_level":0.95,"lower_bound":76615.5775398016,"upper_bound":117633.18841159344},"point_estimate":97610.6757670641,"standard_error":10609.440650565251},"slope":null,"std_dev":{"confidence_interval":{"confidence_level":0.95,"lower_bound":89532.16776900677,"upper_bound":174994.34123268048},"point_estimate":129037.93800196865,"standard_error":23849.829288916706}}