{"mean":{"confidence_interval":{"confidence_level":0.95,"lower_bound":41477193.95525,"upper_bound":41512800.260249995},"point_estimate":41494653.64,"standard_error":9084.762437790814},"median":{"confidence_interval":{"confidence_level":0.95,"lower_bound":41457496.0,"upper_bound":41504643.5},"point_estimate":41487847.0,"standard_error":13469.264118480327},"median_abs_dev":{"confidence_interval":{"confidence_level":0.95,"lower_bound":64418.11636134983,"upper_bound":107852.64317773278},"point_estimate":86485.9868645668,"standard_error":11684.145801974137},"slope":null,"std_dev":{"confidence_interval":{"confidence_level":0.95,"lower_bound":75765.16395004165,"upper_bound":105472.75855657076},"point_estimate":91292.07375116574,"standard_error":7608.581440655337}}