{"mean":{"confidence_interval":{"confidence_level":0.95,"lower_bound":51516904.99425,"upper_bound":51658451.069249995},"point_estimate":51578101.22,"standard_error":36451.10685376436},"median":{"confidence_interval":{"confidence_level":0.95,"lower_bound":51487020.0,"upper_bound":51531231.0},"point_estimate":51500548.0,"standard_error":10788.98932552142},"median_abs_dev":{"confidence_interval":{"confidence_level":0.95,"lower_bound":64865.97274839878,"upper_bound":108063.74688148499},"point_estimate":80820.23106515408,"standard_error":10898.817081836913},"slope":null,"std_dev":{"confidence_interval":{"confidence_level":0.95,"lower_bound":114354.61977533186,"upper_bound":552740.0843425827},"point_estimate":365412.43447772955,"standard_error":109690.3273090587}}