{"mean":{"confidence_interval":{"confidence_level":0.95,"lower_bound":24160985.152,"upper_bound":24254638.896},"point_estimate":24202431.15,"standard_error":24075.281343198694},"median":{"confidence_interval":{"confidence_level":0.95,"lower_bound":24137192.5,"upper_bound":24154306.0},"point_estimate":24145477.5,"standard_error":3877.6016731249265},"median_abs_dev":{"confidence_interval":{"confidence_level":0.95,"lower_bound":26961.08052134514,"upper_bound":45553.62549126148},"point_estimate":34503.80788743496,"standard_error":4739.096083412399},"slope":null,"std_dev":{"confidence_interval":{"confidence_level":0.95,"lower_bound":109587.31389475353,"upper_bound":344218.2087126743},"point_estimate":241864.89847071643,"standard_error":61041.92354851713}}