{"mean":{"confidence_interval":{"confidence_level":0.95,"lower_bound":31129047.073999997,"upper_bound":31193803.335750002},"point_estimate":31159400.36,"standard_error":16553.23473929843},"median":{"confidence_interval":{"confidence_level":0.95,"lower_bound":31101098.0,"upper_bound":31136684.5},"point_estimate":31114182.0,"standard_error":9815.712699164656},"median_abs_dev":{"confidence_interval":{"confidence_level":0.95,"lower_bound":49091.850328445435,"upper_bound":98252.64155566692},"point_estimate":70579.17174696922,"standard_error":12440.747469652473},"slope":null,"std_dev":{"confidence_interval":{"confidence_level":0.95,"lower_bound":108381.61288698693,"upper_bound":215125.2721360624},"point_estimate":166602.10315074935,"standard_error":27423.168130578037}}