{"mean":{"confidence_interval":{"confidence_level":0.95,"lower_bound":35176118.7095,"upper_bound":35293054.24025},"point_estimate":35234384.39,"standard_error":29739.83316009946},"median":{"confidence_interval":{"confidence_level":0.95,"lower_bound":35044796.0,"upper_bound":35418325.0},"point_estimate":35351806.0,"standard_error":110930.9132749143},"median_abs_dev":{"confidence_interval":{"confidence_level":0.95,"lower_bound":178527.27583050728,"upper_bound":425019.8996543884},"point_estimate":356113.10067772865,"standard_error":70346.10378947471},"slope":null,"std_dev":{"confidence_interval":{"confidence_level":0.95,"lower_bound":265586.3505706262,"upper_bound":331168.8763872744},"point_estimate":297558.76271018136,"standard_error":16874.74504689252}}