{"mean":{"confidence_interval":{"confidence_level":0.95,"lower_bound":30161637.7595,"upper_bound":30233470.91025},"point_estimate":30194944.16,"standard_error":18334.506199570875},"median":{"confidence_interval":{"confidence_level":0.95,"lower_bound":30130174.0,"upper_bound":30164563.5},"point_estimate":30147050.5,"standard_error":8975.059021578418},"median_abs_dev":{"confidence_interval":{"confidence_level":0.95,"lower_bound":56383.85150648655,"upper_bound":106591.52510762215},"point_estimate":78866.90559983253,"standard_error":12811.472656498208},"slope":null,"std_dev":{"confidence_interval":{"confidence_level":0.95,"lower_bound":115460.92456575044,"upper_bound":245731.17612914296},"point_estimate":184295.95901611928,"standard_error":33350.190831070126}}