{"mean":{"confidence_interval":{"confidence_level":0.95,"lower_bound":34123219.422749996,"upper_bound":34210638.30575},"point_estimate":34160326.28,"standard_error":22646.396216382316},"median":{"confidence_interval":{"confidence_level":0.95,"lower_bound":34106415.5,"upper_bound":34186816.0},"point_estimate":34144197.0,"standard_error":22819.45732261039},"median_abs_dev":{"confidence_interval":{"confidence_level":0.95,"lower_bound":108410.67527532578,"upper_bound":160232.77052029967},"point_estimate":137031.5264672041,"standard_error":12804.335040417482},"slope":null,"std_dev":{"confidence_interval":{"confidence_level":0.95,"lower_bound":106801.91242192317,"upper_bound":355520.58534999884},"point_estimate":227304.88204176747,"standard_error":80762.9210419409}}