{"mean":{"confidence_interval":{"confidence_level":0.95,"lower_bound":31804449.078500003,"upper_bound":31978600.066},"point_estimate":31872962.25,"standard_error":45978.207579906775},"median":{"confidence_interval":{"confidence_level":0.95,"lower_bound":31777149.0,"upper_bound":31806249.0},"point_estimate":31790493.5,"standard_error":7225.430459367562},"median_abs_dev":{"confidence_interval":{"confidence_level":0.95,"lower_bound":51082.24079310894,"upper_bound":99452.0649343729},"point_estimate":79949.94488060474,"standard_error":12898.062937072757},"slope":null,"std_dev":{"confidence_interval":{"confidence_level":0.95,"lower_bound":125767.56292155967,"upper_bound":756707.8700038773},"point_estimate":462303.031357497,"standard_error":199093.4378908252}}