{"mean":{"confidence_interval":{"confidence_level":0.95,"lower_bound":35090061.15125,"upper_bound":35146388.864},"point_estimate":35116305.27,"standard_error":14380.487057058781},"median":{"confidence_interval":{"confidence_level":0.95,"lower_bound":35077250.0,"upper_bound":35125942.0},"point_estimate":35099197.0,"standard_error":12184.19888473222},"median_abs_dev":{"confidence_interval":{"confidence_level":0.95,"lower_bound":66975.71251094341,"upper_bound":118896.3635891676},"point_estimate":93170.28884589672,"standard_error":12957.622341729191},"slope":null,"std_dev":{"confidence_interval":{"confidence_level":0.95,"lower_bound":93529.59009183766,"upper_bound":187978.05593333472},"point_estimate":144585.5653136501,"standard_error":24210.66566902217}}