{"mean":{"confidence_interval":{"confidence_level":0.95,"lower_bound":40813361.74425,"upper_bound":41214389.533},"point_estimate":40977949.48,"standard_error":105353.77843668283},"median":{"confidence_interval":{"confidence_level":0.95,"lower_bound":40777864.0,"upper_bound":40815329.0},"point_estimate":40799790.5,"standard_error":9360.958518544614},"median_abs_dev":{"confidence_interval":{"confidence_level":0.95,"lower_bound":57528.585478663445,"upper_bound":88491.2033289671},"point_estimate":73050.66590309143,"standard_error":7772.939963548488},"slope":null,"std_dev":{"confidence_interval":{"confidence_level":0.95,"lower_bound":141559.4752031861,"upper_bound":1660364.7836529452},"point_estimate":1054569.3332200453,"standard_error":406325.5469121722}}