{"mean":{"confidence_interval":{"confidence_level":0.95,"lower_bound":31133777.54975,"upper_bound":31200952.173750002},"point_estimate":31165913.14,"standard_error":17126.69504249893},"median":{"confidence_interval":{"confidence_level":0.95,"lower_bound":31105058.5,"upper_bound":31159535.0},"point_estimate":31124675.0,"standard_error":14036.750897182297},"median_abs_dev":{"confidence_interval":{"confidence_level":0.95,"lower_bound":73880.92188835144,"upper_bound":138511.16124093533},"point_estimate":110786.54173314571,"standard_error":16454.544294777188},"slope":null,"std_dev":{"confidence_interval":{"confidence_level":0.95,"lower_bound":129080.2998823346,"upper_bound":207481.39200755535},"point_estimate":171789.25088496244,"standard_error":20033.53761861829}}