{"mean":{"confidence_interval":{"confidence_level":0.95,"lower_bound":31140454.90725,"upper_bound":31211356.020999998},"point_estimate":31173213.78,"standard_error":18106.538363887616},"median":{"confidence_interval":{"confidence_level":0.95,"lower_bound":31113334.5,"upper_bound":31177148.0},"point_estimate":31145835.5,"standard_error":17217.645065020275},"median_abs_dev":{"confidence_interval":{"confidence_level":0.95,"lower_bound":85394.79328393936,"upper_bound":132101.51090472928},"point_estimate":112917.03789532185,"standard_error":12008.83446318286},"slope":null,"std_dev":{"confidence_interval":{"confidence_level":0.95,"lower_bound":112541.25975939039,"upper_bound":240251.93715998778},"point_estimate":181301.0936932129,"standard_error":32309.815565681267}}