{"mean":{"confidence_interval":{"confidence_level":0.95,"lower_bound":1.3587197018231187,"upper_bound":1.3610965036623597},"point_estimate":1.359800770924623,"standard_error":0.000607025066014118},"median":{"confidence_interval":{"confidence_level":0.95,"lower_bound":1.3574383371578482,"upper_bound":1.3581332827525203},"point_estimate":1.3579367875345305,"standard_error":0.00017493118027427857},"median_abs_dev":{"confidence_interval":{"confidence_level":0.95,"lower_bound":0.0007190453619805815,"upper_bound":0.0014759897617501268},"point_estimate":0.001224217998367924,"standard_error":0.00019758387435835163},"slope":{"confidence_interval":{"confidence_level":0.95,"lower_bound":1.3587423957799538,"upper_bound":1.361930016610478},"point_estimate":1.3601592959506539,"standard_error":0.0008216197477920623},"std_dev":{"confidence_interval":{"confidence_level":0.95,"lower_bound":0.0034677717851171867,"upper_bound":0.008225775076486629},"point_estimate":0.006099684055770044,"standard_error":0.0012125691311926988}}