{"mean":{"confidence_interval":{"confidence_level":0.95,"lower_bound":1.3593932087391623,"upper_bound":1.3643587350395312},"point_estimate":1.3615452427474657,"standard_error":0.0012790336277586827},"median":{"confidence_interval":{"confidence_level":0.95,"lower_bound":1.3576465213118958,"upper_bound":1.3585777924368756},"point_estimate":1.3580003869274715,"standard_error":0.0002616299444063631},"median_abs_dev":{"confidence_interval":{"confidence_level":0.95,"lower_bound":0.0011665535186199077,"upper_bound":0.002086325268608464},"point_estimate":0.0016200454378508579,"standard_error":0.0002451309848135212},"slope":{"confidence_interval":{"confidence_level":0.95,"lower_bound":1.358986414051413,"upper_bound":1.3620620062530135},"point_estimate":1.360364504998914,"standard_error":0.0007859658498561412},"std_dev":{"confidence_interval":{"confidence_level":0.95,"lower_bound":0.005161829010141509,"upper_bound":0.01958406989271972},"point_estimate":0.01288249661445729,"standard_error":0.0038367513972713423}}