{"mean":{"confidence_interval":{"confidence_level":0.95,"lower_bound":1.0243705952556816,"upper_bound":1.0261057650476308},"point_estimate":1.0251839316721918,"standard_error":0.0004429439753742219},"median":{"confidence_interval":{"confidence_level":0.95,"lower_bound":1.023926674699246,"upper_bound":1.0246483375987263},"point_estimate":1.0242523645033992,"standard_error":0.00017573871359880108},"median_abs_dev":{"confidence_interval":{"confidence_level":0.95,"lower_bound":0.0009973328811740904,"upper_bound":0.0017594064087926172},"point_estimate":0.0013045433100696275,"standard_error":0.00019712597784945558},"slope":{"confidence_interval":{"confidence_level":0.95,"lower_bound":1.0235971638116288,"upper_bound":1.0260184917529676},"point_estimate":1.024873815484309,"standard_error":0.0006171574934916247},"std_dev":{"confidence_interval":{"confidence_level":0.95,"lower_bound":0.002633628537068714,"upper_bound":0.006036277380124675},"point_estimate":0.0044277230910155195,"standard_error":0.0008761500542202578}}