{"mean":{"confidence_interval":{"confidence_level":0.95,"lower_bound":26.50739183733784,"upper_bound":26.62475459103189},"point_estimate":26.570202733688873,"standard_error":0.029909030809425967},"median":{"confidence_interval":{"confidence_level":0.95,"lower_bound":26.569523574193703,"upper_bound":26.683394526976322},"point_estimate":26.620154545506658,"standard_error":0.031545352835812994},"median_abs_dev":{"confidence_interval":{"confidence_level":0.95,"lower_bound":0.10198127915439155,"upper_bound":0.22214056080226868},"point_estimate":0.172734190092309,"standard_error":0.031195052124171698},"slope":{"confidence_interval":{"confidence_level":0.95,"lower_bound":26.54481962506131,"upper_bound":26.660713316485694},"point_estimate":26.59978079639851,"standard_error":0.02960535045405239},"std_dev":{"confidence_interval":{"confidence_level":0.95,"lower_bound":0.18813972284623864,"upper_bound":0.41310081478761906},"point_estimate":0.3009701055422592,"standard_error":0.059168065277526306}}