{"mean":{"confidence_interval":{"confidence_level":0.95,"lower_bound":1.3601524496790844,"upper_bound":1.3626087196035477},"point_estimate":1.361277671745863,"standard_error":0.0006301423290111395},"median":{"confidence_interval":{"confidence_level":0.95,"lower_bound":1.3587980161581616,"upper_bound":1.3595786163327264},"point_estimate":1.3590900368955685,"standard_error":0.00023578187178678513},"median_abs_dev":{"confidence_interval":{"confidence_level":0.95,"lower_bound":0.0012100666404128188,"upper_bound":0.002163404928970709},"point_estimate":0.0017774932257499155,"standard_error":0.00025562962546293237},"slope":{"confidence_interval":{"confidence_level":0.95,"lower_bound":1.3601797241218205,"upper_bound":1.3625511097257914},"point_estimate":1.3612811737760455,"standard_error":0.0006061274465192977},"std_dev":{"confidence_interval":{"confidence_level":0.95,"lower_bound":0.0038032876900437915,"upper_bound":0.008909368152824367},"point_estimate":0.006350326919385533,"standard_error":0.0013809779854235117}}