{"mean":{"confidence_interval":{"confidence_level":0.95,"lower_bound":3060.95490167058,"upper_bound":3068.8996374382514},"point_estimate":3064.3548369194177,"standard_error":2.0643386764910217},"median":{"confidence_interval":{"confidence_level":0.95,"lower_bound":3059.0416666666665,"upper_bound":3061.1574009324013},"point_estimate":3060.0183871967756,"standard_error":0.582282454319633},"median_abs_dev":{"confidence_interval":{"confidence_level":0.95,"lower_bound":2.644769453352484,"upper_bound":4.98746929305387},"point_estimate":3.629654593033944,"standard_error":0.6221469962152552},"slope":{"confidence_interval":{"confidence_level":0.95,"lower_bound":3061.4806722362387,"upper_bound":3074.9425247692798},"point_estimate":3066.8728861542872,"standard_error":3.5557871641522416},"std_dev":{"confidence_interval":{"confidence_level":0.95,"lower_bound":6.437543739468111,"upper_bound":32.17399267730802},"point_estimate":20.80608849781673,"standard_error":6.813324267902929}}