{"mean":{"confidence_interval":{"confidence_level":0.95,"lower_bound":4257.253396970859,"upper_bound":4263.523983897567},"point_estimate":4260.227304095441,"standard_error":1.604532356111268},"median":{"confidence_interval":{"confidence_level":0.95,"lower_bound":4254.044523246651,"upper_bound":4259.342695035461},"point_estimate":4255.059994961826,"standard_error":1.6259552462256877},"median_abs_dev":{"confidence_interval":{"confidence_level":0.95,"lower_bound":6.884451225293316,"upper_bound":12.402153923354762},"point_estimate":8.639882048404248,"standard_error":1.4705176012653836},"slope":{"confidence_interval":{"confidence_level":0.95,"lower_bound":4257.0275822842,"upper_bound":4264.995021891926},"point_estimate":4260.687446714185,"standard_error":2.0489809392705816},"std_dev":{"confidence_interval":{"confidence_level":0.95,"lower_bound":11.15313762780925,"upper_bound":20.953792867790565},"point_estimate":16.138553811578223,"standard_error":2.537804924467791}}