{"mean":{"confidence_interval":{"confidence_level":0.95,"lower_bound":4211.790582682213,"upper_bound":4347.154073202918},"point_estimate":4265.749299305211,"standard_error":36.410519569843},"median":{"confidence_interval":{"confidence_level":0.95,"lower_bound":4207.565011820331,"upper_bound":4213.852963525836},"point_estimate":4210.8541515514535,"standard_error":1.658524819618834},"median_abs_dev":{"confidence_interval":{"confidence_level":0.95,"lower_bound":10.653497487225321,"upper_bound":18.272059869237943},"point_estimate":14.716768315449723,"standard_error":1.888820404631041},"slope":{"confidence_interval":{"confidence_level":0.95,"lower_bound":4213.226355105371,"upper_bound":4231.468474840331},"point_estimate":4221.391182805165,"standard_error":4.687625569182755},"std_dev":{"confidence_interval":{"confidence_level":0.95,"lower_bound":20.02862666346245,"upper_bound":580.6393065821279},"point_estimate":366.0236899628653,"standard_error":152.8793588652116}}