{"mean":{"confidence_interval":{"confidence_level":0.95,"lower_bound":3953.1584468584406,"upper_bound":3964.7353780413746},"point_estimate":3958.4288269612152,"standard_error":2.9809072758577857},"median":{"confidence_interval":{"confidence_level":0.95,"lower_bound":3949.7742201426026,"upper_bound":3958.4113136863134},"point_estimate":3952.6139285714285,"standard_error":2.3473916769023906},"median_abs_dev":{"confidence_interval":{"confidence_level":0.95,"lower_bound":11.723074952978337,"upper_bound":18.75991403361165},"point_estimate":15.189056140322755,"standard_error":1.8243756891838392},"slope":{"confidence_interval":{"confidence_level":0.95,"lower_bound":3952.6755289003295,"upper_bound":3968.6191512108953},"point_estimate":3958.958662213684,"standard_error":4.232185169185023},"std_dev":{"confidence_interval":{"confidence_level":0.95,"lower_bound":15.776732552101679,"upper_bound":42.55029753642347},"point_estimate":29.91334138004524,"standard_error":7.028928624998316}}