{"mean":{"confidence_interval":{"confidence_level":0.95,"lower_bound":4123.8756367399355,"upper_bound":4141.910516843183},"point_estimate":4131.492092928331,"standard_error":4.662720967154318},"median":{"confidence_interval":{"confidence_level":0.95,"lower_bound":4119.384637188208,"upper_bound":4127.017618023411},"point_estimate":4123.234365337044,"standard_error":1.6558311090149043},"median_abs_dev":{"confidence_interval":{"confidence_level":0.95,"lower_bound":10.6749131832,"upper_bound":18.579134080757406},"point_estimate":15.52798263016828,"standard_error":2.0576661166943713},"slope":{"confidence_interval":{"confidence_level":0.95,"lower_bound":4123.499647175486,"upper_bound":4136.395472108299},"point_estimate":4129.071488043717,"standard_error":3.309705466681821},"std_dev":{"confidence_interval":{"confidence_level":0.95,"lower_bound":15.071902688580336,"upper_bound":72.51562134293688},"point_estimate":46.81548008052074,"standard_error":15.698999014330532}}