{"mean":{"confidence_interval":{"confidence_level":0.95,"lower_bound":5451.437323283792,"upper_bound":5460.763679744603},"point_estimate":5455.812622920352,"standard_error":2.3759140193123436},"median":{"confidence_interval":{"confidence_level":0.95,"lower_bound":5448.444910749258,"upper_bound":5456.07500326127},"point_estimate":5452.791581916968,"standard_error":2.0079751627059443},"median_abs_dev":{"confidence_interval":{"confidence_level":0.95,"lower_bound":10.923155481751062,"upper_bound":18.7908314845773},"point_estimate":14.161792967422734,"standard_error":2.0545385760541044},"slope":{"confidence_interval":{"confidence_level":0.95,"lower_bound":5455.183571336906,"upper_bound":5469.300470286467},"point_estimate":5461.303316971471,"standard_error":3.617922115532845},"std_dev":{"confidence_interval":{"confidence_level":0.95,"lower_bound":15.64062908548427,"upper_bound":32.908084789825324},"point_estimate":23.87808623207787,"standard_error":4.767056690928416}}