{"mean":{"confidence_interval":{"confidence_level":0.95,"lower_bound":143.76855786665686,"upper_bound":144.10141338296017},"point_estimate":143.93229312973665,"standard_error":0.08495334079259145},"median":{"confidence_interval":{"confidence_level":0.95,"lower_bound":143.67798100634437,"upper_bound":144.1342188190252},"point_estimate":143.84876529068396,"standard_error":0.1183599365671757},"median_abs_dev":{"confidence_interval":{"confidence_level":0.95,"lower_bound":0.5558597050462141,"upper_bound":0.8941788240736992},"point_estimate":0.709887164677785,"standard_error":0.08709943628212914},"slope":{"confidence_interval":{"confidence_level":0.95,"lower_bound":143.83002861622754,"upper_bound":144.12493381869203},"point_estimate":143.97452135132127,"standard_error":0.07510852089500032},"std_dev":{"confidence_interval":{"confidence_level":0.95,"lower_bound":0.6897685019734903,"upper_bound":1.0133964670021574},"point_estimate":0.8530189458872979,"standard_error":0.08302331575507042}}