{"mean":{"confidence_interval":{"confidence_level":0.95,"lower_bound":115.34064610755348,"upper_bound":116.69428034275808},"point_estimate":115.91855055326799,"standard_error":0.34884480559864794},"median":{"confidence_interval":{"confidence_level":0.95,"lower_bound":115.22538517777176,"upper_bound":115.39244558258643},"point_estimate":115.28767730349037,"standard_error":0.0436156440966521},"median_abs_dev":{"confidence_interval":{"confidence_level":0.95,"lower_bound":0.23040878841472773,"upper_bound":0.4147053972760763},"point_estimate":0.33066597234959244,"standard_error":0.04938430532952043},"slope":{"confidence_interval":{"confidence_level":0.95,"lower_bound":115.22007091075324,"upper_bound":116.87754977578447},"point_estimate":115.84418983186755,"standard_error":0.4456646618804254},"std_dev":{"confidence_interval":{"confidence_level":0.95,"lower_bound":0.42547436497586366,"upper_bound":5.365692650218664},"point_estimate":3.4995963831830847,"standard_error":1.2071745685432504}}