{"mean":{"confidence_interval":{"confidence_level":0.95,"lower_bound":2580904.8421875,"upper_bound":2584408.2995625},"point_estimate":2582479.59,"standard_error":896.8118128224177},"median":{"confidence_interval":{"confidence_level":0.95,"lower_bound":2579443.0,"upper_bound":2581802.5},"point_estimate":2580275.75,"standard_error":568.4015128237877},"median_abs_dev":{"confidence_interval":{"confidence_level":0.95,"lower_bound":3535.0743122398853,"upper_bound":5978.811416979869},"point_estimate":4760.628515481949,"standard_error":634.2042011203109},"slope":null,"std_dev":{"confidence_interval":{"confidence_level":0.95,"lower_bound":5279.4355881660895,"upper_bound":13145.659016050979},"point_estimate":9024.934039779668,"standard_error":2347.8808886254506}}