{"mean":{"confidence_interval":{"confidence_level":0.95,"lower_bound":1870733.764041667,"upper_bound":1873077.6842500004},"point_estimate":1871877.2016666662,"standard_error":598.0627175811212},"median":{"confidence_interval":{"confidence_level":0.95,"lower_bound":1869147.0833333333,"upper_bound":1872833.1666666667},"point_estimate":1870335.1666666665,"standard_error":958.4692317178981},"median_abs_dev":{"confidence_interval":{"confidence_level":0.95,"lower_bound":4160.237301140919,"upper_bound":7095.22927403427},"point_estimate":5555.302101373327,"standard_error":744.0404752428121},"slope":null,"std_dev":{"confidence_interval":{"confidence_level":0.95,"lower_bound":4843.794720317212,"upper_bound":7350.354025213417},"point_estimate":6032.828699448404,"standard_error":658.1696022959533}}