{"mean":{"confidence_interval":{"confidence_level":0.95,"lower_bound":2167455.5538000013,"upper_bound":2173282.165799999},"point_estimate":2169913.7240000004,"standard_error":1505.3462669692624},"median":{"confidence_interval":{"confidence_level":0.95,"lower_bound":2166188.6,"upper_bound":2169410.8},"point_estimate":2167540.2,"standard_error":717.4632978226815},"median_abs_dev":{"confidence_interval":{"confidence_level":0.95,"lower_bound":5039.802090525696,"upper_bound":7781.870741844246},"point_estimate":6684.153721332067,"standard_error":713.7412339365038},"slope":null,"std_dev":{"confidence_interval":{"confidence_level":0.95,"lower_bound":6116.902136623518,"upper_bound":23882.27152208367},"point_estimate":15138.356646378545,"standard_error":5389.161450564175}}