{"mean":{"confidence_interval":{"confidence_level":0.95,"lower_bound":1884091.3188749999,"upper_bound":1889056.6837916663},"point_estimate":1886210.3866666665,"standard_error":1278.8387477936687},"median":{"confidence_interval":{"confidence_level":0.95,"lower_bound":1882429.8333333333,"upper_bound":1885335.3333333333},"point_estimate":1883723.9166666667,"standard_error":794.3558192474233},"median_abs_dev":{"confidence_interval":{"confidence_level":0.95,"lower_bound":4305.346773565103,"upper_bound":7802.237958982582},"point_estimate":6025.656943023205,"standard_error":918.3654699713009},"slope":null,"std_dev":{"confidence_interval":{"confidence_level":0.95,"lower_bound":6075.123316482426,"upper_bound":20046.57089906575},"point_estimate":12912.377622643393,"standard_error":4431.788927978519}}