{"mean":{"confidence_interval":{"confidence_level":0.95,"lower_bound":3189954.4451875,"upper_bound":3194731.9313125},"point_estimate":3192144.2575,"standard_error":1228.134006208663},"median":{"confidence_interval":{"confidence_level":0.95,"lower_bound":3187723.625,"upper_bound":3191296.5},"point_estimate":3189516.875,"standard_error":994.9729204873794},"median_abs_dev":{"confidence_interval":{"confidence_level":0.95,"lower_bound":4925.753087550402,"upper_bound":9350.892394613444},"point_estimate":7092.572949081659,"standard_error":1147.680922921987},"slope":null,"std_dev":{"confidence_interval":{"confidence_level":0.95,"lower_bound":6858.857650181075,"upper_bound":17250.232483831544},"point_estimate":12375.738275317572,"standard_error":2768.9082299305605}}