{"mean":{"confidence_interval":{"confidence_level":0.95,"lower_bound":2101573.38135,"upper_bound":2114864.6794},"point_estimate":2106572.986,"standard_error":3581.176659758418},"median":{"confidence_interval":{"confidence_level":0.95,"lower_bound":2100604.3,"upper_bound":2102289.4000000004},"point_estimate":2101389.8,"standard_error":422.34391422648554},"median_abs_dev":{"confidence_interval":{"confidence_level":0.95,"lower_bound":2691.511992215972,"upper_bound":4738.38951587677},"point_estimate":3599.15969610159,"standard_error":524.7600986282367},"slope":null,"std_dev":{"confidence_interval":{"confidence_level":0.95,"lower_bound":3859.9816524417256,"upper_bound":60028.510834414075},"point_estimate":36015.42783427487,"standard_error":17084.796259979787}}