{"mean":{"confidence_interval":{"confidence_level":0.95,"lower_bound":2098000.0068499995,"upper_bound":2103422.3044499992},"point_estimate":2100292.1480000014,"standard_error":1405.6208791555139},"median":{"confidence_interval":{"confidence_level":0.95,"lower_bound":2096170.6,"upper_bound":2099122.0},"point_estimate":2097409.8,"standard_error":787.0542548131408},"median_abs_dev":{"confidence_interval":{"confidence_level":0.95,"lower_bound":4086.3420474528575,"upper_bound":7073.336214423387},"point_estimate":5677.023559212477,"standard_error":765.3460003457743},"slope":null,"std_dev":{"confidence_interval":{"confidence_level":0.95,"lower_bound":6072.9416343868,"upper_bound":22066.73474196355},"point_estimate":14127.635490642493,"standard_error":4947.477747540541}}