{"mean":{"confidence_interval":{"confidence_level":0.95,"lower_bound":1539305.2875357147,"upper_bound":1545224.5186071426},"point_estimate":1541443.7671428577,"standard_error":1727.5371089819694},"median":{"confidence_interval":{"confidence_level":0.95,"lower_bound":1538721.2857142857,"upper_bound":1539853.9285714286},"point_estimate":1539238.714285714,"standard_error":256.91231775000836},"median_abs_dev":{"confidence_interval":{"confidence_level":0.95,"lower_bound":1959.9971652030945,"upper_bound":3286.288741656959},"point_estimate":2760.918850984114,"standard_error":328.4722146278922},"slope":null,"std_dev":{"confidence_interval":{"confidence_level":0.95,"lower_bound":2535.443420866536,"upper_bound":29570.314743847426},"point_estimate":17379.54726234772,"standard_error":9566.375830408582}}