{"mean":{"confidence_interval":{"confidence_level":0.95,"lower_bound":2628794.5944375,"upper_bound":2633181.0764375},"point_estimate":2630768.2175,"standard_error":1126.013055999027},"median":{"confidence_interval":{"confidence_level":0.95,"lower_bound":2627062.5,"upper_bound":2629522.25},"point_estimate":2628158.25,"standard_error":613.3078111998001},"median_abs_dev":{"confidence_interval":{"confidence_level":0.95,"lower_bound":4159.063576161861,"upper_bound":8010.117007791996},"point_estimate":5941.334069520235,"standard_error":996.8937985282549},"slope":null,"std_dev":{"confidence_interval":{"confidence_level":0.95,"lower_bound":5764.367283138477,"upper_bound":16000.168223531946},"point_estimate":11294.839482879286,"standard_error":2729.926111547613}}