{"mean":{"confidence_interval":{"confidence_level":0.95,"lower_bound":3174773.3450625,"upper_bound":3189432.36925},"point_estimate":3180668.9675,"standard_error":3856.609925556755},"median":{"confidence_interval":{"confidence_level":0.95,"lower_bound":3173261.75,"upper_bound":3176294.875},"point_estimate":3174740.875,"standard_error":790.981020871532},"median_abs_dev":{"confidence_interval":{"confidence_level":0.95,"lower_bound":4599.395768344402,"upper_bound":8894.117242097855},"point_estimate":6175.584865361452,"standard_error":1097.773671183339},"slope":null,"std_dev":{"confidence_interval":{"confidence_level":0.95,"lower_bound":8144.562117401453,"upper_bound":62741.235790655104},"point_estimate":38694.615117030444,"standard_error":15731.164592677715}}