{"mean":{"confidence_interval":{"confidence_level":0.95,"lower_bound":2151554.6261500004,"upper_bound":2157775.129999999},"point_estimate":2154215.781999999,"standard_error":1601.4675490433276},"median":{"confidence_interval":{"confidence_level":0.95,"lower_bound":2150018.2,"upper_bound":2152280.4},"point_estimate":2151274.7,"standard_error":602.557067651126},"median_abs_dev":{"confidence_interval":{"confidence_level":0.95,"lower_bound":4328.747143148962,"upper_bound":7358.592155859282},"point_estimate":5702.227758765704,"standard_error":788.4005515189848},"slope":null,"std_dev":{"confidence_interval":{"confidence_level":0.95,"lower_bound":7155.395119162209,"upper_bound":24701.79602179809},"point_estimate":16077.77836979848,"standard_error":5149.058531104957}}