{"mean":{"confidence_interval":{"confidence_level":0.95,"lower_bound":1.3488373915521017,"upper_bound":1.3523362559948762},"point_estimate":1.3504461891962083,"standard_error":0.0008945242899898172},"median":{"confidence_interval":{"confidence_level":0.95,"lower_bound":1.3470053162070512,"upper_bound":1.3479438963143997},"point_estimate":1.347362822486057,"standard_error":0.00020866438173772333},"median_abs_dev":{"confidence_interval":{"confidence_level":0.95,"lower_bound":0.0012438843470880027,"upper_bound":0.0022133242214327116},"point_estimate":0.0016234127281957022,"standard_error":0.00025120981321066153},"slope":{"confidence_interval":{"confidence_level":0.95,"lower_bound":1.3482897653875376,"upper_bound":1.3516699625523936},"point_estimate":1.3498089433408051,"standard_error":0.0008704733573432514},"std_dev":{"confidence_interval":{"confidence_level":0.95,"lower_bound":0.005563958838644135,"upper_bound":0.012034316547312554},"point_estimate":0.008992383215636026,"standard_error":0.0016637052997951528}}