{"mean":{"confidence_interval":{"confidence_level":0.95,"lower_bound":1.3469213416797778,"upper_bound":1.350206403070596},"point_estimate":1.3486369792170263,"standard_error":0.0008345523051709086},"median":{"confidence_interval":{"confidence_level":0.95,"lower_bound":1.3476619226832551,"upper_bound":1.3486069801614455},"point_estimate":1.348327272120574,"standard_error":0.00026717710538923364},"median_abs_dev":{"confidence_interval":{"confidence_level":0.95,"lower_bound":0.0018459751742596685,"upper_bound":0.003574382645439364},"point_estimate":0.0025053560945382143,"standard_error":0.0004116833450480389},"slope":{"confidence_interval":{"confidence_level":0.95,"lower_bound":1.3446505712222825,"upper_bound":1.3503680154160598},"point_estimate":1.3477038110816406,"standard_error":0.0014548010158102506},"std_dev":{"confidence_interval":{"confidence_level":0.95,"lower_bound":0.004999453461422353,"upper_bound":0.011588506138731282},"point_estimate":0.008396394840104812,"standard_error":0.0017205584354273076}}