{"mean":{"confidence_interval":{"confidence_level":0.95,"lower_bound":1.3473099065567569,"upper_bound":1.3488485644616608},"point_estimate":1.3480215980584547,"standard_error":0.0003940037678369539},"median":{"confidence_interval":{"confidence_level":0.95,"lower_bound":1.3464301127886598,"upper_bound":1.3470955051935953},"point_estimate":1.3467002092821296,"standard_error":0.00018741580814986365},"median_abs_dev":{"confidence_interval":{"confidence_level":0.95,"lower_bound":0.0009911282972257514,"upper_bound":0.0018430957124308885},"point_estimate":0.0013207304045157826,"standard_error":0.00022674752730536231},"slope":{"confidence_interval":{"confidence_level":0.95,"lower_bound":1.3469059940303372,"upper_bound":1.3483819485241333},"point_estimate":1.3475304053268014,"standard_error":0.0003825207145648288},"std_dev":{"confidence_interval":{"confidence_level":0.95,"lower_bound":0.0025377704562832976,"upper_bound":0.005129687218243042},"point_estimate":0.003963929612473186,"standard_error":0.0006619429876180562}}