{"mean":{"confidence_interval":{"confidence_level":0.95,"lower_bound":4.2556720116823845,"upper_bound":4.2712587774202975},"point_estimate":4.262976271520511,"standard_error":0.003984830411099495},"median":{"confidence_interval":{"confidence_level":0.95,"lower_bound":4.248600961872394,"upper_bound":4.262274382782712},"point_estimate":4.257038817427901,"standard_error":0.003274854599003053},"median_abs_dev":{"confidence_interval":{"confidence_level":0.95,"lower_bound":0.018989528044811025,"upper_bound":0.03093685470735452},"point_estimate":0.025302189180789126,"standard_error":0.002939140999543775},"slope":{"confidence_interval":{"confidence_level":0.95,"lower_bound":4.258241966554004,"upper_bound":4.273530355916057},"point_estimate":4.265564764561209,"standard_error":0.0039006527958660125},"std_dev":{"confidence_interval":{"confidence_level":0.95,"lower_bound":0.026974920683350858,"upper_bound":0.05371098799336649},"point_estimate":0.039990552980235766,"standard_error":0.007181717174248447}}