{"mean":{"confidence_interval":{"confidence_level":0.95,"lower_bound":4.0451354540009685,"upper_bound":4.051820140048712},"point_estimate":4.0482276866599385,"standard_error":0.0017097508945171478},"median":{"confidence_interval":{"confidence_level":0.95,"lower_bound":4.040302963970191,"upper_bound":4.045012356493846},"point_estimate":4.042035851781646,"standard_error":0.001555154847922939},"median_abs_dev":{"confidence_interval":{"confidence_level":0.95,"lower_bound":0.0036438656959548255,"upper_bound":0.008725509314507225},"point_estimate":0.005795459692154917,"standard_error":0.0014344050495424788},"slope":{"confidence_interval":{"confidence_level":0.95,"lower_bound":4.045971203127258,"upper_bound":4.055748938607456},"point_estimate":4.050357138570226,"standard_error":0.0025076009038597124},"std_dev":{"confidence_interval":{"confidence_level":0.95,"lower_bound":0.010778621581979002,"upper_bound":0.022516921141202403},"point_estimate":0.017162736544130665,"standard_error":0.0030029988314624247}}