{"mean":{"confidence_interval":{"confidence_level":0.95,"lower_bound":1.703846964152394,"upper_bound":1.7099702190960206},"point_estimate":1.7069211546910663,"standard_error":0.0015558546709316442},"median":{"confidence_interval":{"confidence_level":0.95,"lower_bound":1.7090990673209598,"upper_bound":1.7105480936830988},"point_estimate":1.7097165576033917,"standard_error":0.000342381893061705},"median_abs_dev":{"confidence_interval":{"confidence_level":0.95,"lower_bound":0.0022928098716204705,"upper_bound":0.006563757926847339},"point_estimate":0.0035287442201399908,"standard_error":0.0010652746630197777},"slope":{"confidence_interval":{"confidence_level":0.95,"lower_bound":1.7016041085555877,"upper_bound":1.709383242496284},"point_estimate":1.705789496326252,"standard_error":0.0019893914680104785},"std_dev":{"confidence_interval":{"confidence_level":0.95,"lower_bound":0.011424884953272891,"upper_bound":0.019491668338736615},"point_estimate":0.015618022404239323,"standard_error":0.002059337816677098}}