{"mean":{"confidence_interval":{"confidence_level":0.95,"lower_bound":1.7089015841559259,"upper_bound":1.7134600561032778},"point_estimate":1.7106732744702466,"standard_error":0.0012135769766409936},"median":{"confidence_interval":{"confidence_level":0.95,"lower_bound":1.7079597237251352,"upper_bound":1.7087820743239506},"point_estimate":1.7083560314624502,"standard_error":0.00022927130311593255},"median_abs_dev":{"confidence_interval":{"confidence_level":0.95,"lower_bound":0.0009052785494402627,"upper_bound":0.001807814282155155},"point_estimate":0.0013680975817572977,"standard_error":0.0002389644881438253},"slope":{"confidence_interval":{"confidence_level":0.95,"lower_bound":1.708946669026811,"upper_bound":1.7128833050326733},"point_estimate":1.71054007003942,"standard_error":0.0010401851756081646},"std_dev":{"confidence_interval":{"confidence_level":0.95,"lower_bound":0.0023197390307501064,"upper_bound":0.02013660576905195},"point_estimate":0.012183597973976274,"standard_error":0.005509872500054275}}