{"mean":{"confidence_interval":{"confidence_level":0.95,"lower_bound":1.713408169056466,"upper_bound":1.7164676500203333},"point_estimate":1.7148348917760328,"standard_error":0.0007843683749414001},"median":{"confidence_interval":{"confidence_level":0.95,"lower_bound":1.7117303525766183,"upper_bound":1.7129861207334534},"point_estimate":1.712676744176047,"standard_error":0.0003708436706253629},"median_abs_dev":{"confidence_interval":{"confidence_level":0.95,"lower_bound":0.001610240001945744,"upper_bound":0.0031474040595016327},"point_estimate":0.0025127710237666102,"standard_error":0.0004187055771237192},"slope":{"confidence_interval":{"confidence_level":0.95,"lower_bound":1.7141921452146747,"upper_bound":1.7187229192590106},"point_estimate":1.7162635238971071,"standard_error":0.0011588083589220066},"std_dev":{"confidence_interval":{"confidence_level":0.95,"lower_bound":0.004988985744365159,"upper_bound":0.01044739474508603},"point_estimate":0.007882517437301109,"standard_error":0.0014017892024427556}}