{"mean":{"confidence_interval":{"confidence_level":0.95,"lower_bound":1.7101740752508816,"upper_bound":1.7132796855494057},"point_estimate":1.7115534514162456,"standard_error":0.0007967686503685694},"median":{"confidence_interval":{"confidence_level":0.95,"lower_bound":1.708626775637212,"upper_bound":1.709613321330674},"point_estimate":1.7091415332808637,"standard_error":0.00024082726454706662},"median_abs_dev":{"confidence_interval":{"confidence_level":0.95,"lower_bound":0.0009734106463222999,"upper_bound":0.0020617581925745044},"point_estimate":0.001492696519807361,"standard_error":0.0002446928049123497},"slope":{"confidence_interval":{"confidence_level":0.95,"lower_bound":1.7102542447662277,"upper_bound":1.7134185670063582},"point_estimate":1.7116740017095835,"standard_error":0.0008102829932592911},"std_dev":{"confidence_interval":{"confidence_level":0.95,"lower_bound":0.0038154750802873337,"upper_bound":0.011459396917809865},"point_estimate":0.00799498471753205,"standard_error":0.0019737498666198036}}