{"mean":{"confidence_interval":{"confidence_level":0.95,"lower_bound":349.47072501318627,"upper_bound":359.49435064456304},"point_estimate":353.685848019296,"standard_error":2.6033625221009964},"median":{"confidence_interval":{"confidence_level":0.95,"lower_bound":346.581520828446,"upper_bound":346.9750824663791},"point_estimate":346.6449049477577,"standard_error":0.09247530821553722},"median_abs_dev":{"confidence_interval":{"confidence_level":0.95,"lower_bound":0.3212493034344728,"upper_bound":1.073930722637235},"point_estimate":0.5800512878849727,"standard_error":0.17784863378954366},"slope":{"confidence_interval":{"confidence_level":0.95,"lower_bound":348.500662766201,"upper_bound":350.89207602078716},"point_estimate":349.6676251088962,"standard_error":0.6108582211731322},"std_dev":{"confidence_interval":{"confidence_level":0.95,"lower_bound":8.581906233771672,"upper_bound":40.88695162406162},"point_estimate":26.081656323179306,"standard_error":8.886275556384323}}