{"mean":{"confidence_interval":{"confidence_level":0.95,"lower_bound":88431.10936088861,"upper_bound":88752.5651957488},"point_estimate":88556.20220590265,"standard_error":85.1494955275146},"median":{"confidence_interval":{"confidence_level":0.95,"lower_bound":88398.52777777778,"upper_bound":88489.8043144208},"point_estimate":88440.65005179695,"standard_error":23.315608055529815},"median_abs_dev":{"confidence_interval":{"confidence_level":0.95,"lower_bound":119.47323219521678,"upper_bound":193.12231930594862},"point_estimate":152.98856805314745,"standard_error":19.36708505730311},"slope":{"confidence_interval":{"confidence_level":0.95,"lower_bound":88458.60972861914,"upper_bound":88804.63584442827},"point_estimate":88589.7563903256,"standard_error":92.43146882728385},"std_dev":{"confidence_interval":{"confidence_level":0.95,"lower_bound":182.59906562181578,"upper_bound":1419.0897431307474},"point_estimate":858.494279009453,"standard_error":382.7058377206177}}