{"mean":{"confidence_interval":{"confidence_level":0.95,"lower_bound":131882.53768672046,"upper_bound":134583.09526327392},"point_estimate":132988.16313110528,"standard_error":704.507413957134},"median":{"confidence_interval":{"confidence_level":0.95,"lower_bound":131419.38636363635,"upper_bound":131554.73958333334},"point_estimate":131472.18042671614,"standard_error":38.58241217954132},"median_abs_dev":{"confidence_interval":{"confidence_level":0.95,"lower_bound":189.91475497896303,"upper_bound":367.32414602740465},"point_estimate":254.70864451912865,"standard_error":46.57060210787196},"slope":{"confidence_interval":{"confidence_level":0.95,"lower_bound":132080.69313889585,"upper_bound":135766.35224195092},"point_estimate":133606.91726762228,"standard_error":967.5802021274114},"std_dev":{"confidence_interval":{"confidence_level":0.95,"lower_bound":2032.7718846243336,"upper_bound":11308.879053923916},"point_estimate":7054.197139732321,"standard_error":2706.2728574700527}}