{"mean":{"confidence_interval":{"confidence_level":0.95,"lower_bound":73859.40727537079,"upper_bound":74744.66591152448},"point_estimate":74186.88309170035,"standard_error":247.40634473008632},"median":{"confidence_interval":{"confidence_level":0.95,"lower_bound":73703.34656084655,"upper_bound":73810.18079096045},"point_estimate":73755.84343434343,"standard_error":26.51413525933973},"median_abs_dev":{"confidence_interval":{"confidence_level":0.95,"lower_bound":111.47206895153943,"upper_bound":241.2436184212551},"point_estimate":181.6363409664563,"standard_error":32.13846600939132},"slope":{"confidence_interval":{"confidence_level":0.95,"lower_bound":73881.10709850988,"upper_bound":74270.27813850796},"point_estimate":74055.84209152259,"standard_error":99.95379292010666},"std_dev":{"confidence_interval":{"confidence_level":0.95,"lower_bound":433.5911200971389,"upper_bound":4181.079846621919},"point_estimate":2483.764703345514,"standard_error":1271.924767705632}}