{"mean":{"confidence_interval":{"confidence_level":0.95,"lower_bound":57386.67759492792,"upper_bound":57897.30571536448},"point_estimate":57632.80089222541,"standard_error":129.7819200622197},"median":{"confidence_interval":{"confidence_level":0.95,"lower_bound":57963.31626506024,"upper_bound":58024.3753125},"point_estimate":57994.323550724635,"standard_error":18.320905886376686},"median_abs_dev":{"confidence_interval":{"confidence_level":0.95,"lower_bound":186.63082514817617,"upper_bound":573.4081344003542},"point_estimate":302.3871087293088,"standard_error":97.94660159355332},"slope":{"confidence_interval":{"confidence_level":0.95,"lower_bound":56845.39883623769,"upper_bound":57503.4772735065},"point_estimate":57169.5549741392,"standard_error":167.68667436029352},"std_dev":{"confidence_interval":{"confidence_level":0.95,"lower_bound":923.1198556573505,"upper_bound":1738.5024162942352},"point_estimate":1300.8108159096241,"standard_error":221.26317129281034}}