{"mean":{"confidence_interval":{"confidence_level":0.95,"lower_bound":129244.756698933,"upper_bound":129425.92840308229},"point_estimate":129323.79552078522,"standard_error":46.318063615321954},"median":{"confidence_interval":{"confidence_level":0.95,"lower_bound":129227.79966517858,"upper_bound":129311.80586080586},"point_estimate":129263.00757575757,"standard_error":19.8947039101967},"median_abs_dev":{"confidence_interval":{"confidence_level":0.95,"lower_bound":150.47911340590244,"upper_bound":254.27689993912375},"point_estimate":207.90794694449352,"standard_error":25.558246722771138},"slope":{"confidence_interval":{"confidence_level":0.95,"lower_bound":129335.56332433817,"upper_bound":129506.79144017551},"point_estimate":129414.23154130338,"standard_error":43.583495451874974},"std_dev":{"confidence_interval":{"confidence_level":0.95,"lower_bound":228.1546612779587,"upper_bound":713.7744326672832},"point_estimate":464.3857830780899,"standard_error":147.91557902222374}}