{"mean":{"confidence_interval":{"confidence_level":0.95,"lower_bound":94863.05122702409,"upper_bound":95694.3411871228},"point_estimate":95242.15878553544,"standard_error":213.37282345006898},"median":{"confidence_interval":{"confidence_level":0.95,"lower_bound":94479.97530864198,"upper_bound":94672.04575757575},"point_estimate":94523.35833333334,"standard_error":49.69034067320609},"median_abs_dev":{"confidence_interval":{"confidence_level":0.95,"lower_bound":174.123947371643,"upper_bound":402.97533084564617},"point_estimate":252.82573225058155,"standard_error":60.443288247496604},"slope":{"confidence_interval":{"confidence_level":0.95,"lower_bound":95153.97836530828,"upper_bound":96635.27379666835},"point_estimate":95838.66613073248,"standard_error":380.65586412273086},"std_dev":{"confidence_interval":{"confidence_level":0.95,"lower_bound":1188.423313031542,"upper_bound":2873.7549348480206},"point_estimate":2150.427963714116,"standard_error":429.4556987530706}}