{"mean":{"confidence_interval":{"confidence_level":0.95,"lower_bound":72707.65792210963,"upper_bound":72993.90204801733},"point_estimate":72825.99450139939,"standard_error":74.57887763104088},"median":{"confidence_interval":{"confidence_level":0.95,"lower_bound":72664.75862068965,"upper_bound":72738.05555555556},"point_estimate":72696.75,"standard_error":14.731058465971174},"median_abs_dev":{"confidence_interval":{"confidence_level":0.95,"lower_bound":111.13871311170695,"upper_bound":178.93542236154113},"point_estimate":137.75507960563158,"standard_error":18.838792951248422},"slope":{"confidence_interval":{"confidence_level":0.95,"lower_bound":72750.60157361286,"upper_bound":73025.44485262167},"point_estimate":72853.69354908625,"standard_error":75.88213093727171},"std_dev":{"confidence_interval":{"confidence_level":0.95,"lower_bound":197.3498905800881,"upper_bound":1203.7532779454075},"point_estimate":750.3497608174498,"standard_error":288.0060343596748}}