{"mean":{"confidence_interval":{"confidence_level":0.95,"lower_bound":69054.11789695277,"upper_bound":69385.6557377135},"point_estimate":69186.69068666942,"standard_error":87.55557279659122},"median":{"confidence_interval":{"confidence_level":0.95,"lower_bound":68957.27843137254,"upper_bound":69070.36740179942},"point_estimate":68997.48076923078,"standard_error":31.38397801892021},"median_abs_dev":{"confidence_interval":{"confidence_level":0.95,"lower_bound":148.0355996843459,"upper_bound":247.14531018909537},"point_estimate":198.0455599184412,"standard_error":25.01408561365258},"slope":{"confidence_interval":{"confidence_level":0.95,"lower_bound":68966.65715576327,"upper_bound":69574.74353217789},"point_estimate":69185.46353677158,"standard_error":167.7651072529469},"std_dev":{"confidence_interval":{"confidence_level":0.95,"lower_bound":279.92828290879334,"upper_bound":1429.2126419191704},"point_estimate":879.428267506229,"standard_error":370.4815277484072}}