{"mean":{"confidence_interval":{"confidence_level":0.95,"lower_bound":95022.54883924185,"upper_bound":95189.45220208672},"point_estimate":95099.64984517686,"standard_error":42.74472621848203},"median":{"confidence_interval":{"confidence_level":0.95,"lower_bound":94938.22222222222,"upper_bound":95034.90413943355},"point_estimate":94985.54214559388,"standard_error":26.76944630506328},"median_abs_dev":{"confidence_interval":{"confidence_level":0.95,"lower_bound":108.10300333331416,"upper_bound":198.3729213039029},"point_estimate":134.21312881879393,"standard_error":23.6316026117438},"slope":{"confidence_interval":{"confidence_level":0.95,"lower_bound":95011.60255278887,"upper_bound":95218.96790671702},"point_estimate":95100.24350623121,"standard_error":54.00153265922164},"std_dev":{"confidence_interval":{"confidence_level":0.95,"lower_bound":250.2317349829515,"upper_bound":571.2347005885615},"point_estimate":427.7412235620927,"standard_error":83.1714226272818}}