{"mean":{"confidence_interval":{"confidence_level":0.95,"lower_bound":73928.63208361444,"upper_bound":74278.25386676939},"point_estimate":74067.85652868584,"standard_error":92.4449695945485},"median":{"confidence_interval":{"confidence_level":0.95,"lower_bound":73906.875,"upper_bound":73974.07730364874},"point_estimate":73948.93983122363,"standard_error":18.156462371900915},"median_abs_dev":{"confidence_interval":{"confidence_level":0.95,"lower_bound":107.27800550283796,"upper_bound":250.98620463501487},"point_estimate":170.8241642749605,"standard_error":37.469822583689094},"slope":{"confidence_interval":{"confidence_level":0.95,"lower_bound":73982.15275604572,"upper_bound":74170.22104115321},"point_estimate":74057.09577853308,"standard_error":50.42331922265931},"std_dev":{"confidence_interval":{"confidence_level":0.95,"lower_bound":212.7780123420763,"upper_bound":1525.6669004453634},"point_estimate":930.4943989832404,"standard_error":397.76669977541064}}