{"mean":{"confidence_interval":{"confidence_level":0.95,"lower_bound":8345.709909417916,"upper_bound":8361.157950859913},"point_estimate":8353.049933294249,"standard_error":3.9457973623629323},"median":{"confidence_interval":{"confidence_level":0.95,"lower_bound":8341.613475177304,"upper_bound":8347.693089430893},"point_estimate":8344.818452380952,"standard_error":1.6461569780460872},"median_abs_dev":{"confidence_interval":{"confidence_level":0.95,"lower_bound":13.660809563049458,"upper_bound":23.128430891471723},"point_estimate":18.29410006973282,"standard_error":2.4245524391964333},"slope":{"confidence_interval":{"confidence_level":0.95,"lower_bound":8348.018552447003,"upper_bound":8366.334586001645},"point_estimate":8356.423821609773,"standard_error":4.70299721462963},"std_dev":{"confidence_interval":{"confidence_level":0.95,"lower_bound":27.83969482392566,"upper_bound":50.684676629993476},"point_estimate":39.49721233367254,"standard_error":5.887109546248069}}