{"mean":{"confidence_interval":{"confidence_level":0.95,"lower_bound":10410.493517935,"upper_bound":10421.517351996852},"point_estimate":10415.706121455072,"standard_error":2.814240953811955},"median":{"confidence_interval":{"confidence_level":0.95,"lower_bound":10407.906,"upper_bound":10419.020945945946},"point_estimate":10413.007198142415,"standard_error":2.9986474886423404},"median_abs_dev":{"confidence_interval":{"confidence_level":0.95,"lower_bound":13.207118900757102,"upper_bound":21.57963980078276},"point_estimate":15.817760672362187,"standard_error":2.1598747510555345},"slope":{"confidence_interval":{"confidence_level":0.95,"lower_bound":10411.017296624217,"upper_bound":10427.499284957848},"point_estimate":10418.266669868479,"standard_error":4.229707836059387},"std_dev":{"confidence_interval":{"confidence_level":0.95,"lower_bound":19.507971191317374,"upper_bound":38.046923478491216},"point_estimate":28.26401291811627,"standard_error":5.003486611077649}}