{"mean":{"confidence_interval":{"confidence_level":0.95,"lower_bound":10739.071363395755,"upper_bound":10759.39129298563},"point_estimate":10748.810867227287,"standard_error":5.194874119828259},"median":{"confidence_interval":{"confidence_level":0.95,"lower_bound":10729.052631578947,"upper_bound":10741.576998050683},"point_estimate":10734.744777705131,"standard_error":3.164548573961709},"median_abs_dev":{"confidence_interval":{"confidence_level":0.95,"lower_bound":20.295692646169563,"upper_bound":38.14248537546625},"point_estimate":28.456876394100824,"standard_error":4.7866258903824965},"slope":{"confidence_interval":{"confidence_level":0.95,"lower_bound":10736.423793648202,"upper_bound":10761.255878819642},"point_estimate":10747.948893624634,"standard_error":6.35620653210343},"std_dev":{"confidence_interval":{"confidence_level":0.95,"lower_bound":39.2032946932841,"upper_bound":63.01838500917791},"point_estimate":52.12097815050368,"standard_error":6.093949495486236}}