{"mean":{"confidence_interval":{"confidence_level":0.95,"lower_bound":7663.455756411444,"upper_bound":7693.145335327468},"point_estimate":7676.254219689931,"standard_error":7.663503803015005},"median":{"confidence_interval":{"confidence_level":0.95,"lower_bound":7656.350378787879,"upper_bound":7669.391980360066},"point_estimate":7661.698232848233,"standard_error":3.1484771265959504},"median_abs_dev":{"confidence_interval":{"confidence_level":0.95,"lower_bound":18.976392707082017,"upper_bound":34.756857028911554},"point_estimate":27.777437851840126,"standard_error":4.013051239310662},"slope":{"confidence_interval":{"confidence_level":0.95,"lower_bound":7659.719606753119,"upper_bound":7697.265631161933},"point_estimate":7675.516433824783,"standard_error":9.7197791721221},"std_dev":{"confidence_interval":{"confidence_level":0.95,"lower_bound":29.930280070428218,"upper_bound":118.94756200698711},"point_estimate":77.00948720055108,"standard_error":24.591621437106717}}