{"mean":{"confidence_interval":{"confidence_level":0.95,"lower_bound":2.186160554950393,"upper_bound":2.2018582466102994},"point_estimate":2.1928460982459765,"standard_error":0.004054420507424839},"median":{"confidence_interval":{"confidence_level":0.95,"lower_bound":2.179958289521327,"upper_bound":2.182526663270427},"point_estimate":2.18117882598762,"standard_error":0.0006761364209323836},"median_abs_dev":{"confidence_interval":{"confidence_level":0.95,"lower_bound":0.004047553351359516,"upper_bound":0.007565885372194269},"point_estimate":0.0058157049311883795,"standard_error":0.0009475707135086353},"slope":{"confidence_interval":{"confidence_level":0.95,"lower_bound":2.186542295390597,"upper_bound":2.199844617647036},"point_estimate":2.1926322766654565,"standard_error":0.003404404501566169},"std_dev":{"confidence_interval":{"confidence_level":0.95,"lower_bound":0.018034888479023004,"upper_bound":0.06258736142824037},"point_estimate":0.04063146703195928,"standard_error":0.013338597651669231}}