{"mean":{"confidence_interval":{"confidence_level":0.95,"lower_bound":2.96115599594777,"upper_bound":2.971863025711321},"point_estimate":2.966007337664199,"standard_error":0.0027556747984564985},"median":{"confidence_interval":{"confidence_level":0.95,"lower_bound":2.9568081354690867,"upper_bound":2.958950287984979},"point_estimate":2.958093609916401,"standard_error":0.0005024338473956425},"median_abs_dev":{"confidence_interval":{"confidence_level":0.95,"lower_bound":0.004250862222625548,"upper_bound":0.008423970442281898},"point_estimate":0.006432256658359924,"standard_error":0.001110056051935324},"slope":{"confidence_interval":{"confidence_level":0.95,"lower_bound":2.9619746828101348,"upper_bound":2.9754632160401124},"point_estimate":2.9677371342568213,"standard_error":0.0034921649622250747},"std_dev":{"confidence_interval":{"confidence_level":0.95,"lower_bound":0.014153903359068692,"upper_bound":0.03842112193438329},"point_estimate":0.027718012708619736,"standard_error":0.006174712342675441}}