{"mean":{"confidence_interval":{"confidence_level":0.95,"lower_bound":2.9563846217207215,"upper_bound":2.964662250221678},"point_estimate":2.960103157152627,"standard_error":0.0021276342710137234},"median":{"confidence_interval":{"confidence_level":0.95,"lower_bound":2.9538395282229297,"upper_bound":2.9550586199837143},"point_estimate":2.954572747838215,"standard_error":0.0002853969189915583},"median_abs_dev":{"confidence_interval":{"confidence_level":0.95,"lower_bound":0.002879380667345256,"upper_bound":0.00512146766996627},"point_estimate":0.004346623618890597,"standard_error":0.0005926454802055389},"slope":{"confidence_interval":{"confidence_level":0.95,"lower_bound":2.95620059994082,"upper_bound":2.9632769730468307},"point_estimate":2.9594034761956647,"standard_error":0.0018106549507790272},"std_dev":{"confidence_interval":{"confidence_level":0.95,"lower_bound":0.010171747349458972,"upper_bound":0.030038646741921343},"point_estimate":0.02135853616551673,"standard_error":0.00503875731793263}}