{"mean":{"confidence_interval":{"confidence_level":0.95,"lower_bound":3.1166664286645807,"upper_bound":3.129675441387395},"point_estimate":3.1224905701357506,"standard_error":0.0033416113318311107},"median":{"confidence_interval":{"confidence_level":0.95,"lower_bound":3.1115742388195997,"upper_bound":3.114278967309895},"point_estimate":3.1125251513949967,"standard_error":0.000635147765213589},"median_abs_dev":{"confidence_interval":{"confidence_level":0.95,"lower_bound":0.004543085056298235,"upper_bound":0.008367749324920577},"point_estimate":0.006581507288108885,"standard_error":0.0009752542350051071},"slope":{"confidence_interval":{"confidence_level":0.95,"lower_bound":3.116246724050655,"upper_bound":3.128707464439521},"point_estimate":3.121643713974626,"standard_error":0.003214769205622023},"std_dev":{"confidence_interval":{"confidence_level":0.95,"lower_bound":0.015426385224491575,"upper_bound":0.04741619546971246},"point_estimate":0.033558672253759546,"standard_error":0.008074571261319453}}