{"mean":{"confidence_interval":{"confidence_level":0.95,"lower_bound":2.6438217981334695,"upper_bound":2.6617427911677773},"point_estimate":2.6506562140085475,"standard_error":0.004812169019191958},"median":{"confidence_interval":{"confidence_level":0.95,"lower_bound":2.6402920385116744,"upper_bound":2.6418239363160274},"point_estimate":2.6410361247578384,"standard_error":0.0003742848775370182},"median_abs_dev":{"confidence_interval":{"confidence_level":0.95,"lower_bound":0.0021512787269489745,"upper_bound":0.00397715911275872},"point_estimate":0.0029546176413129607,"standard_error":0.00045457682059767997},"slope":{"confidence_interval":{"confidence_level":0.95,"lower_bound":2.6450474686737198,"upper_bound":2.6790475139229124},"point_estimate":2.6575051810409693,"standard_error":0.009238004159230498},"std_dev":{"confidence_interval":{"confidence_level":0.95,"lower_bound":0.011113855606209241,"upper_bound":0.07982513178985731},"point_estimate":0.0481446854855009,"standard_error":0.022473154222259775}}