{"mean":{"confidence_interval":{"confidence_level":0.95,"lower_bound":47435386.22575,"upper_bound":47527855.516},"point_estimate":47477796.3,"standard_error":23613.8993803595},"median":{"confidence_interval":{"confidence_level":0.95,"lower_bound":47395790.0,"upper_bound":47434857.0},"point_estimate":47411200.0,"standard_error":9972.310435679938},"median_abs_dev":{"confidence_interval":{"confidence_level":0.95,"lower_bound":58119.21624317767,"upper_bound":104355.76434731483},"point_estimate":74786.04917228222,"standard_error":12178.423593642357},"slope":null,"std_dev":{"confidence_interval":{"confidence_level":0.95,"lower_bound":145588.3010735687,"upper_bound":313294.0976819427},"point_estimate":237215.2575915645,"standard_error":42836.356494577005}}