{"mean":{"confidence_interval":{"confidence_level":0.95,"lower_bound":64852613.734,"upper_bound":64973957.401499994},"point_estimate":64907901.43,"standard_error":31008.65242835046},"median":{"confidence_interval":{"confidence_level":0.95,"lower_bound":64802300.0,"upper_bound":64863728.0},"point_estimate":64826505.5,"standard_error":12768.238345890877},"median_abs_dev":{"confidence_interval":{"confidence_level":0.95,"lower_bound":104987.2963386029,"upper_bound":174337.4483048916},"point_estimate":138153.8546472788,"standard_error":17285.435759427197},"slope":null,"std_dev":{"confidence_interval":{"confidence_level":0.95,"lower_bound":192630.18696234762,"upper_bound":437302.94389910385},"point_estimate":312070.4411049846,"standard_error":67403.78735961941}}