{"mean":{"confidence_interval":{"confidence_level":0.95,"lower_bound":85805280.11875,"upper_bound":85927303.1805},"point_estimate":85864415.41,"standard_error":31214.915173599817},"median":{"confidence_interval":{"confidence_level":0.95,"lower_bound":85739172.0,"upper_bound":85883863.0},"point_estimate":85814564.0,"standard_error":36136.72341214061},"median_abs_dev":{"confidence_interval":{"confidence_level":0.95,"lower_bound":202427.86229118714,"upper_bound":346547.9772200434},"point_estimate":265765.68218171597,"standard_error":35970.600516715385},"slope":null,"std_dev":{"confidence_interval":{"confidence_level":0.95,"lower_bound":249929.4862755276,"upper_bound":371903.71095284086},"point_estimate":313301.4828053036,"standard_error":31215.7107538997}}