{"mean":{"confidence_interval":{"confidence_level":0.95,"lower_bound":70027496.14725,"upper_bound":70088481.14025},"point_estimate":70057055.15,"standard_error":15576.115821624033},"median":{"confidence_interval":{"confidence_level":0.95,"lower_bound":70006351.0,"upper_bound":70067135.0},"point_estimate":70035411.0,"standard_error":15796.7622843005},"median_abs_dev":{"confidence_interval":{"confidence_level":0.95,"lower_bound":86640.91856181622,"upper_bound":141928.55418026447},"point_estimate":105363.93232941628,"standard_error":13851.331401874215},"slope":null,"std_dev":{"confidence_interval":{"confidence_level":0.95,"lower_bound":118234.02683942202,"upper_bound":197816.0039779893},"point_estimate":156872.4553808593,"standard_error":20745.677825077833}}