{"mean":{"confidence_interval":{"confidence_level":0.95,"lower_bound":64857029.39325,"upper_bound":65055837.63775},"point_estimate":64957904.28,"standard_error":50643.54156566686},"median":{"confidence_interval":{"confidence_level":0.95,"lower_bound":64973869.5,"upper_bound":65038429.5},"point_estimate":65010354.0,"standard_error":16662.285826252402},"median_abs_dev":{"confidence_interval":{"confidence_level":0.95,"lower_bound":124945.37148177624,"upper_bound":237440.60968458652},"point_estimate":185170.80631256104,"standard_error":28568.403527102477},"slope":null,"std_dev":{"confidence_interval":{"confidence_level":0.95,"lower_bound":363745.9124715001,"upper_bound":639324.3906697826},"point_estimate":508644.8158188934,"standard_error":70183.26481406887}}