{"mean":{"confidence_interval":{"confidence_level":0.95,"lower_bound":69112384.59725,"upper_bound":69293402.43875},"point_estimate":69195765.26,"standard_error":46337.79290800958},"median":{"confidence_interval":{"confidence_level":0.95,"lower_bound":69035691.0,"upper_bound":69110075.0},"point_estimate":69069899.5,"standard_error":21551.292479768534},"median_abs_dev":{"confidence_interval":{"confidence_level":0.95,"lower_bound":132969.9438393116,"upper_bound":236933.56049358845},"point_estimate":178529.4997304678,"standard_error":27385.36715047652},"slope":null,"std_dev":{"confidence_interval":{"confidence_level":0.95,"lower_bound":268212.80438977334,"upper_bound":632330.9860332599},"point_estimate":466542.7453791469,"standard_error":92564.50906550731}}