{"mean":{"confidence_interval":{"confidence_level":0.95,"lower_bound":78532028.47975,"upper_bound":78583629.73425001},"point_estimate":78557312.95,"standard_error":13201.757300359108},"median":{"confidence_interval":{"confidence_level":0.95,"lower_bound":78514801.0,"upper_bound":78566170.5},"point_estimate":78534512.5,"standard_error":13947.549848165965},"median_abs_dev":{"confidence_interval":{"confidence_level":0.95,"lower_bound":85405.91278374195,"upper_bound":149996.86323702335},"point_estimate":113764.34378027916,"standard_error":16844.053809264737},"slope":null,"std_dev":{"confidence_interval":{"confidence_level":0.95,"lower_bound":109001.71281508323,"upper_bound":155179.10925354325},"point_estimate":133025.20507649647,"standard_error":11848.533937003827}}