{"mean":{"confidence_interval":{"confidence_level":0.95,"lower_bound":61513552.18075,"upper_bound":61603779.057},"point_estimate":61556689.86,"standard_error":23040.817814259553},"median":{"confidence_interval":{"confidence_level":0.95,"lower_bound":61459120.5,"upper_bound":61540577.0},"point_estimate":61495478.5,"standard_error":22067.491174645515},"median_abs_dev":{"confidence_interval":{"confidence_level":0.95,"lower_bound":108458.85977447033,"upper_bound":178538.39533030987},"point_estimate":136558.57707560062,"standard_error":18050.607322587377},"slope":null,"std_dev":{"confidence_interval":{"confidence_level":0.95,"lower_bound":173411.58927581692,"upper_bound":279711.78995607333},"point_estimate":231528.65643999554,"standard_error":27145.78720014731}}