{"mean":{"confidence_interval":{"confidence_level":0.95,"lower_bound":98748617.927,"upper_bound":98910383.3},"point_estimate":98822650.5,"standard_error":41285.347007445605},"median":{"confidence_interval":{"confidence_level":0.95,"lower_bound":98689216.0,"upper_bound":98806917.5},"point_estimate":98751898.0,"standard_error":29746.659303574597},"median_abs_dev":{"confidence_interval":{"confidence_level":0.95,"lower_bound":188588.94055187702,"upper_bound":288287.11708188057},"point_estimate":230102.48111486435,"standard_error":25545.895413446226},"slope":null,"std_dev":{"confidence_interval":{"confidence_level":0.95,"lower_bound":227753.05496655928,"upper_bound":566441.6474125431},"point_estimate":415973.82842082845,"standard_error":84659.84758706193}}