{"mean":{"confidence_interval":{"confidence_level":0.95,"lower_bound":84950571.46075,"upper_bound":85022671.81125},"point_estimate":84984668.95,"standard_error":18418.322251099296},"median":{"confidence_interval":{"confidence_level":0.95,"lower_bound":84920950.5,"upper_bound":84985183.0},"point_estimate":84946600.5,"standard_error":16443.920742221715},"median_abs_dev":{"confidence_interval":{"confidence_level":0.95,"lower_bound":93253.31444442272,"upper_bound":161871.747726202},"point_estimate":125224.10027682781,"standard_error":17520.869186302592},"slope":null,"std_dev":{"confidence_interval":{"confidence_level":0.95,"lower_bound":124340.94694590145,"upper_bound":242644.1941589808},"point_estimate":185137.50296530902,"standard_error":30769.431065958892}}