{"mean":{"confidence_interval":{"confidence_level":0.95,"lower_bound":85490070.62099999,"upper_bound":85596418.48225},"point_estimate":85540700.33,"standard_error":27151.845573506478},"median":{"confidence_interval":{"confidence_level":0.95,"lower_bound":85406308.0,"upper_bound":85504853.0},"point_estimate":85469140.5,"standard_error":23839.5028395013},"median_abs_dev":{"confidence_interval":{"confidence_level":0.95,"lower_bound":126227.82045900822,"upper_bound":239509.577947855},"point_estimate":184172.2752302885,"standard_error":29228.93526209682},"slope":null,"std_dev":{"confidence_interval":{"confidence_level":0.95,"lower_bound":201456.47212557984,"upper_bound":341659.24876015267},"point_estimate":273294.50099273823,"standard_error":36048.95354852403}}