{"mean":{"confidence_interval":{"confidence_level":0.95,"lower_bound":62509640.122999996,"upper_bound":62706573.246},"point_estimate":62593423.37,"standard_error":51016.92983277038},"median":{"confidence_interval":{"confidence_level":0.95,"lower_bound":62440934.0,"upper_bound":62548701.0},"point_estimate":62496654.5,"standard_error":26387.77194426969},"median_abs_dev":{"confidence_interval":{"confidence_level":0.95,"lower_bound":142691.3518667221,"upper_bound":259773.75438809395},"point_estimate":188247.94255793095,"standard_error":29316.49823657798},"slope":null,"std_dev":{"confidence_interval":{"confidence_level":0.95,"lower_bound":233887.1242522566,"upper_bound":795745.1400424547},"point_estimate":513709.03552123223,"standard_error":171966.66704119334}}