{"mean":{"confidence_interval":{"confidence_level":0.95,"lower_bound":83001209.51225,"upper_bound":83108224.48775001},"point_estimate":83046300.62,"standard_error":27630.33783882208},"median":{"confidence_interval":{"confidence_level":0.95,"lower_bound":82982336.5,"upper_bound":83044152.0},"point_estimate":83015249.0,"standard_error":14725.930799477132},"median_abs_dev":{"confidence_interval":{"confidence_level":0.95,"lower_bound":95529.8467040062,"upper_bound":151002.06601917744},"point_estimate":119814.83427286148,"standard_error":13063.072818472509},"slope":null,"std_dev":{"confidence_interval":{"confidence_level":0.95,"lower_bound":123619.61419976223,"upper_bound":438772.61439939},"point_estimate":278464.1723896308,"standard_error":101261.44286993735}}