{"mean":{"confidence_interval":{"confidence_level":0.95,"lower_bound":4.568694213915655,"upper_bound":4.587522800874874},"point_estimate":4.576078712510497,"standard_error":0.005001430595959563},"median":{"confidence_interval":{"confidence_level":0.95,"lower_bound":4.5658889760528485,"upper_bound":4.5677111811759215},"point_estimate":4.566979012729632,"standard_error":0.0004827739051483893},"median_abs_dev":{"confidence_interval":{"confidence_level":0.95,"lower_bound":0.003490623293864344,"upper_bound":0.006551598625668694},"point_estimate":0.004975815451640171,"standard_error":0.0007914794443483865},"slope":{"confidence_interval":{"confidence_level":0.95,"lower_bound":4.570275412264138,"upper_bound":4.618259852120389},"point_estimate":4.587849786370613,"standard_error":0.01329708337113863},"std_dev":{"confidence_interval":{"confidence_level":0.95,"lower_bound":0.013905409067527732,"upper_bound":0.08234745993948617},"point_estimate":0.05028155882660005,"standard_error":0.021990168282270666}}