{"mean":{"confidence_interval":{"confidence_level":0.95,"lower_bound":4.143971332383653,"upper_bound":4.153810179314745},"point_estimate":4.148405471008765,"standard_error":0.002527894077041173},"median":{"confidence_interval":{"confidence_level":0.95,"lower_bound":4.140963598006476,"upper_bound":4.1430528034140055},"point_estimate":4.142006352519477,"standard_error":0.0004930245241314148},"median_abs_dev":{"confidence_interval":{"confidence_level":0.95,"lower_bound":0.003505758296473995,"upper_bound":0.0063137150688608295},"point_estimate":0.005373694941835703,"standard_error":0.0007507340114939803},"slope":{"confidence_interval":{"confidence_level":0.95,"lower_bound":4.143271790291205,"upper_bound":4.151670174071897},"point_estimate":4.147007068711927,"standard_error":0.002150945548755614},"std_dev":{"confidence_interval":{"confidence_level":0.95,"lower_bound":0.012282090210703138,"upper_bound":0.036503503775370434},"point_estimate":0.025497386447401682,"standard_error":0.006237163599480205}}