{"mean":{"confidence_interval":{"confidence_level":0.95,"lower_bound":4.115900200150484,"upper_bound":4.126386046909193},"point_estimate":4.120935712455198,"standard_error":0.0026794749768524724},"median":{"confidence_interval":{"confidence_level":0.95,"lower_bound":4.1134115310408035,"upper_bound":4.120790003850258},"point_estimate":4.117058971320865,"standard_error":0.0018590559884899612},"median_abs_dev":{"confidence_interval":{"confidence_level":0.95,"lower_bound":0.010570915809937294,"upper_bound":0.01734592849994777},"point_estimate":0.013761685118333082,"standard_error":0.0016990568042095197},"slope":{"confidence_interval":{"confidence_level":0.95,"lower_bound":4.119247690068862,"upper_bound":4.129596593769369},"point_estimate":4.124166566686078,"standard_error":0.0026422252441011236},"std_dev":{"confidence_interval":{"confidence_level":0.95,"lower_bound":0.01791503814981197,"upper_bound":0.03508624591990547},"point_estimate":0.026857893595744864,"standard_error":0.004388580544994763}}