{"mean":{"confidence_interval":{"confidence_level":0.95,"lower_bound":4.121844861263007,"upper_bound":4.138327279402706},"point_estimate":4.129304655708929,"standard_error":0.0042338710998358585},"median":{"confidence_interval":{"confidence_level":0.95,"lower_bound":4.118306004027826,"upper_bound":4.126337453726938},"point_estimate":4.120082319114998,"standard_error":0.0020432433370643536},"median_abs_dev":{"confidence_interval":{"confidence_level":0.95,"lower_bound":0.010574119494803507,"upper_bound":0.018490658771938315},"point_estimate":0.013345191095087939,"standard_error":0.0019509554099808187},"slope":{"confidence_interval":{"confidence_level":0.95,"lower_bound":4.121198237094257,"upper_bound":4.129921446666222},"point_estimate":4.125132313451674,"standard_error":0.0022305218309308446},"std_dev":{"confidence_interval":{"confidence_level":0.95,"lower_bound":0.020548049283321452,"upper_bound":0.06209250023580287},"point_estimate":0.042384043220631495,"standard_error":0.01092797085775656}}