{"mean":{"confidence_interval":{"confidence_level":0.95,"lower_bound":164.12122899089735,"upper_bound":164.88137211054388},"point_estimate":164.47028401483618,"standard_error":0.19315604661603689},"median":{"confidence_interval":{"confidence_level":0.95,"lower_bound":163.898952855779,"upper_bound":164.30838873008125},"point_estimate":164.11401339055948,"standard_error":0.09867440917867594},"median_abs_dev":{"confidence_interval":{"confidence_level":0.95,"lower_bound":0.6627334987574924,"upper_bound":1.2912943339657486},"point_estimate":0.8956047627276962,"standard_error":0.15521755952413252},"slope":{"confidence_interval":{"confidence_level":0.95,"lower_bound":164.40452785708038,"upper_bound":165.6751824068889},"point_estimate":164.98668522237574,"standard_error":0.32568603175812527},"std_dev":{"confidence_interval":{"confidence_level":0.95,"lower_bound":1.144314202057568,"upper_bound":2.7393346723118017},"point_estimate":1.9487601588176648,"standard_error":0.4198373461561632}}