{"mean":{"confidence_interval":{"confidence_level":0.95,"lower_bound":145.7839728136123,"upper_bound":146.13964531621286},"point_estimate":145.9420548081279,"standard_error":0.09147054112720265},"median":{"confidence_interval":{"confidence_level":0.95,"lower_bound":145.70642568822547,"upper_bound":145.80281037352265},"point_estimate":145.7728376146465,"standard_error":0.026639463564513133},"median_abs_dev":{"confidence_interval":{"confidence_level":0.95,"lower_bound":0.24019408510303655,"upper_bound":0.43398806456311495},"point_estimate":0.31468434339637297,"standard_error":0.051480803968655266},"slope":{"confidence_interval":{"confidence_level":0.95,"lower_bound":145.78514571440257,"upper_bound":146.09642747829847},"point_estimate":145.91491924852747,"standard_error":0.08094041685969337},"std_dev":{"confidence_interval":{"confidence_level":0.95,"lower_bound":0.42688077251987533,"upper_bound":1.335165574396577},"point_estimate":0.9193964746346692,"standard_error":0.23424614159614865}}