{"mean":{"confidence_interval":{"confidence_level":0.95,"lower_bound":154.88801835745292,"upper_bound":155.23397032871074},"point_estimate":155.0441156248793,"standard_error":0.08879106370458731},"median":{"confidence_interval":{"confidence_level":0.95,"lower_bound":154.81034771040368,"upper_bound":155.0015990815403},"point_estimate":154.91895029933596,"standard_error":0.05815372509574299},"median_abs_dev":{"confidence_interval":{"confidence_level":0.95,"lower_bound":0.25743053426180634,"upper_bound":0.44146697445798705},"point_estimate":0.32607068330120165,"standard_error":0.046934326882796834},"slope":{"confidence_interval":{"confidence_level":0.95,"lower_bound":154.71711978270585,"upper_bound":155.24718795602675},"point_estimate":154.95913854184428,"standard_error":0.13578580310022895},"std_dev":{"confidence_interval":{"confidence_level":0.95,"lower_bound":0.49127500311118694,"upper_bound":1.2943338639004223},"point_estimate":0.8924736278709192,"standard_error":0.223377447220927}}