{"mean":{"confidence_interval":{"confidence_level":0.95,"lower_bound":122.4786595870979,"upper_bound":122.91498083373922},"point_estimate":122.67559398569696,"standard_error":0.11244414034967092},"median":{"confidence_interval":{"confidence_level":0.95,"lower_bound":122.36000728838616,"upper_bound":122.5374289604802},"point_estimate":122.42870292590531,"standard_error":0.050069749356280994},"median_abs_dev":{"confidence_interval":{"confidence_level":0.95,"lower_bound":0.34922447159570746,"upper_bound":0.6479167620641686},"point_estimate":0.5421941223149731,"standard_error":0.07413800070915659},"slope":{"confidence_interval":{"confidence_level":0.95,"lower_bound":122.5027301710699,"upper_bound":122.864934671175},"point_estimate":122.6647809595595,"standard_error":0.09277778308315958},"std_dev":{"confidence_interval":{"confidence_level":0.95,"lower_bound":0.5299374491992338,"upper_bound":1.6035922627231993},"point_estimate":1.130699440942857,"standard_error":0.27067490622384177}}