{"mean":{"confidence_interval":{"confidence_level":0.95,"lower_bound":151.53162665647235,"upper_bound":151.91937436231484},"point_estimate":151.70195726734121,"standard_error":0.0997675365610398},"median":{"confidence_interval":{"confidence_level":0.95,"lower_bound":151.3874087307752,"upper_bound":151.55374076323278},"point_estimate":151.4787733545573,"standard_error":0.04452342999722519},"median_abs_dev":{"confidence_interval":{"confidence_level":0.95,"lower_bound":0.29150096312165996,"upper_bound":0.5091917975618607},"point_estimate":0.4166837507398882,"standard_error":0.05556072628730933},"slope":{"confidence_interval":{"confidence_level":0.95,"lower_bound":151.3855719337414,"upper_bound":151.5787335152458},"point_estimate":151.4773138740746,"standard_error":0.04940891976276813},"std_dev":{"confidence_interval":{"confidence_level":0.95,"lower_bound":0.48357327740398864,"upper_bound":1.4974082830150561},"point_estimate":0.9980982842918987,"standard_error":0.2855863628861224}}