{"mean":{"confidence_interval":{"confidence_level":0.95,"lower_bound":142.13058315796604,"upper_bound":143.610458947455},"point_estimate":142.83986005383474,"standard_error":0.37854397226750364},"median":{"confidence_interval":{"confidence_level":0.95,"lower_bound":140.41409889770546,"upper_bound":142.00812618238848},"point_estimate":141.06921966676066,"standard_error":0.4369561027259156},"median_abs_dev":{"confidence_interval":{"confidence_level":0.95,"lower_bound":0.7766418474754764,"upper_bound":2.885030872450374},"point_estimate":1.6349431589791446,"standard_error":0.5651063717878844},"slope":{"confidence_interval":{"confidence_level":0.95,"lower_bound":142.416417760571,"upper_bound":144.0943701368225},"point_estimate":143.22862401670108,"standard_error":0.42849907695934686},"std_dev":{"confidence_interval":{"confidence_level":0.95,"lower_bound":3.047471561945274,"upper_bound":4.466842065870505},"point_estimate":3.806827057249137,"standard_error":0.3620310387192201}}