{"mean":{"confidence_interval":{"confidence_level":0.95,"lower_bound":161.07168731738105,"upper_bound":161.23938555190216},"point_estimate":161.15359899807206,"standard_error":0.04287800690845844},"median":{"confidence_interval":{"confidence_level":0.95,"lower_bound":161.00343452333382,"upper_bound":161.20209458353787},"point_estimate":161.08615724738596,"standard_error":0.050134868661766786},"median_abs_dev":{"confidence_interval":{"confidence_level":0.95,"lower_bound":0.2778682174986809,"upper_bound":0.48979467623958245},"point_estimate":0.39102317304954776,"standard_error":0.05578183016322512},"slope":{"confidence_interval":{"confidence_level":0.95,"lower_bound":161.09548632816998,"upper_bound":161.29706832180477},"point_estimate":161.19426808031517,"standard_error":0.05143168856948374},"std_dev":{"confidence_interval":{"confidence_level":0.95,"lower_bound":0.3559422782197382,"upper_bound":0.5013527922811561},"point_estimate":0.43178633933037336,"standard_error":0.03719498625727092}}