{"mean":{"confidence_interval":{"confidence_level":0.95,"lower_bound":1426564.02075,"upper_bound":1428190.9240312502},"point_estimate":1427230.3225,"standard_error":425.16243036214865},"median":{"confidence_interval":{"confidence_level":0.95,"lower_bound":1426060.6875,"upper_bound":1427087.625},"point_estimate":1426420.1875,"standard_error":267.16123730250735},"median_abs_dev":{"confidence_interval":{"confidence_level":0.95,"lower_bound":1388.8255253434181,"upper_bound":2265.5980847775936},"point_estimate":1783.938418328762,"standard_error":228.50462919884444},"slope":null,"std_dev":{"confidence_interval":{"confidence_level":0.95,"lower_bound":1675.8062422113235,"upper_bound":6868.075556952816},"point_estimate":4282.289314833907,"standard_error":1709.2740984268423}}