{"mean":{"confidence_interval":{"confidence_level":0.95,"lower_bound":1690456.3715000001,"upper_bound":1692522.3189583335},"point_estimate":1691295.125,"standard_error":539.2130998841756},"median":{"confidence_interval":{"confidence_level":0.95,"lower_bound":1689553.1666666665,"upper_bound":1690239.3333333333},"point_estimate":1689807.6666666665,"standard_error":216.3044331653435},"median_abs_dev":{"confidence_interval":{"confidence_level":0.95,"lower_bound":700.5284875631332,"upper_bound":1520.15917301201},"point_estimate":1066.8542310594362,"standard_error":229.31049062778754},"slope":null,"std_dev":{"confidence_interval":{"confidence_level":0.95,"lower_bound":1992.999723916052,"upper_bound":8707.408319639087},"point_estimate":5423.184131713856,"standard_error":2172.264985450421}}