{"mean":{"confidence_interval":{"confidence_level":0.95,"lower_bound":1629271.1772857138,"upper_bound":1631235.361678571},"point_estimate":1630098.2257142856,"standard_error":509.09132382869564},"median":{"confidence_interval":{"confidence_level":0.95,"lower_bound":1628456.4285714286,"upper_bound":1628993.0},"point_estimate":1628713.9285714286,"standard_error":170.22388295359906},"median_abs_dev":{"confidence_interval":{"confidence_level":0.95,"lower_bound":899.5145840304732,"upper_bound":1758.9989687716245},"point_estimate":1318.6667765890836,"standard_error":227.29111742404064},"slope":null,"std_dev":{"confidence_interval":{"confidence_level":0.95,"lower_bound":2192.0129602120846,"upper_bound":8010.801094329776},"point_estimate":5113.954956582133,"standard_error":1835.2561383787295}}