{"mean":{"confidence_interval":{"confidence_level":0.95,"lower_bound":1446002.758571428,"upper_bound":1447812.7771785713},"point_estimate":1446733.3085714288,"standard_error":472.93111312967903},"median":{"confidence_interval":{"confidence_level":0.95,"lower_bound":1445323.1428571427,"upper_bound":1445808.9285714286},"point_estimate":1445538.5,"standard_error":115.39673837029261},"median_abs_dev":{"confidence_interval":{"confidence_level":0.95,"lower_bound":581.3909896783946,"upper_bound":1099.241980484307},"point_estimate":822.3134854011653,"standard_error":135.56273294938228},"slope":null,"std_dev":{"confidence_interval":{"confidence_level":0.95,"lower_bound":1708.3241182044148,"upper_bound":7619.813337980353},"point_estimate":4745.176547636728,"standard_error":1893.536593717033}}