{"mean":{"confidence_interval":{"confidence_level":0.95,"lower_bound":1409458.44171875,"upper_bound":1454627.67459375},"point_estimate":1428654.00875,"standard_error":11727.046530843008},"median":{"confidence_interval":{"confidence_level":0.95,"lower_bound":1384776.875,"upper_bound":1419027.125},"point_estimate":1385730.5625,"standard_error":8525.467961956985},"median_abs_dev":{"confidence_interval":{"confidence_level":0.95,"lower_bound":1528.0972603708506,"upper_bound":48733.3646044973},"point_estimate":3101.506482437253,"standard_error":11695.36638618465},"slope":null,"std_dev":{"confidence_interval":{"confidence_level":0.95,"lower_bound":34958.284605696324,"upper_bound":184153.72286654718},"point_estimate":118074.0811289109,"standard_error":40194.44126300088}}