{"mean":{"confidence_interval":{"confidence_level":0.95,"lower_bound":128.08641253477316,"upper_bound":128.40549283631123},"point_estimate":128.21968454643596,"standard_error":0.0826660973131981},"median":{"confidence_interval":{"confidence_level":0.95,"lower_bound":128.0352360084283,"upper_bound":128.08173181460853},"point_estimate":128.05704648962984,"standard_error":0.012324029655921567},"median_abs_dev":{"confidence_interval":{"confidence_level":0.95,"lower_bound":0.07088464070918177,"upper_bound":0.15109538017181542},"point_estimate":0.10483549090896736,"standard_error":0.021102880330424907},"slope":{"confidence_interval":{"confidence_level":0.95,"lower_bound":128.07436414146193,"upper_bound":128.14859113014643},"point_estimate":128.10951513961456,"standard_error":0.019000072198679784},"std_dev":{"confidence_interval":{"confidence_level":0.95,"lower_bound":0.2703845607548215,"upper_bound":1.3098572789596994},"point_estimate":0.8270309381741967,"standard_error":0.29654312201370026}}