{"mean":{"confidence_interval":{"confidence_level":0.95,"lower_bound":1.5550951131826947,"upper_bound":1.5628475756594855},"point_estimate":1.558167672747051,"standard_error":0.002050387836062817},"median":{"confidence_interval":{"confidence_level":0.95,"lower_bound":1.5538104907842292,"upper_bound":1.554828895161616},"point_estimate":1.5543329988868877,"standard_error":0.00026596410912101934},"median_abs_dev":{"confidence_interval":{"confidence_level":0.95,"lower_bound":0.0011953121314051854,"upper_bound":0.002274119177703156},"point_estimate":0.0017129803471002706,"standard_error":0.0002788596282508112},"slope":{"confidence_interval":{"confidence_level":0.95,"lower_bound":1.5555183774828338,"upper_bound":1.5756433636251226},"point_estimate":1.5634741711839109,"standard_error":0.005421167820211018},"std_dev":{"confidence_interval":{"confidence_level":0.95,"lower_bound":0.003025596211259592,"upper_bound":0.033679348608793055},"point_estimate":0.02058824930891665,"standard_error":0.008800185406461856}}