{"mean":{"confidence_interval":{"confidence_level":0.95,"lower_bound":1.5581889366557307,"upper_bound":1.5659006643881423},"point_estimate":1.5615772128705288,"standard_error":0.001987083584936405},"median":{"confidence_interval":{"confidence_level":0.95,"lower_bound":1.5559886792648485,"upper_bound":1.5572840722599275},"point_estimate":1.5564540924389545,"standard_error":0.00030071232569659466},"median_abs_dev":{"confidence_interval":{"confidence_level":0.95,"lower_bound":0.001854189758710762,"upper_bound":0.003279024617357608},"point_estimate":0.002454082569167809,"standard_error":0.0003521878344795603},"slope":{"confidence_interval":{"confidence_level":0.95,"lower_bound":1.5571385228644676,"upper_bound":1.5609956561903218},"point_estimate":1.558860472124031,"standard_error":0.0009919169576684428},"std_dev":{"confidence_interval":{"confidence_level":0.95,"lower_bound":0.008211867150597236,"upper_bound":0.029689857292633376},"point_estimate":0.019888952920012856,"standard_error":0.005634537736481361}}