{"mean":{"confidence_interval":{"confidence_level":0.95,"lower_bound":1.5566080290333866,"upper_bound":1.5596024863660645},"point_estimate":1.5579696306962492,"standard_error":0.0007669990707333215},"median":{"confidence_interval":{"confidence_level":0.95,"lower_bound":1.5550694353449706,"upper_bound":1.5562696605761654},"point_estimate":1.55590666011527,"standard_error":0.0002870511443551251},"median_abs_dev":{"confidence_interval":{"confidence_level":0.95,"lower_bound":0.001726971133901405,"upper_bound":0.0031650039026437492},"point_estimate":0.002563618887325403,"standard_error":0.00037209391819665634},"slope":{"confidence_interval":{"confidence_level":0.95,"lower_bound":1.5565951797131534,"upper_bound":1.5608521061024063},"point_estimate":1.5584945717000738,"standard_error":0.0010951246236810756},"std_dev":{"confidence_interval":{"confidence_level":0.95,"lower_bound":0.00444642758402178,"upper_bound":0.010728930463991121},"point_estimate":0.007704385211956666,"standard_error":0.0016405310190913695}}