{"mean":{"confidence_interval":{"confidence_level":0.95,"lower_bound":1.556160074139067,"upper_bound":1.5612861304813854},"point_estimate":1.558248273250708,"standard_error":0.0013374279430627249},"median":{"confidence_interval":{"confidence_level":0.95,"lower_bound":1.554664658625614,"upper_bound":1.556144878445989},"point_estimate":1.5554032455827773,"standard_error":0.0003383557127736781},"median_abs_dev":{"confidence_interval":{"confidence_level":0.95,"lower_bound":0.0019339160759988144,"upper_bound":0.0031785376540462576},"point_estimate":0.0024680574736346693,"standard_error":0.0003211014658770277},"slope":{"confidence_interval":{"confidence_level":0.95,"lower_bound":1.5565007957134946,"upper_bound":1.5594923426644565},"point_estimate":1.5578962808219599,"standard_error":0.0007635248189967806},"std_dev":{"confidence_interval":{"confidence_level":0.95,"lower_bound":0.004494899326572914,"upper_bound":0.021517986803951613},"point_estimate":0.013409678997277899,"standard_error":0.005247880946234043}}