{"mean":{"confidence_interval":{"confidence_level":0.95,"lower_bound":505.5293575553258,"upper_bound":509.2550366910686},"point_estimate":507.34516314893364,"standard_error":0.9497561652123295},"median":{"confidence_interval":{"confidence_level":0.95,"lower_bound":505.7233220813901,"upper_bound":508.47545582047684},"point_estimate":507.70707362614246,"standard_error":0.6487653331919182},"median_abs_dev":{"confidence_interval":{"confidence_level":0.95,"lower_bound":5.963640417668664,"upper_bound":10.32072029961152},"point_estimate":7.73122053094038,"standard_error":1.1093923162881478},"slope":{"confidence_interval":{"confidence_level":0.95,"lower_bound":503.98550428802423,"upper_bound":508.116015238786},"point_estimate":506.11066338561176,"standard_error":1.0523860218613714},"std_dev":{"confidence_interval":{"confidence_level":0.95,"lower_bound":7.3167020936485585,"upper_bound":11.996666858956727},"point_estimate":9.535815492601769,"standard_error":1.230867482758269}}