{"mean":{"confidence_interval":{"confidence_level":0.95,"lower_bound":666.9016013045459,"upper_bound":679.3969981867822},"point_estimate":671.9601104697668,"standard_error":3.2747092260812103},"median":{"confidence_interval":{"confidence_level":0.95,"lower_bound":664.6465536723164,"upper_bound":664.9377969405623},"point_estimate":664.7316796219211,"standard_error":0.085133757089022},"median_abs_dev":{"confidence_interval":{"confidence_level":0.95,"lower_bound":0.5192049848356869,"upper_bound":1.1308288065209053},"point_estimate":0.6409318298778787,"standard_error":0.16729948790336335},"slope":{"confidence_interval":{"confidence_level":0.95,"lower_bound":666.6988884911616,"upper_bound":671.8749461174748},"point_estimate":669.0166585698793,"standard_error":1.3303368277382623},"std_dev":{"confidence_interval":{"confidence_level":0.95,"lower_bound":7.092522347300357,"upper_bound":53.08430248821239},"point_estimate":32.83221760719096,"standard_error":13.083648199732655}}