{"mean":{"confidence_interval":{"confidence_level":0.95,"lower_bound":594.4558219377095,"upper_bound":595.1603296628883},"point_estimate":594.7732011621155,"standard_error":0.18049525664642319},"median":{"confidence_interval":{"confidence_level":0.95,"lower_bound":594.4168714168715,"upper_bound":594.5918808281966},"point_estimate":594.514192253478,"standard_error":0.04388574971170249},"median_abs_dev":{"confidence_interval":{"confidence_level":0.95,"lower_bound":0.3117077399615413,"upper_bound":0.6947133007054155},"point_estimate":0.404517459955719,"standard_error":0.0929018940961329},"slope":{"confidence_interval":{"confidence_level":0.95,"lower_bound":594.5662850979585,"upper_bound":595.0219717720786},"point_estimate":594.7597103235938,"standard_error":0.11728991140558419},"std_dev":{"confidence_interval":{"confidence_level":0.95,"lower_bound":0.8429973091090643,"upper_bound":2.6838051195356227},"point_estimate":1.8076002825879756,"standard_error":0.48991382469654976}}