{"mean":{"confidence_interval":{"confidence_level":0.95,"lower_bound":1.1843722230071063,"upper_bound":1.186681842936134},"point_estimate":1.1855439691110456,"standard_error":0.0005811610040978008},"median":{"confidence_interval":{"confidence_level":0.95,"lower_bound":1.184410398007501,"upper_bound":1.1850296740898787},"point_estimate":1.184776346596954,"standard_error":0.0001638896009693301},"median_abs_dev":{"confidence_interval":{"confidence_level":0.95,"lower_bound":0.0010547067745682902,"upper_bound":0.0017526956534726335},"point_estimate":0.0015106007976072808,"standard_error":0.00017958131980310604},"slope":{"confidence_interval":{"confidence_level":0.95,"lower_bound":1.1852255873376645,"upper_bound":1.188025585362916},"point_estimate":1.1864145789413925,"standard_error":0.0007243324656975845},"std_dev":{"confidence_interval":{"confidence_level":0.95,"lower_bound":0.0026888210992386404,"upper_bound":0.008458708751288685},"point_estimate":0.005856060340151414,"standard_error":0.0014646335030993709}}