{"mean":{"confidence_interval":{"confidence_level":0.95,"lower_bound":41.56507542302884,"upper_bound":42.07613751877816},"point_estimate":41.80310533970506,"standard_error":0.13038259048768344},"median":{"confidence_interval":{"confidence_level":0.95,"lower_bound":41.059872204472846,"upper_bound":41.59246665652417},"point_estimate":41.20586460247141,"standard_error":0.13511112728606087},"median_abs_dev":{"confidence_interval":{"confidence_level":0.95,"lower_bound":0.08320174125617728,"upper_bound":0.8108623965142071},"point_estimate":0.2947504674792707,"standard_error":0.18141317062078652},"slope":{"confidence_interval":{"confidence_level":0.95,"lower_bound":41.4323705060822,"upper_bound":41.84602988029242},"point_estimate":41.626155067197146,"standard_error":0.10591050701861103},"std_dev":{"confidence_interval":{"confidence_level":0.95,"lower_bound":0.8600130584557584,"upper_bound":1.704716390477589},"point_estimate":1.3109602271839504,"standard_error":0.21555141967190197}}