{"mean":{"confidence_interval":{"confidence_level":0.95,"lower_bound":10005.355423099592,"upper_bound":10030.579492397545},"point_estimate":10016.45360121044,"standard_error":6.478914738328833},"median":{"confidence_interval":{"confidence_level":0.95,"lower_bound":9997.513636363636,"upper_bound":10010.306790123457},"point_estimate":10002.325260416666,"standard_error":2.6276809459724184},"median_abs_dev":{"confidence_interval":{"confidence_level":0.95,"lower_bound":18.18843978578644,"upper_bound":29.100721250186368},"point_estimate":21.90624529764001,"standard_error":2.9859376989085855},"slope":{"confidence_interval":{"confidence_level":0.95,"lower_bound":10000.848986713565,"upper_bound":10032.416900044083},"point_estimate":10013.782694694843,"standard_error":8.23542179654029},"std_dev":{"confidence_interval":{"confidence_level":0.95,"lower_bound":30.45656923622259,"upper_bound":97.36278619337165},"point_estimate":65.12093074219034,"standard_error":17.999306644245774}}