{"mean":{"confidence_interval":{"confidence_level":0.95,"lower_bound":11785.459292295873,"upper_bound":11865.742814707919},"point_estimate":11819.950969052134,"standard_error":20.701473166588546},"median":{"confidence_interval":{"confidence_level":0.95,"lower_bound":11766.861040068201,"upper_bound":11780.026734507435},"point_estimate":11773.47721735013,"standard_error":3.185883847877361},"median_abs_dev":{"confidence_interval":{"confidence_level":0.95,"lower_bound":14.275094124713434,"upper_bound":30.224123015450996},"point_estimate":19.303109059070138,"standard_error":3.982049320587037},"slope":{"confidence_interval":{"confidence_level":0.95,"lower_bound":11788.102602320585,"upper_bound":11899.668191108327},"point_estimate":11828.985130260173,"standard_error":30.876386057705027},"std_dev":{"confidence_interval":{"confidence_level":0.95,"lower_bound":48.53745786195805,"upper_bound":314.61968414150647},"point_estimate":207.8639353995059,"standard_error":66.21744351093734}}