{"mean":{"confidence_interval":{"confidence_level":0.95,"lower_bound":7893.337721098515,"upper_bound":7941.320820403731},"point_estimate":7913.750963983954,"standard_error":12.365719361447844},"median":{"confidence_interval":{"confidence_level":0.95,"lower_bound":7886.927108108108,"upper_bound":7895.553921444409},"point_estimate":7890.939143686503,"standard_error":2.4476911271637705},"median_abs_dev":{"confidence_interval":{"confidence_level":0.95,"lower_bound":14.02010666381707,"upper_bound":24.626931742799755},"point_estimate":19.322086362695895,"standard_error":2.5811370567011935},"slope":{"confidence_interval":{"confidence_level":0.95,"lower_bound":7897.2673346232405,"upper_bound":7915.654160337378},"point_estimate":7904.973169085267,"standard_error":4.7325830145927315},"std_dev":{"confidence_interval":{"confidence_level":0.95,"lower_bound":22.456388346053032,"upper_bound":188.9854499282676},"point_estimate":124.29512055987445,"standard_error":41.923088476614126}}