{"mean":{"confidence_interval":{"confidence_level":0.95,"lower_bound":10295.685498018223,"upper_bound":10318.696940177886},"point_estimate":10305.318452913556,"standard_error":5.962652892029095},"median":{"confidence_interval":{"confidence_level":0.95,"lower_bound":10294.656818181818,"upper_bound":10306.080833333333},"point_estimate":10299.272748655912,"standard_error":2.974285289166407},"median_abs_dev":{"confidence_interval":{"confidence_level":0.95,"lower_bound":18.684977072586385,"upper_bound":31.969201587083386},"point_estimate":24.805784751917383,"standard_error":3.396795563611005},"slope":{"confidence_interval":{"confidence_level":0.95,"lower_bound":10300.044896189003,"upper_bound":10333.74192784623},"point_estimate":10313.087743904242,"standard_error":9.021855223657491},"std_dev":{"confidence_interval":{"confidence_level":0.95,"lower_bound":24.94077216485947,"upper_bound":95.28716146223636},"point_estimate":59.85732748414205,"standard_error":22.47488567101261}}