{"mean":{"confidence_interval":{"confidence_level":0.95,"lower_bound":9165.2831695133,"upper_bound":9214.78287312819},"point_estimate":9184.81309635379,"standard_error":13.124619463690076},"median":{"confidence_interval":{"confidence_level":0.95,"lower_bound":9158.811584068106,"upper_bound":9164.141171328672},"point_estimate":9161.17345866768,"standard_error":1.696222351907054},"median_abs_dev":{"confidence_interval":{"confidence_level":0.95,"lower_bound":7.9263144564336425,"upper_bound":15.283345960917325},"point_estimate":11.493394543427138,"standard_error":1.8307295766319363},"slope":{"confidence_interval":{"confidence_level":0.95,"lower_bound":9162.984031456628,"upper_bound":9195.47926955165},"point_estimate":9174.952676357188,"standard_error":8.773539037062687},"std_dev":{"confidence_interval":{"confidence_level":0.95,"lower_bound":23.519368463383003,"upper_bound":218.31017702756282},"point_estimate":132.82948984090044,"standard_error":57.846305583273825}}