{"mean":{"confidence_interval":{"confidence_level":0.95,"lower_bound":13462.391440958283,"upper_bound":13516.5391138212},"point_estimate":13486.003303048248,"standard_error":13.948103935509248},"median":{"confidence_interval":{"confidence_level":0.95,"lower_bound":13444.960141960142,"upper_bound":13476.39238095238},"point_estimate":13460.893483516484,"standard_error":7.909379030207707},"median_abs_dev":{"confidence_interval":{"confidence_level":0.95,"lower_bound":41.376011765426895,"upper_bound":65.46711845014369},"point_estimate":53.512328049966406,"standard_error":6.0683227643090465},"slope":{"confidence_interval":{"confidence_level":0.95,"lower_bound":13450.269248976849,"upper_bound":13487.097007649154},"point_estimate":13466.438722821536,"standard_error":9.416566753197321},"std_dev":{"confidence_interval":{"confidence_level":0.95,"lower_bound":51.10577290078023,"upper_bound":208.1157458454277},"point_estimate":140.1876877632959,"standard_error":41.9694802025744}}