{"mean":{"confidence_interval":{"confidence_level":0.95,"lower_bound":194.68693847319665,"upper_bound":195.49339844581},"point_estimate":195.00308745079718,"standard_error":0.21390763932564308},"median":{"confidence_interval":{"confidence_level":0.95,"lower_bound":194.6718009168304,"upper_bound":194.73011306683773},"point_estimate":194.70257332079058,"standard_error":0.014194469699299614},"median_abs_dev":{"confidence_interval":{"confidence_level":0.95,"lower_bound":0.1029380562288987,"upper_bound":0.20341556253235968},"point_estimate":0.1470809392852438,"standard_error":0.02665856494741847},"slope":{"confidence_interval":{"confidence_level":0.95,"lower_bound":194.687544298701,"upper_bound":195.08524670382548},"point_estimate":194.82553024718652,"standard_error":0.1101796850451459},"std_dev":{"confidence_interval":{"confidence_level":0.95,"lower_bound":0.3246390436361108,"upper_bound":3.5433204507928697},"point_estimate":2.1517204890410557,"standard_error":0.9409447727349336}}