{"mean":{"confidence_interval":{"confidence_level":0.95,"lower_bound":264.97673395877047,"upper_bound":265.7955600274593},"point_estimate":265.37800793173045,"standard_error":0.20905355527447},"median":{"confidence_interval":{"confidence_level":0.95,"lower_bound":264.89839142091154,"upper_bound":265.5937415828824},"point_estimate":265.2514137478156,"standard_error":0.16129209718276474},"median_abs_dev":{"confidence_interval":{"confidence_level":0.95,"lower_bound":1.0771474043068283,"upper_bound":1.9614239278110353},"point_estimate":1.523189771721689,"standard_error":0.2314794635668436},"slope":{"confidence_interval":{"confidence_level":0.95,"lower_bound":265.18577358374574,"upper_bound":266.02995182897143},"point_estimate":265.60181104405507,"standard_error":0.21554640193353597},"std_dev":{"confidence_interval":{"confidence_level":0.95,"lower_bound":1.6539663725573526,"upper_bound":2.5448080720508406},"point_estimate":2.106748657813266,"standard_error":0.22880145613146158}}