{"mean":{"confidence_interval":{"confidence_level":0.95,"lower_bound":1.3545170157102562,"upper_bound":1.3616435218963883},"point_estimate":1.3575604606292844,"standard_error":0.0018492108671700046},"median":{"confidence_interval":{"confidence_level":0.95,"lower_bound":1.352854501322791,"upper_bound":1.3540632775428625},"point_estimate":1.353347918282793,"standard_error":0.00029281384803411543},"median_abs_dev":{"confidence_interval":{"confidence_level":0.95,"lower_bound":0.0014160667023485308,"upper_bound":0.002602907728854099},"point_estimate":0.0018974656380506257,"standard_error":0.00029330313074361935},"slope":{"confidence_interval":{"confidence_level":0.95,"lower_bound":1.3554990854484377,"upper_bound":1.3641812147637356},"point_estimate":1.3593145889621872,"standard_error":0.002235393017126179},"std_dev":{"confidence_interval":{"confidence_level":0.95,"lower_bound":0.005021636116277751,"upper_bound":0.028039831144487045},"point_estimate":0.01854696772661112,"standard_error":0.006186276715763959}}