{"mean":{"confidence_interval":{"confidence_level":0.95,"lower_bound":2092.0964269037686,"upper_bound":2112.052492587946},"point_estimate":2099.6292682187077,"standard_error":5.379195885733796},"median":{"confidence_interval":{"confidence_level":0.95,"lower_bound":2090.254331306991,"upper_bound":2093.932818578445},"point_estimate":2091.1773185558604,"standard_error":1.1160965416896855},"median_abs_dev":{"confidence_interval":{"confidence_level":0.95,"lower_bound":7.237841629210486,"upper_bound":11.446659293254147},"point_estimate":9.426399057589157,"standard_error":1.0645787220791827},"slope":{"confidence_interval":{"confidence_level":0.95,"lower_bound":2091.694399369109,"upper_bound":2095.920426328377},"point_estimate":2093.720835814607,"standard_error":1.0787813347746418},"std_dev":{"confidence_interval":{"confidence_level":0.95,"lower_bound":8.557058512802382,"upper_bound":90.49535310079207},"point_estimate":54.16693905823376,"standard_error":25.865748498339443}}