{"mean":{"confidence_interval":{"confidence_level":0.95,"lower_bound":3501.8858032198145,"upper_bound":3508.572388191123},"point_estimate":3504.840448269974,"standard_error":1.7168952356700957},"median":{"confidence_interval":{"confidence_level":0.95,"lower_bound":3501.5393322014716,"upper_bound":3505.1491228070176},"point_estimate":3503.1031273836766,"standard_error":1.0379222835704178},"median_abs_dev":{"confidence_interval":{"confidence_level":0.95,"lower_bound":8.091817824177673,"upper_bound":12.6009686194272},"point_estimate":9.987682098530922,"standard_error":1.127192165432673},"slope":{"confidence_interval":{"confidence_level":0.95,"lower_bound":3502.2564819560916,"upper_bound":3507.0915823896944},"point_estimate":3504.6609848101857,"standard_error":1.2348338836708148},"std_dev":{"confidence_interval":{"confidence_level":0.95,"lower_bound":9.187357475390428,"upper_bound":25.739670385076728},"point_estimate":17.23606313936475,"standard_error":4.902957341578492}}