{"mean":{"confidence_interval":{"confidence_level":0.95,"lower_bound":2199.7764353911944,"upper_bound":2247.1016857028085},"point_estimate":2220.533079876522,"standard_error":12.166070514311663},"median":{"confidence_interval":{"confidence_level":0.95,"lower_bound":2187.284188034188,"upper_bound":2194.0934550989346},"point_estimate":2189.977699468085,"standard_error":1.9634591306426867},"median_abs_dev":{"confidence_interval":{"confidence_level":0.95,"lower_bound":9.249214727048143,"upper_bound":16.015681141651182},"point_estimate":12.761583922198453,"standard_error":1.7938181891238427},"slope":{"confidence_interval":{"confidence_level":0.95,"lower_bound":2187.4250931858724,"upper_bound":2195.16884678327},"point_estimate":2190.6884348225867,"standard_error":1.9985080886644175},"std_dev":{"confidence_interval":{"confidence_level":0.95,"lower_bound":36.699698456288516,"upper_bound":177.17832422373056},"point_estimate":122.27314613460172,"standard_error":33.59522828032695}}