{"mean":{"confidence_interval":{"confidence_level":0.95,"lower_bound":3298704.345125,"upper_bound":3304838.0120625},"point_estimate":3301398.1775,"standard_error":1583.8060524487214},"median":{"confidence_interval":{"confidence_level":0.95,"lower_bound":3297506.75,"upper_bound":3298776.75},"point_estimate":3298113.0,"standard_error":384.43702142395057},"median_abs_dev":{"confidence_interval":{"confidence_level":0.95,"lower_bound":1698.874244838953,"upper_bound":3893.492855876684},"point_estimate":2747.9990512132645,"standard_error":595.419127076992},"slope":null,"std_dev":{"confidence_interval":{"confidence_level":0.95,"lower_bound":6217.787319140052,"upper_bound":24363.69871000248},"point_estimate":15971.429779686077,"standard_error":4865.648680570596}}