{"mean":{"confidence_interval":{"confidence_level":0.95,"lower_bound":2851527.3162499997,"upper_bound":2855624.1610000003},"point_estimate":2853581.0025,"standard_error":1027.9228584207028},"median":{"confidence_interval":{"confidence_level":0.95,"lower_bound":2852035.25,"upper_bound":2853282.75},"point_estimate":2852620.25,"standard_error":332.2841654760343},"median_abs_dev":{"confidence_interval":{"confidence_level":0.95,"lower_bound":1910.3300660848618,"upper_bound":3627.922135591507},"point_estimate":2645.699653029442,"standard_error":452.47047699067815},"slope":null,"std_dev":{"confidence_interval":{"confidence_level":0.95,"lower_bound":3474.746997955491,"upper_bound":15717.227981553207},"point_estimate":10347.316300829547,"standard_error":3322.0407937744676}}